reviewId,userName,content,score,at
6b7d5c79-2aa8-4a18-80bc-62ba876bce7b,Alejandro J (Gas Natural Mantto.),"No se que le hicieron, le pusieron en toda la madre, no puedo hacer cita, ya intente mas de 15 dias sin éxito, esto es lo que pasa con el gobierno de 4a",1,2026-05-30 07:47:18
d0dbc38b-a752-4b37-9891-c92cf986bc5e,Concepcion Pérez,fala demasiado,1,2026-05-30 04:46:53
b90bad89-119f-45fe-a268-ff201731f994,ANA LILIA DELGADO,no se,1,2026-05-29 19:06:59
2a48ea05-9146-43ad-a114-0e25cfcfbbd3,Alberto Olvera,"tiene meses fallando la app, no me permite consultar mis semanas cotizadas, indica error, ni la pagina del imss y llave. gob en ningún lado puedo consultar mis semanas cotizadas. ayuda",1,2026-05-29 10:04:29
0de908cd-89fa-43ae-bdb4-7749c110f826,Luis alberto Piña carrillo,"Mi experiencia en cuestión de la app , pésima no me funciona tal cual y con muchos errores quisiera si por favor la mejoran",1,2026-05-29 08:26:34
8584cee7-b36e-4ef1-8e55-669e81066f01,Joany G O,"No está funcionado y ocupo sacar cita, cerré sesión ahora no me deja ni ingresar, tengo dos celulares y es lo mismo en los dos. Arreglen ese detalle",1,2026-05-28 05:06:36
4b04c013-568a-425a-9d7c-c62b18d44e6d,Nohemi Morales Martínez,antes funcionaba muy bien sacaba cita y no batallaba tiene como 15 días qué no funciona para nada abro la aplicación pero no me da la opción de sacar cita ni checar nada,1,2026-05-28 00:56:00
e2eaf2bc-0949-4495-9268-b51193d332a1,Israel Pedroza,no me carga la app 👎🏼,1,2026-05-28 00:19:49
f8ca7e40-e274-4051-8b5b-dbb1a29adc27,Armando Iglesias,nomás no deja apartar cita mugrero de aplicación vdd de dios,1,2026-05-27 21:38:50
4e4f6299-a9b4-42c6-952b-84e5d48277b5,Roo YVa,"Desde que incluyeron datos biométricos la app ya no funciona correctamente, no permite agendar citas con médico familiar. Necesitan corregirla o revisar los servidores para ser compatibles. mientras en basura ocupando valioso espacio en celular.",1,2026-05-27 15:59:01
7f633970-54ab-4c3a-a9bc-dfcfa7cf3387,Samanta Aguilar Gaitán,"Pésima, no puedo ingresar para agendar una cita. Espero solucionen el problema pronto. Tengo más de dos semanas intentando tramitar una cita y no me permite. Ojalá tengan una solución pronta, se pasa el tiempo y no se puede acceder",1,2026-05-27 15:18:34
b616136a-8051-4307-bc5c-599a0531085f,Cesar Carmona Rodriguez,no funciona nada que pasa,1,2026-05-27 13:35:13
5b5343d0-e273-4755-b38b-ba26aabcd42c,Monica García,"difícil hacer cita, nunca hay",1,2026-05-27 12:10:32
5eb1026b-80fc-48cd-82c3-f6785406d4c7,Olivia Torres,Esta aplicación fue buena al principio.,1,2026-05-27 10:14:31
c77a15cc-905a-4424-9b40-d3206dd59a4b,Kalixto Cruz,"Actualización 26 de mayo 2026. Desde ayer está fallando y no me deja sacar cita, dice que ha expirado la petición",1,2026-05-26 18:18:23
c9a41ed0-ce17-4a4f-8065-78c8324203cd,Andrea Monserrath Guadalupe Martinez,se tiene que instalar y desinstalar para poder sacar tu vigencia de derechos varias veces,1,2026-05-25 22:10:31
c513edb9-8791-4e9f-95a2-9026385fa4ca,Jramon Garcia,pésima,1,2026-05-25 19:40:26
19043e27-ccde-41cd-a9f3-de02184f87b3,Reyna Flores Arenas,es lenta para abrir,1,2026-05-25 12:56:44
22764f21-d799-4597-adca-e2b31586bc98,Adrian Chapa,"no funciona para sacar citas, solo consultar información",1,2026-05-23 12:17:15
60243f9e-91fb-42bc-ae4b-c858c1931476,Bary San Juan,Una vez que elijo el horario de mi cita aparece un mensaje que no tiene permiso al calendario y no me permite salir de la aplicación hasta reiniciar el teléfono. En la parte superior aparece la leyenda que la cita fue agendada sin embargo no llega el correo de confirmación.,1,2026-05-23 10:32:14
f418a9cc-137d-494f-b8d0-a4575c7ae6ca,Jose Hernandez,no me llegan los correos,1,2026-05-23 10:09:34
f87ca3c3-34e2-4c80-bac0-fbba5ef00a65,Ana laura Montes de oca,está teniendo fallas con mi correo,1,2026-05-23 09:47:06
59a15b7e-4804-4b6d-83ec-4215348ad9e8,Cristian Prado,nunca llega el correo de verificación,1,2026-05-23 07:54:23
ae79c5d8-d52d-4806-97a8-0cec7dbc516f,Eriz Cervantes,Que mal que hayan quitado la opción de ver nuestros tarjetones 😑,1,2026-05-22 21:00:34
41824f2c-bd65-4e54-89f6-0347112ee07a,Jorge Sanchez Mendoza,ni iniciar sesión puedo,1,2026-05-22 15:39:04
3b9f9e74-379d-48c0-8431-c395506a68cd,Fernanda Diaz,No sirve,1,2026-05-22 15:14:28
96053491-3456-4408-afbd-05b23ed5ef9d,David Ernesto,"FATAL. No permite sacar el historial de semanas cotizadas, no permite la verificación de correo electrónico, no permite la generación de la credencial virtual.",1,2026-05-22 15:02:52
34272faa-9194-4fda-8bfb-305f7e05dcd0,Reyna Sanchez S.,"Antes funcionaba bien, podía encontrar horarios para sacar citas, pero cada día que espero que halla un nuevo día habilitado dice que no hay citas, y solo habilitan 1 día me tengo que esperar a media noche",1,2026-05-22 09:57:01
13ea8c07-d9a8-4ce9-9358-95b75cb360f4,Zaira Hernández,"No permite ver las semanas cotizadas, dice que tiene que verificarse el correo electrónico sin embargo nunca envía el código para ello.",1,2026-05-22 06:19:55
03fb1120-b05d-4ec6-aac2-681f47db184e,BrandonTM From,"ni sirve, la aplicación todo el tiempo sale que está tardando la aplicación y que lo intente más tarde.",1,2026-05-22 06:16:54
d8a39248-6047-4535-8929-7b5e23d680b8,ana Martinez,El sistema tarda mucho en verificar los datos no he podido consultar nada,1,2026-05-21 12:55:36
8dc823a1-4456-4815-aed8-0f0bca910195,Saul Garcia,"muy mala, pésimo servicio, todo falla nada carga",1,2026-05-21 07:29:22
e5fc1702-9789-4ee5-9180-cca9885c2121,jose canchola,"no sirve no da la vigencia de derechos actualizada,la da incorrecta",1,2026-05-21 07:02:01
0bc7747f-4d41-4e45-9d07-0782caa96e4c,Alexander Contreras,ya no funciona:(,1,2026-05-20 21:34:31
4facc0d4-7a32-48e8-8eb6-6f5f2a70b389,Juan Gallardo Hernández,"resulta que para registrar un correo, está cosa solo acepta dominios de Yahoo y Gmail, si usas otro correo nunca llega la información, vaya basura de aplicación, no esperaba menos de este narco gobierno 😡",1,2026-05-20 10:17:23
0cf6ad63-0d70-4287-b4e3-efc5edf59ab4,ALFYL SH,tiene casi un mes sin funcionar no aparta consultas varias veces se pone en ese estado pésima aplicación,1,2026-05-20 09:04:55
38cec0b6-8f77-41b9-9d58-a65be5c6a3d0,Arony Alvarado,"En esta app no se pueden sacar tus semanas cotizadas, siempre dice que lo intente más tarde . es muy mala",1,2026-05-19 18:12:16
f8ddef14-981c-4b4c-8fe0-e2da6c31dc33,Marlon Ferre,al descargar la constancia de no afiliado se cierra la aplicación,1,2026-05-19 15:12:15
8893df9f-e828-453e-af7e-254a01010029,Josue Fernández,quitaron la opción del tarjeton,1,2026-05-19 14:31:00
2f161424-4e83-4a89-b2c8-2250a6348403,Carola Castillo,ni siquiera me dejo entrar bien a la página nomas me ponía inicializacion y alli se quedaba muy mala app,1,2026-05-19 11:27:13
1583db5d-2c73-4e2c-afff-a393094485ea,ᴇʀɪᴄᴋ,"nunca me envían en mi correo mi vigencia de derechos, eso es un gran problema para mí ya que necesito hacer cosas con ese papel, no me gusta el límite de intentos al día",1,2026-05-19 10:12:00
0166e29a-fe51-4c6f-b5d6-caa54d9f5e40,El Sabor Secreto,"siempre fallaaaaa, no se puede checar nada",1,2026-05-19 09:26:30
6094d342-0f72-4316-b496-648a78b7f4bc,Simple Introspección,"ya van varias veces que su app no sirve, no sé si se les cae el sistema o que, pero es seguido, tengo que sacar la vigencia seguido por el tratamiento de mi hija y tengo que ir a oficinas corriendo, con el riesgo de que mi hija no llegue a su internamiento (son 2 horas de traslado) para que reciba su quimio porque tengo que ir a las oficinas porque su app no me genera la vigencia y solo permite 2 paupérrimos intentos.",1,2026-05-19 01:09:27
aae87011-8086-47ed-8485-819d02a07b82,jesus gutierrez,"Es una app basura, se traba demasiado, no te deja generar una cita, la desintale, volví a instalar y sigue igual. Inicie sesión (varias veces) y no aparece nada, ni beneficiario ni titular para agendar. Lo intente con wifi o solo con datos y ni asi, no deja hacer nada. No sirve la app.",1,2026-05-18 19:37:59
b4815cd2-28cd-442d-85ca-7f19530ffc6a,Fernanda Huerta,la vigencia no llega nunca al correo,1,2026-05-18 19:02:10
8bf178e7-d722-4730-973e-fd9f8c0511b4,mark mark,"esta aplicación es una jalada , NO SIRVE. SI PUDIERA darle menos de 1 estrella o - estrellas señas pondría. para lo que se ocupa , como descargar mi detalle de semanas no sirve., no llegan",1,2026-05-18 15:54:30
3ab6c8e3-5636-4f0e-8b71-4cfc705c71fa,Wendolyne Pérez,pésima app falla mucho cada cierto tiempo,1,2026-05-18 15:09:45
9c4283d6-001a-4d17-ba50-90a737ae7f25,David Cortes Ayala,pesima,1,2026-05-18 15:08:58
8c9b05e6-9166-4eed-8227-80a9d57195ad,cachorro david martin,es igual que los doctores y las enfermeras del imss no quieren hacer su trabajo cuando le da la gana abre,1,2026-05-18 14:57:12
920433cb-218c-4cb9-893e-a40b20ece533,Amet sahy Rivera Villarreal,"pésima aplicación, ni siquiera abre",1,2026-05-18 14:46:33
cd3318cf-1800-4c3d-bfc5-6283e4898835,Diego Garcia Jacinto,"error al entrar a la app, recientemente la descargue para realizar un trámite, Pero resultó que cuando quería darle permisos solo aceptaba uno, y el de ubicación me mandaba a error y tenía que ponerlo manualmente, al hacerlo solo quedaba en ""inicializando"", si van hacer mantenimiento procuren ponerlo en la aplicación, no en sus redes sociales, que mucha gente mayor o incluso gente joven desconoce, gracias.",1,2026-05-18 14:32:45
c059e561-3563-4028-bf4a-90090461b0ee,El Pinche,"hicieron está app tal cual te atienden en el IMSS, PESIMA!!!!!",1,2026-05-18 14:31:24
d6fff546-5b17-44f5-ab59-c846163778e3,Angel de la Garza,"No funciona, se queda ""inicializando""",1,2026-05-18 14:18:16
a5ba8248-21cd-4b67-848f-20a948c0caee,abimael bejarano,ni siquiera abre,1,2026-05-18 14:09:27
eec86d83-ed35-4aa3-a71d-2ffbe073df17,Daniela Hernandez,pésima,1,2026-05-18 14:02:20
fcf074f3-621c-4fc4-a552-b61aabcbf7d5,Norma Meraz,siempre falla,1,2026-05-18 13:21:38
39b39a0d-f74d-4ee2-817b-b10b58f61f8f,Robin ABJ,"porquería de aplicación, no sirve para nada",1,2026-05-18 10:28:58
75f52035-6392-479d-ad3f-3bd7a7b033b9,Matere Tl,Tiene desde principios del mes que no permite agendar citas.,1,2026-05-18 09:10:47
18f10845-32c1-4899-bb60-210c913ee827,Fabián Drn Fsk,"una porquería la app igual que todas las de gobierno, todo falla nunca puedes checar todo siempre manda errores",1,2026-05-18 06:52:08
e89044e5-6737-4ae2-bdbd-07de440f85f5,Andres Morales,"No sirve de nada esta madre, nunca hay sistema o siempre está fallando.",1,2026-05-17 16:03:15
c27f1e85-f76d-4519-b379-5a16fe2f6887,carlos sanchez,ni funciona y así quieren poner todo digital nmss,1,2026-05-17 09:47:44
b31cde3d-b02c-4fa5-ab40-1e3e3cd40225,Angel Hernandez,"Tengo desde incio del mes tratando de sacar cita y no se puede, dice que tiene problemas con el servidor",1,2026-05-17 00:15:51
88b2992c-6b7a-49b6-ba19-82f39c3fd09d,Nehemia Ballina Alonso,"de plano no sirve está aplicación,no te acceso a los servicios que uno quiera tramitar",1,2026-05-16 12:34:07
ff0765ee-aff6-49a5-88c4-93bec6604b0e,Lety Rivera,mala conexión,1,2026-05-15 20:49:49
90194094-7f03-4667-aedb-28e6c4481e67,claudia Mares,"pésima, nunca deja agendar cita, pésimo servidor saturado o sin mantenimiento",1,2026-05-15 20:30:06
3270d1a0-8690-468e-aa5d-d345b01f932f,Roberto Vargas Chavez,pésima nunca funciona,1,2026-05-15 10:15:54
e95a7132-6d71-4a12-b4f8-13c4e3ff6c72,Tere T,no permite agendar cita con medico familiar,1,2026-05-15 02:33:52
313a087c-caa8-4f2b-beb7-562d227021fa,Luis Alberto Duran Hernández,me podrían apoyar ya que ni siquiera me deja realizar nada me saca de la app,1,2026-05-14 21:49:33
4649bdeb-1423-49ed-afa3-4efc351d6326,ING. CARLOS TENCHIPE SOLIS,Ya no se puede agendar cita no aparece ni el titular ni los beneficiarios...,1,2026-05-14 20:02:15
e6d7c6e6-db4b-4eb1-987a-39324b2b2af1,AXX manzin,falla mucho interfaz muy basica y mala,1,2026-05-14 17:21:26
d625660e-e05b-4661-aa3e-ce8218846d11,Miguel Gonzáles Márquez,mala,1,2026-05-14 12:52:25
54115e25-b449-4017-9de8-25f80d725494,Ariadna Gama,"he intentado por dias sacar una cita y no se puede, solo sale el mensaje que el servidor tarda y que siga intentando mas tarde, no sirve la aplicación para citas, no se para que ponen ese servicio si no lo van a dar",1,2026-05-14 09:57:27
c250a935-ca03-4740-81be-9a42ff6a37fd,candelario alcudia,"no me deja checar nada ni hacer nada, ni consultas ni citas, de un día para otro ya no me da acceso a nada, y tengo seguro activo,",1,2026-05-13 23:27:42
eb001484-80f1-40aa-be67-70e864454ff6,Tomas Carrasco Jimenez,la aplicación no sirve no puedo agendar una cita médica nunca,1,2026-05-13 18:05:42
a47e63a6-3246-4c3d-9dac-546a68b2049a,Carlos Bolaños Virniez,no permite tramitar la cédula digital,1,2026-05-13 13:17:14
e002a381-66f1-4fa3-9734-9cde701c9f6d,Vanessa Valencia,sol funciona para cambiar la clinica,1,2026-05-12 22:11:00
6e4e05a0-b68e-4eac-8891-aff0a4275d45,Leo Ivan,"tengo problemas con la app, tengo problemas con mis reportes y solo el IMSS da vueltas y vueltas y no me soluciona nada",1,2026-05-12 15:27:01
e38a0f17-6dc6-46f8-8384-57f1fee3ca13,patito Torres Bonilla,no sé puede entrar a la sección de pensionados para hacer lo de los datos biométricos,1,2026-05-12 15:23:39
ce3eaa0c-2b4a-4391-bc4d-0b31eff656df,Shinobu Akaashi,"Esta horrible, solo sirve para sacar citas y ahorrarte algunos trámites, pero muy básicos. No función lo d elas Cédula Digital de Salud, no te orienta para otro tipo de tramites esta extremadamente muy simple.",1,2026-05-12 13:54:02
d8fac8ad-8846-4830-aaf9-0fd2368f3a58,Colin Morrison,estoy en México porque sale todo en inglés 😡,1,2026-05-12 13:24:46
441b03ca-661d-47ed-974d-110a0f5a49ae,Servicios Integrales Instrumentacion y Control,"Decepcionante, no es una aplicación amigable , horarios de servicio muy restringidos, trámites sencillos por ejemplo comsultar NSS los convierten en algo muy bueocratico",1,2026-05-12 02:42:44
40a1e349-368f-470b-bb6e-4280ea62f687,Victor Roman Gonzalez Cardenas,no puedo ver mis beneficiarios por su CURP y sacar citas para ellos,1,2026-05-11 22:00:16
a08a0cf0-e506-44b4-98af-44b3fa51013a,Marisol Cervantes,no me deja entrar a consultar resultados laboratoriales,1,2026-05-11 09:46:49
4b9de1c3-641b-449e-a039-9489a1050636,Samuel Rodriguez,basura de aplicación,1,2026-05-11 08:42:30
fdc97e50-8e8e-46dc-ad5b-3e111c572dc7,Benny Rubio,mejor nada,1,2026-05-11 07:56:46
7e41ea30-5818-4057-8ffe-603efbeebaf4,Jesusdejose Trujillo,la aplicación no funciona dice los servidores están caidos,1,2026-05-10 20:27:54
50f7d584-d377-4a9c-b192-6e29ec63a09a,Leobardo Chavez,mucho muy mala,1,2026-05-09 17:35:44
0d6d6dc5-9bb5-4f2d-9075-4098d4718a67,Maria Mendoza,"No me deja separar 2 citas en el mismo día, como le hago para separarlas",1,2026-05-09 16:39:58
e90339c4-5294-4035-8629-703067440811,Margarita Rodriguez,"No abre, no sirve",1,2026-05-09 16:30:24
9d72339d-dea2-4577-965d-41dde0280ee8,Jose Luis Cervantes,"No sirve, no abre",1,2026-05-09 16:25:06
3b7a7853-0272-4f15-a38b-415cbaac2ac1,Abraham Cosme,"pésima app no abre, solo dice ""inicializa do""",1,2026-05-09 13:34:59
cd284b0e-62dd-4fa6-b4fb-7e92bb5fef6d,Estrella Luna,"Muy mala la aplicación y el servicio, no ayuda en nada, por si fuese poco llevo casi 3 horas intentando abrir, y solo dice inicializando... ya eliminé, actualicé, descargué, y sigo sin poder ingresar...",1,2026-05-09 13:08:16
3e24bdef-1cab-4854-82cf-0f5a5f015893,Magy Moreno,ya no funciona no se puede checar vigencia te dice que el servidor está tardando y que intentes más tarde y no más no se puede,1,2026-05-09 13:08:08
d0527645-5909-4bb6-bf70-0acf5c03d774,Jorge RodriguezB,no funciona se queda lagueada,1,2026-05-09 12:58:57
2f4f8f3a-6e38-47b9-a438-592364159702,antonio Cruz De Dios,mala,1,2026-05-09 12:52:32
8fae7672-3c67-49fe-b217-e74481a958a5,Josué Alejandro Nápoles Olvera,Intento ingresar y se queda inicializando,1,2026-05-09 12:43:01
f03ddecd-80cc-472a-a7c1-965cbaa971b7,Luis Carlos Gordillo,esta bien chafa ahora no me permite entrar ya quite ya la instale y nada antes funcionaba a la perfección,1,2026-05-09 12:11:20
ffa2701d-9ab8-4534-84fd-ff567c30c44f,Noodstrader,"inicializando como media hora y no ingresa a la aplicación solo se queda así, una basura de app como todo en mexico",1,2026-05-09 11:59:53
dae4098e-bd48-4183-863e-9a09091e447c,JORGE NUNCIO,es la primera vez que la quiero usar y se queda inicializando y no hace nada. no le metido ningún dato,1,2026-05-09 11:34:47
41038cdf-305c-4877-a3fa-4e6795e34da2,Leobardo Lopez,No esta disponible informacion de semanas cotizadas,1,2026-05-09 01:24:52
d64f65fb-0553-47e6-9b6b-bf8c02521aa4,Elfego Herrera Yepez,No sirve para sacar citas.,1,2026-05-07 18:18:20
35d6a973-5b5e-4f7c-9b45-560395927616,Olivia Itzel,"La app indica que no puedo agendar cita porque no tengo vigentes mis derechos, sin embargo emito mi vigencia y sigo activa :/",1,2026-05-07 04:20:21
90d96582-ad4f-4649-ad5d-e018ef9c273d,Pedro Martinez,no sirve nunca hay citas,1,2026-05-07 01:03:14
969a1bfc-a94d-40ac-b05d-3969b4ef7db7,VSH,pésima,1,2026-05-06 22:25:57
f00fc4c3-f65e-4549-a9ae-58117ed3df08,0190 Adriana Martinez fajardo,no me deja habrir,1,2026-05-06 13:58:17
456a560b-fd6a-40ff-b171-3dc1930ac1d7,Brandon Betancourt,Nunca tiene citas disponible,1,2026-05-06 09:34:44
aa9fff97-4d51-4a8e-b35f-077272eb5eb3,Maria Elena Gonzalez,ME ES ESTRAÑO QUE YA NO APARECEN MIS SEMANAS COTIZADAS??????,1,2026-05-05 20:26:31
7cf658d4-7e7b-425b-9fe7-2616769c6dbd,Israel Gonzalez,Malisima no se puede hacer nada,1,2026-05-05 12:18:00
d637082d-177d-4870-9f34-a6bbbcd42b1c,timi coco,De que sirve esta app si desde hce meses no te deja ver lo de las semanas cotizadas cada ves funciona menos aparte que imss es un asco ir pra lo que sea,1,2026-05-05 11:50:03
3b7e33df-a150-4235-b195-19bddef57f56,Dennis Ivan Islas Sanchez,"al elegir el dia para agendar cita te arroja horarios pero no solo del dia elegido eso causa confucion e inconvenientes. si ya te dan primero a elegir un dia en el calendario, ¿como por que te arrojan horarios con otras fechas?!... que falta de analisis para usuario final tienen 😠",1,2026-05-05 11:37:15
efecb955-3371-40fa-b3ab-79db2ecd20c2,ideaCelular,"Tiene problemas con los beneficiarios, si está fallecido el derechohabiente registrado, es martirio lograr una cita. Ojala haya algun modo de ver tus citas de especialidades,analisis y rayos x",1,2026-05-04 19:56:42
624bda03-4a0b-49ba-997b-0a888c521c95,Leticia Ortiz,"Quiero consultar los resultados de unos análisis y no me permite entrar a la cédula digital, y en la clínica no te imprimen los resultados.",1,2026-05-04 18:28:46
d9319e92-bb29-4810-b837-32a85725ab1a,Santos Alvarez,"no sirve para nada está app,no me deja entrar a cédula digital de salud,siempre dice que lo intente más tarde....",1,2026-05-04 16:25:54
ab6e0eb0-8c4c-4181-a101-e69ffee95602,Brandon Antonio Zendejas Pelcastre,cambie mi clinica hace 3 días y la app lo registro porque intento de nuevo y dice que apenas lo hice.... pero no a cambiado mi clinica. y ya vivo a 3 horas o más de mi clinica anterior.,1,2026-05-04 12:18:43
084f03ff-2b44-4c62-b1fc-c84e20d3f04d,Jose manuel,no me deja ver mis semanas cotizadas,1,2026-05-03 17:18:51
82b37012-f8ac-4a24-819b-48b3015a473c,David Loeza,no me deja entrar,1,2026-05-02 16:32:14
6be72440-a29e-4f00-8234-1a8744a04141,Ana Laura Sansón,"estaba muy bien, quien sabe que pasó de de buenas a primeras cuando intento abrir la app solo queda en una pantalla blanca con la leyenda inicializando y de ahí no se mueve!!",1,2026-05-02 11:00:04
d4e0198d-b4d4-48b9-8a12-7c0236606bdf,Claudia Flores Santos,me saca la aplicación cuando quiero generar algún documento,1,2026-05-01 15:34:20
d2229d2e-7afc-4a38-afa1-3fcbd4cf5fd2,cielo miranda,no sirve la cédula digital de salud ni se pueden poner las citas de trabajadores,1,2026-04-30 15:37:07
a30085a9-11b0-4391-8a2c-415cd5dd5e54,Michel Martinez,no funciona para nada la aplicación ni siquiera se puede acceder estoy muy molesta,1,2026-04-30 14:57:23
715acd48-a1d6-4b4b-b963-23430661ddcf,Mario Adkins,"horrible está aplicación no me deja hacer ningún movimiento, no puedo hacer citas, no puedo ver mis incapacidades, no puedo hacer NADA",1,2026-04-30 08:46:34
9d5012b7-037e-422c-acaa-474517d4c865,Emmanuel Martinez,"Ahora tus citas se cancelan en automático o se mueven a una fecha posterior y encontrar otra cita, es muy complicado.",1,2026-04-29 21:17:50
40726d5a-1076-4a93-870b-b00c9b98d000,Dora Salazar,ya tiene una semana que intento abrir y no puedo entrar.,1,2026-04-29 18:22:04
6910beab-567a-4e73-a5bb-2bf341fd1299,Sullivan OrDi,la aplicación no deja entrar a la parte cédula digital,1,2026-04-28 11:23:37
17ef51a3-5a64-4f44-ad4a-2c828251a4fb,Dilan Ramírez,no goty,1,2026-04-28 09:39:14
0604590a-9978-44cf-bb15-9cbbcc8470d7,Saúl Hdez,la peor aplicación de gobierno que e visto todo falla,1,2026-04-28 00:29:32
0dfdf8ec-4068-44cb-ad3d-732ad3af3722,Avril Candia,Excelente👏🥳,1,2026-04-27 22:40:18
0a8232cf-f0c9-4f6c-8701-5d9ce23b89d0,María Hernández,"Ya no me deja ver mis semanas cotizadas y en la página está igual, de nada sirve que según digitalicen los trámites si de todos modos hay que ir a ventanilla para sacar algo que ya podía sacar hace meses en mi celular",1,2026-04-27 16:36:41
e6f260bc-b165-4f90-a4e0-c3e3ceaf32dd,maria pedro castillo,"no sirve, cédula imss marca error siempre y es la única forma de ver laboratorios. pésimo servicio",1,2026-04-27 13:03:16
c3b7193e-a525-4a83-844c-7012f1ebbb95,Manuel Gonzalez,"tiene más de medio año que trato de usar la app para agendar mis citas y la misma se cierra al momento de cargar mi curp y confirmar que es para mi la cita. desafortunadamente las buenas intenciones se encuentran con este tipo de situaciones y hoy a pesar de que ya se digitalizaron resultados de laboratorio y radiografías a nivel instituto resulta que lo básico no funciona, espero pronto resuelvan este problema o den alternativas reales.",1,2026-04-24 12:45:22
af9c9523-8229-419c-823b-b30c2133da55,Haziel Covarrubias (Haziel Coco),no funciona ninguna opción,1,2026-04-24 01:28:31
6e821dfd-f9a6-4807-b68b-5cbc88ea8a19,Mari velazquez,"solo sirve para hacer citas, quiero entrar a la cédula digital, e indica que lo intente mañana, y si durante más de una semana. para lo importante no funciona",1,2026-04-23 13:10:07
0ccefa79-86e3-4643-9ffd-2a0a21af4440,María José Vázquez Atanacio,"La aplicación no sirve para nada, es ilógico que quieran digitalizar sus procesos cuando el sistema de la institución te obligará en algún momento a acudir presencialmente ya que lo que haces por medios digitales no se actualiza en sus sistemas. Es cansado para el derechohabiente tener que hacer los mismos procesos varias veces. Antes de querer hacerse los ""actualizados"" homologuen sus procesos en el sistema del instituto y sobre todo instruyan a su personal que carece de información.",1,2026-04-23 11:02:16
52e5a1ea-7c5f-4e41-bd52-21fb026942e8,Blanca Delgado,"La descargué pero no abre ni funciona un verdadero fracaso. Como todo lo del IMSS. (Medicinas, citas, etc.)",1,2026-04-22 22:52:13
5ddc61cc-f026-4948-bb2c-bb377366bc80,Imelda lucero fuentes ortega,falla no me deja entrar a ver mi incapacidad como esta registrada,1,2026-04-22 20:10:43
7a34386c-60ed-4918-8601-6628103b4087,Tere Espinoza,el problema es que no puedes utilizar la app para otra persona es personal porque intenté pedir una cita para mi mamá y no se puede,1,2026-04-22 16:28:54
f2ef8d0a-17ed-46d0-ac00-011fc4bbe7ba,Carlos Diz,"muy mal programada, no aparece el tramite para solicitar tu constancia de semanas cotizadas, la modifican a cada rato, no tiene un icono de búsqueda, esta hecha con 3 pesos.",1,2026-04-21 23:09:43
97ef6517-b9cd-4ede-9a2a-fbc96b977801,Akela Rodríguez,"basura, se marca error en todo",1,2026-04-21 18:57:39
17d07f8a-3b3d-4322-9ec4-e4235e151ed1,ivan velasquez,semanas tratando de revisar análisis por que ya no los entregan en físico y no funciona,1,2026-04-21 08:49:19
96a6ef93-85cc-4956-92cd-d8e73cf8a6a5,Keila Sarahi Pascual Alejandro,"Falla todo el tiempo, no permite agendar las citas, se cierra sola y tiene un muy mal funcionamiento.",1,2026-04-20 21:50:21
59e5bf3e-ab49-407f-b845-ef998abbff67,Hugo SC,Un favor arreglen esta app sino que chiste para hacer trámites,1,2026-04-20 20:42:01
b809ad86-5dfb-438e-852e-2ee999df21c9,Yuli Villegas,no carga,1,2026-04-20 15:52:33
f3019c71-a3d0-4f4f-bd43-2be11225dc15,Enrique Alvarado,Pésima app,1,2026-04-20 09:14:25
f38e979b-c7be-46e9-9baf-00feff2e7e12,Rocío del amanecer Cerezo Rojo,Es una basura. No sirve y nunca está disponible,1,2026-04-19 15:04:47
222d364b-5a64-41f3-b03f-41751468f747,Alejandra Velazquez,No permite entrar que mi correo ya esta registrado con otro curp,1,2026-04-19 08:09:34
358e8f3b-7a92-450b-9d3b-0e15456f3b13,CRISTIAN AARON ESCANDON GUZMAN,Buen launcher con un front amigable sin embargo con opciones que aun no están customizada o diseñadas en específico para Salud en el Trabajo y con procesos aún mejorables dentro del ciclo de Deaming. CAEG,1,2026-04-19 04:21:12
4cb53036-4752-44e7-b8c4-8fac85a52279,JOSÉ ANDRÉS SAAVEDRA PATRÓN,falla mucho.,1,2026-04-18 15:21:55
21fe6b9a-e81c-4f54-aee2-0d72e74d5526,Miguel angel Serra,Mala,1,2026-04-18 12:35:59
a987d4d9-0385-436f-8124-8b43c06c4556,Cristina flores,"no puedo entrar a mi cédula digital, se cierra la app :(",1,2026-04-18 09:26:13
a63db367-ef47-45dd-b2f6-1399f18ae243,Soviet Carrera,"al validar para entrar a la cedula de salud dice que mi rostro no coincide con sus registros, como puede ser eso ni modo que haya cambiado mi cara",1,2026-04-18 02:27:26
a442223b-261a-49b7-8647-1be90271fa95,Cesar Peréz,Al abrir la app me registro pero no abre lo que es mi cédula digital para saber de mis análisis,1,2026-04-16 04:11:05
aec5af72-9fe4-45ae-bcfd-7155315b0624,Raul Rodríguez,"lenta, muchos pasos para hacer una consulta, se traba mucho y se traba nucho",1,2026-04-15 22:16:44
b58b8158-34b4-4e3b-b325-aeed9ae641be,Alejandro Guerrero,k tiene esta aplicación kse pasma?,1,2026-04-15 13:22:09
394ae413-2668-4e5a-9ab0-2756836ee29a,Karla Montoya,"Nunca me deja ver mis semanas cotizadas, siempre me dice que el servicio no está disponible, arreglen eso.",1,2026-04-15 11:56:57
01e9a6aa-55f7-4788-a3e4-c63e2756b6d8,González López Rubén Dario,no sirve,1,2026-04-15 09:42:52
c111146c-d7ae-468d-b44e-7e7d1d07a3c2,Josue uriel Muñoz aguilar,pésimo no me deja agendar cita para consulta médica 😕,1,2026-04-14 23:23:39
0994959d-dce1-4aac-b044-cf6d1ee6e203,Ronquillo González Arturo Augusto,"seleccionas el reporte detallado en semanas cotizadas y te da el normal, arreglen está basura",1,2026-04-14 20:58:02
9ebcbbb4-634e-4337-a735-76727f29f478,Mithril Lrs,"dice no encontrar la CURP para conseguir cita, pero en la pagina web no hay problemas, asi que la app simplemente demuestra no cumplir, aparte que es una molestia cuando uno trata de hacerlo para otros familiares",1,2026-04-14 16:51:45
6d0c6dcc-036c-454f-af66-30b90b9a2cde,David,"Eficiencia es justamente la palabra que no queda en la aplicación: * Fallos por verificación de identidad por correo electrónico. La aplicación dice ""El servidor está tardando más de lo normal."" * Fallos para crear la Cédula Digital de Salud. * Fallos para consultar las semanas cotizadas. 🤨",1,2026-04-14 11:33:52
6addedb7-c549-4601-a24f-4fc41e9e6bf9,Francisco Rosas,No sirve es una fatal pérdida de timepo,1,2026-04-13 17:19:00
9c47a9ef-74b1-4af6-a96e-d9c985354292,magdalena fernández saravia,no me deja darme de alta en las mañanas y me tiene como en las tardes. no encuentro donde registrar los biometrico,1,2026-04-13 14:55:25
cd409649-c18e-4e3d-add7-b9e3fc8823a4,Raúl Vega,pésima aplicación y pésima institución que siempre afecta a el. asegurado,1,2026-04-13 13:22:56
471298c1-2cc1-4b92-ae6f-efd473de775d,Karla Vazquez,tiene mucho tiempo sin servicio,1,2026-04-13 13:13:56
54d4aec5-b91e-4571-ab06-da323315f030,Damaris Gomez,la cédula digital no abre llevo días intentando entrar,1,2026-04-13 12:33:49
d5f59f73-70a7-4a28-ab65-8cfcf9675430,Marina Fuentes,Nunca el servicio disponible Quería checar mi cedula de salud y nunca pude,1,2026-04-13 12:13:15
72e76494-6b1e-4b71-a523-ac7298d49b50,carlos Hernández,"pésima App, mo sirve cuando uno lo necesita",1,2026-04-13 09:19:12
f57f02ee-b5a0-4445-9f92-aca792b1377a,Mary Mtz,Nunca ay citas!!😕,1,2026-04-13 02:05:49
85354148-b4da-4514-9ec4-0edca8f9e801,Beatriz Castillo,muy mala,1,2026-04-12 13:43:15
49f704e9-e450-4008-85a6-95c23dc41487,Jesus Miguel Barrera García,no me deja poner cita medica,1,2026-04-12 00:38:51
29540e41-f15d-4870-9aab-eb608bb375d9,Phroy Pérez,simplemente al intentar cargar algún servicio se auto cierra toda la aplicación,1,2026-04-11 05:59:32
1589afba-31bc-4a78-99c2-08970b61df7f,Juana Ramirez,siempre inútil,1,2026-04-10 16:17:28
085d2d00-9c35-4be8-b6e0-0adebff0c43f,Charit4,"mi nss es de 11 números y solo deja poner 10,ni eso hace bien,ni en la página web",1,2026-04-10 01:09:00
b5b161c8-efb1-4cc0-ab03-985eb7af2f7b,Cesar Rea,nunca puedo consultar vigencia semanas cotizadas y varias cosas,1,2026-04-09 21:45:27
9683a0e5-eb53-48d9-a1fd-8b7392b845ed,Angelica Juarez,no puedo entrar me manda error,1,2026-04-09 19:05:46
461733a6-0f69-4136-b1d3-b5ecc4132e6e,JORGE ESCALANTE Gonzalez,"desde hace 3 dias quiero checar mis semanas cotizadas y me dice que el servidor esta tardando mas de lo normal que i tente mas tarde, lo hago por navegador y no me deja que porque es ptro correo pero siempre ha sido el mismo porque le pude enviar mi hoja de nss y me pude dar de alta en la clínica pero fuera de ahi no me deja hacer mas",1,2026-04-09 18:59:17
a34c1de5-2ae2-4861-9509-dd4820270a53,Francisco Jesús Monforte marfil,"no me deja checar nada. tengo registrado un correo electrónico, pero me dice que tienen otro. y no puede ser. al",1,2026-04-09 14:34:29
392022a0-663b-4f45-ad1b-4900b747c080,Pedro España,"Últimamente está fallando, he tratado de agendar mis citas médicas y siempre me manda mensajes ** La App está fallando ** y se cierra la App. Deberían de solucionar ese error.....",1,2026-04-09 10:59:25
aa1b2602-b27d-4c48-bad7-20c9ddb67057,Alejandra Guzman,"mala aplicación, solicito mi constancia de vigencia y tarda en llegar entre 2 a 12 hrs o jamás me llega, ahora sí que está si está buena para una emergencia!!!",1,2026-04-09 07:14:43
822a91e5-2133-4d4d-9393-a94dce0a0f2c,Diana Balderas,antes era buena ahora ya no te deja checar tus semanas cotizadas,1,2026-04-08 22:38:47
ddf9da35-45bd-46f3-b402-c417b5a3fc61,Joce Jav “Moyito black”,pésimo muchas fallas solicite mi número de asignación social y hasta la fecha no me llega nada al correo,1,2026-04-08 20:57:19
ac589528-7b29-47a8-851e-b6051509eeb0,Viridiana J Lopez,"muy mala en mi dispositivo no responde, tarda demasiado no responde la aplicación, siempre en cualquier movimiento que intento realizar de inmediato me dice: El servicio está tardando más de lo normal. Intenta más tarde 👎🏻",1,2026-04-08 16:22:30
3aad6ed2-4317-4c12-89cf-0b02dbf140cb,EMILIO MURGUIA JR,cómo todo lo del gobierno...pésimo servicio,1,2026-04-08 15:58:39
7cd81607-ae11-4000-b1a2-14b18d636a2e,Miguel Arturo Muñoz Lopez,"felicidades ya se puede ver las citas programadas, como recomendación debería de haber una forma más fácil registrarse o iniciar sesion sin escribir la curp, deberia ser con QR desde la INE por que es el documento que traemos siempre a la mano, aun les falta poder ver qué correo electrónico es el que tenemos dado de alta en la aplicación ya que a mí no me permite dar de alta con mi mail personal tuvo que crear otro correo para que pudiera iniciar sesión,por eso aún le sigo poniendo una estrella",1,2026-04-08 13:20:32
86476b52-6881-411f-9850-9cfe852d9190,Karina AyCa,"No sirve, trato de descargar mi estado de semanas cotizadas y no me mandan el código a mi correo.",1,2026-04-08 12:26:48
cc37ff8d-9559-4c7c-90ea-955ad9e5afe9,Jorge Hernández,"menuda basura de aplicación igual que la página, seguramente mis abuelos tienen efirma verdad pndjos? seguramente los adultos mayores recuerdan su correo porque es tecnología con la que lidian día a dia, seguramente pueden ir a la subdelegación a formarse para tramitar sus papeles (porque uno como tercera persona no puede). Antes bastaba con poner tu CURP y en seguida se te entregaba lo que necesitas, pero les encanta hacer todo más difícil y con pasos innecesarios, se siente el bienestar",1,2026-04-08 11:47:38
0831a40b-c2e8-4fb7-8cb9-36d88cc903be,matemáticas basicas,"nunca te manda la verificación al correo electrónico, al parecer debes esperar 6 meses como las citas",1,2026-04-08 10:44:18
79282b17-d6bc-4bbf-b144-10e8951c6b59,Hugo Badillo,basura 🗑,1,2026-04-08 08:51:08
49cca83d-3cf6-4cd4-8bba-4bea3d15083c,ESQUIVELITO VLOGS,pésima,1,2026-04-08 07:53:57
0477e156-e8da-4e03-92d2-0f86299bc45e,Jak Cruz,"Genial, no me sorprende de las apps hechas por desarrollarás que trabajan para los institutos de México, siempre fallando, ahora resulta que mi teléfono no lo soporta y al momento de abrir crashea",1,2026-04-08 05:48:31
cabe6514-ac2a-43a9-a49f-f6d723941802,Laura Garza,no me deja hacer citas,1,2026-04-07 23:37:00
da88b295-a6b2-465d-9271-f2152ba1302c,Rodolfo Urdiain F gmail,jamas funciona bien el calendario. se traba. otra baratija comprada cara con nuestros impuestos.,1,2026-04-07 16:41:47
b281bdb6-82f0-4a2c-a2c3-41396171f5e6,Gello68,muy mala,1,2026-04-07 16:14:09
3c020ec5-6307-4105-b111-476fa1bc1657,Estrella Luna,"Pésima aplicación, no envía nada al correo y no deja hacer ningún movimiento ni agendar; utilidad cero, aún así no guarda cambios y se debe acudir a la clínica. 🤷 Como si en persona fueran tan accesibles. Dos horas después, me llegó el código, lo curioso es que tiene validez por 20 minutos. Qué eficiencia señores.",1,2026-04-07 12:35:23
63dac243-b1c5-49a7-b033-dafd321b5eb9,Nicole García,"Sólo deja poner 10 dígitos de los 11 del nss, no se puede usar.",1,2026-04-07 12:30:03
7a29f762-5bae-433d-96b1-5bd52ab33501,Daphnee Zaraa,no envía los correos y se sale muy continuamente de la interfaz,1,2026-04-07 11:28:10
182655d9-fa1f-4052-b6b5-29d807fb2073,José Enrique Sojo Medina,Ya no me permite agendar citas medicas,1,2026-04-07 08:13:21
028562e2-9570-4847-8d05-8a0c3bd481f6,xcaret montesinos,"Está fallando mucho la app, no me deja agendar cita, me saca de la aplicación y si lo vuelvo a intentar pasa lo mismo.",1,2026-04-06 20:27:02
b8cd7eaf-2531-4021-bcb1-e02ac4ed4907,Gustavo Garcia Serapio,No puedo sacar mi constancia de semanas cotizadas. Me sale que intenté más tarde ya tiene varios días con lo mismo,1,2026-04-06 20:10:54
83ba2168-44bd-445c-8343-429259edbad3,Esequiel Rascon,"Totalmente inútil, ni funciona absolutamente nada, es más burocracia que pagamos los Mexicanos",1,2026-04-06 19:29:45
6c3f1b02-8f05-4cc0-9e31-a4fc724ffbcc,Ángel Isabel Díaz Herrera,"No sirve. Quiero sacar cita y se queda en la parte de ""Elige una persona"" y no pasa de ahí. Pésima",1,2026-04-06 12:41:41
652498a9-786e-4d0e-a954-3e51858c9436,tribi MX,no deja checar semanas cotizadas el sistema tiene meses sin servir,1,2026-04-06 11:53:21
4aba7113-408d-4680-80f0-06a554982f41,Ziel 07,"Arreglen su página, si no funciona la app falla demadiado",1,2026-04-06 10:56:18
5550b94d-eae8-450b-ab3d-ebdd9bbf42b3,Pita Alba,"antes podía sacar la vigencia de derechos sin problemas, ahora ya no se puede y por la página es muy tedioso.",1,2026-04-06 10:17:00
937e8414-c09f-408a-a204-6f5630cd1767,Edgar Chávez,"he solicitado mi constacia de vigencia y mis semanas cotizadas y según me lo envian al correo y no me llega nada, y el correo esta bien",1,2026-04-06 01:20:06
1f13b416-0e55-48de-9663-c357e4b6d993,Geo Cruz,Llevo una semana intentando hacer una cita y dice que no hay servicio 🧐,1,2026-04-05 14:57:58
6e3e0396-ff98-4a23-a007-7a72f953e071,JESUS AMBROSIO PONCE,le falta mucho,1,2026-04-04 18:13:17
1e38d776-fd1e-401c-8281-304c25ff6f6e,Oscar Salvatti,"una app completamente inútil, no sirven la mitad de los servicios que ""ofrece"" no sé que es más ineficiente, sú app o su sistema de salud que te hace perder un día completo esperando una consulta",1,2026-04-04 14:45:26
8f2f035a-d4a5-4fd7-a2ae-1198cd0e8968,Luzmaria Sanchez,no me deja tramitar cita para beneficiarios,1,2026-04-03 16:15:18
d2b644ff-1bf0-4d40-b808-412478ed06b3,Erick,lo peor de lo peor que existe no me manda las vigencias para nada,1,2026-04-03 11:36:23
1e53f4d7-a868-4595-8d23-39e3df770ff7,Nalle Lopez,no manda las vigencias correctamente y las ocupamos cada 3 día y es un sufrimiento 😔 y solo te da 2 oportunidades de descarga al día y si no llega ya valió,1,2026-04-03 10:45:39
151a303a-6e1d-45bb-b274-53d4a74b517a,Clau C G,"2abr2026: otra vez le acabo de bajar calificación. mal y empeorando. otra vez no me deja sacar cita desde el lunes por ""servidor"" 11sep25 actualización le acabo de bajar varias estrellas, era buena app pero desde 2 semanas no puedo entrar. A ver para cuándo volverá a servir!!",1,2026-04-02 12:28:50
d9504322-bb8d-499b-b332-9446cf9cc83e,Un usuario de Google,"mala aplicación ,no deja ver semanas cotizadas,solo dice que el servicio no está disponible intenté más tarde",1,2026-04-02 11:25:45
a2a2aeaf-f11f-4449-8bee-1c810ea666d1,Gabriela Rangel H,"Era muy buena, pero con la última actualización, no me deja hacer nada, se cierra en automático 😔",1,2026-04-02 10:42:44
74b334bf-3995-4d77-af11-229be3fe33c9,Carlos Ravelo Munguia,pesima,1,2026-04-02 01:34:50
e7f9d894-f3f7-450e-b66e-025bc622c0ec,Natalia Paola,"Funcionaba muy bien hasta hace unos días, me sale que mi solicitud ha expirado, que revise la configuración de mi dispositivo, le he intentado en diferentes dispositivos y en todos me sale lo mismo 😡",1,2026-04-02 00:10:23
cb95c584-ae67-49a0-a8ba-aa40ca59459d,Alfonso Morales,"no permite sacar citas, lleva dos meses así",1,2026-04-01 18:38:40
490adc97-5cf5-43a5-9c5c-57d87b76fc61,Luis Alberto,Es una excelente app facilita. Las citas médicas...hace falta un dentista vespertino en la clínica 39 por que en la mañana dan 3 fichas..es necesario uno en la tarde,1,2026-04-01 18:14:18
ac1d541c-81aa-48b1-b192-e78c6e56f074,Rocío Echávarri,Ni entra,1,2026-04-01 13:21:06
ab5622ef-c394-4f8f-9c36-8859c81c5469,Jirafa Saguilan,buenas tardes! está aplicación antes era muy útil ahora está fallando; tengo casi un mes que no me deja agendar citas; la desinstale la volvía a instalar y nada!! así que solo doy una estrella 😤,1,2026-04-01 13:00:05
bf2d85ca-b4b9-4231-8b80-420683886934,Melissa Alfaro,Deja mucho que desear no me deja acceder porque dice que no tenga mi ubicación activada cuando si lo tengo y también dice que la información que escrita no está registrada,1,2026-03-31 13:32:45
8403abf0-c978-4cd3-9033-76c78bad519f,Cinthya Alvarado,"No sirve para nada, solo quieren aparentar que el IMSS ya se digitalizó",1,2026-03-31 10:15:00
46091656-5dda-45ab-b4ba-bd07f276b381,Miguel Huerta,de un momento a otro no me deja ver la vigencia y la ocupó tres días a la semana,1,2026-03-31 07:30:50
edbc3317-00fa-4f4c-97e4-b4fa164079d8,Rosalinda Zermeño Guerrero,nunca hay citas,1,2026-03-30 22:33:40
1c911824-8a58-4d22-b6bb-5ec35e81034d,Angeles Martinez,mala,1,2026-03-30 17:22:15
c24fd491-07fc-4d6a-8f7c-992ff0d01a18,Samael Andalon Jiménez,No funciona ya tiene tiempo que no abre solo se quede iniciando y no te abren nada ya la desinstalé y la volví a instalar y aún persiste el problema.,1,2026-03-30 16:15:30
8fc78adc-b435-44e6-9a71-cb1abd7b29f9,Juan Roberto Gonzalez Velasco,"pesima , solo manda errores , dice que hay inconsistencias en mi número de seguridad social y no puedo sacar citas , antes no estaba asi, ahor arroja un nombre que no es el mio y en el teléfono de apoyo dicen que solo son terceros y que no pueden arreglar nada",1,2026-03-30 12:17:37
691aab3d-b033-4520-b8a2-6eafc754bb15,RUTH GAL,No permite accesar...aunque tus datos ya estén visibles,1,2026-03-30 09:54:42
ec61548c-713a-4e61-b9fe-4e8d69fc62ab,Juan manuel Pasillas,muy batalloso sacar cita,1,2026-03-30 06:23:46
dbf155c8-eb28-40e5-97ee-a8c28086081e,Yeretzade Cabrera,está teniendo fallas para poder ingresar,1,2026-03-30 00:27:51
b2c634e2-d4c6-4c8c-a470-bcd181a97427,ALEXIS MORALES,"no sirve ,tiene buenas funciones pero ninguna sirve es horrible esto😵 tanto para que se tenga que hacer de todas formas presencial",1,2026-03-28 19:49:01
930c5a20-b6c6-4f6f-9ee3-3bae6b155f24,Rodolfo Salazar,No genera las semanas cotizadas manda error,1,2026-03-27 19:31:52
97772bdb-321a-491c-8296-01b6346990e4,Gaby Gomez Saucedo,Se me hace una estupidez que se tenga que estar creando correo electrónico por asegurado. Cambie de número de seguro y no deja asignar el correo a otro NSS y para variar no quieren en la clínica dar las citas.,1,2026-03-26 17:10:59
bbff71d3-f752-4e19-94f5-75d836ce3642,ignacio silva vidal,una total porquería,1,2026-03-25 17:56:08
9c01351d-47e3-49ab-a405-5672d660624e,Ave Ollirum,"mui mala aplicación siempre esta fallando, nada recomendable",1,2026-03-25 10:36:15
a9d72358-44ab-4af3-b8ae-9f6af3832bf8,Karen Santiago,Sin duda es muy buena la app pero es lentísima,1,2026-03-25 00:39:12
20fb0dab-738f-41d4-9e6e-6911b7a27897,Michel Martínez,"La app está fallando, no desglosa los beneficiarios para agendar cita y el portal tampoco me deja, solo me marca error.",1,2026-03-24 21:58:06
0e3875a7-9bfd-4daa-b571-aa73349886d3,Dalila Ruiz Garcia,"Una aplicación muy deficiente, te agenda las citas pero cuando llegas, el dia y la.hora en tu unidad médica te dicen que no hay registro alguno y te mandan a la dichosa unifila arreglenlo",1,2026-03-24 19:38:30
7febe961-4a1b-4c13-b698-03cbe0126935,The Rules,llevo días solicitando mi reporte de semanas cotizadas y no me deja,1,2026-03-24 17:34:57
aa3b1d87-88bf-4b3e-8e7a-fab5dff7f833,MARTHA JANETH CASTRO GALLARDO,no me deja agendar mi cita y están habilitados días y horarios 💔😞,1,2026-03-24 12:08:30
4170df44-f617-4451-8eb1-15c7e01291c1,Itzel Rossano Soriano,"la aplicación nunca sirve, pésima interface si hacen una aplicación debería de mínimo servir",1,2026-03-24 08:39:55
b0ee9975-4fd4-4631-8d78-260d5b665454,Anny Altair Quintanilla,Esta fallando no se pueden programar las citas desde hace semanas,1,2026-03-23 23:50:27
c3cce2e9-5662-4ed8-991a-35b672df879b,Santa Isabel Col.,Desde hace una semana no me deja agendar cita.,1,2026-03-23 09:41:33
4569bc51-6ec2-45a4-836c-bc2b1f4836fc,Tania Gamborino,muy lenta y siempre está fuera de servicio,1,2026-03-23 09:24:17
d3e3d2e3-e106-4ed9-a810-d14f613962c0,Elixer,"Ni sirve, no deja agendar citas ni ver las agendadas",1,2026-03-23 01:29:53
b9706ac4-8485-4fc6-9600-940bffbe8934,Ulises Jimenez Rodriguez,"no quiere abrir, ni despues de desinstalar y volver a instalar",1,2026-03-22 22:39:55
b604bb59-5b3d-42bd-93eb-efd1e5ffebcb,Eduardo Davalos luna,malisima ocupan mejorarla toda la verdad que de las peores,1,2026-03-22 17:11:35
31743241-5650-4fca-93b7-712f550cda91,Luis Guzman,por qué no sirve para darme el NSS estoy dándole dos días y se cierra solita,1,2026-03-22 17:10:09
c2549576-1bc8-4fce-b968-6ff5f8c532ff,Roberto Romero (m i n d s l i v e r),No funciona.,1,2026-03-22 09:22:58
1113c78d-c4a3-41b0-a800-b3b34d69134b,arlahet aguilar,"tiene meses que no carga la información, que los datos son incorrectos no deja seleccionar citas ni derechohabientes, pésimo servicio",1,2026-03-22 07:23:39
c50589e0-766e-4be1-9184-c3f342bcc0dd,Gerardo León,"desde la segunda semana de marzo del 2026 la app ha dejado de funcionar: las citas que tienes agendadas simplemente desaparecen y no se muestran, te dice ""sin citas"", el problema es que llegas al seguro y te dicen ""es que se duplicó"", eufemismo para decir que se desapareció tu cita y metieron a un familiar.",1,2026-03-21 11:19:34
2b13d93e-e4e8-4480-be14-20b21d9b7a83,Moises Betancourt,no me deja revisar mis incapacidades según la app se pueden consultar desde aqui y no aparece la opción ?,1,2026-03-21 10:59:19
ec9f8cc1-a198-4f8e-9c1d-c91006d9c7f1,Martin Jimenez,"La app es una porquería en su totalidad, todo el seguro médico de México es una porquería, no sirve de nada tener imss.",1,2026-03-21 10:32:58
ab0a238a-c963-4aa2-9ffd-75bf3d443514,Jorge Hernández garcia,no me deja agendar las citas dice que mi tiempo expiró,1,2026-03-21 00:26:09
d9db74b1-d6dc-4a18-b4b7-51a9f6460aa8,Lili Go,no hay citas medicas y tampoco en la clínica,1,2026-03-20 21:56:41
071dd4d5-ef72-4758-ac6a-2fdcd7181a3a,Erick Alonso,falla horriblemente y lo peor que es todo el sistema del imss. no sé hasta cua do se podrá tener un buen sistema.,1,2026-03-20 19:12:09
f3f1d694-cbf4-4cfa-a397-3903368b83f2,Ricardo C.,no sirve,1,2026-03-20 12:41:44
e800e3a1-0cb4-4706-9ace-82aef1880714,Alejandro Licuadora,no funciona.,1,2026-03-20 00:33:47
5512a72a-1864-4528-8805-1c129c7f7d17,Crystal Acosta,ya active todos los permisos y no me deja agendar nada,1,2026-03-20 00:22:04
0362cdad-a572-4d14-95b4-0f84a2b23715,Oscar Gomez,muy mala no funciona nada bien nos estan haciendo pasar trabajo,1,2026-03-19 17:09:32
9c0bc41d-556d-456c-a13e-45654ef58b6b,cynthia itzel flores,presenta el error de que supuestamente no tienes una clínica asignada y tampoco te permite realizar la modificación,1,2026-03-19 06:32:47
b5e82b0f-ca2d-40d8-abd1-14ba1aafc62b,Albert One,"Información incompleta, no funciona correctamente y la mayoría de las veces no carga la información.",1,2026-03-18 20:01:48
a99f346d-3dc9-4649-a68e-d767c5bad122,Carlos alberto Solis Moctezuma,mala,1,2026-03-18 17:30:47
559c5abf-e6ed-4ca4-99b7-5e35420d88d6,Berna,"Tiene muchas fallas, no se puede agendar cita y tampoco cambiar de clínica",1,2026-03-18 00:35:54
d89e7d33-cbeb-4fb2-9887-62a2cddc5c16,Yazmin Reyes,No me deja agendar citas,1,2026-03-18 00:09:03
b439348c-036a-4c94-b9b7-91ea6fefc1ff,Betty Gonzalez,Casi nunca sirve 😓,1,2026-03-17 22:45:23
2172078c-60b7-40bb-a00b-c96f7a38eb59,Sergio Markez,toda una basura la aplicación al igual que la institución solo se la lleva cargando y no abre la aplicación hay que invertirle algo de dinero con tanto que se llevan,1,2026-03-17 22:05:12
714ab9c0-c22e-43e3-be10-2710e1755b7a,Victor Garcia,"no manda el historial de semanas cotizadas, ni el nss al correo :(",1,2026-03-17 20:37:45
480fd93f-d82b-4447-9e89-b789ee778d7b,Keila Rodríguez,no me deja agendar mi cita. al momento de validar la Curp me saca de la aplicación. la actualización que me pidió no sirve,1,2026-03-17 19:08:25
903c02c2-ea8e-4da7-86f2-10204c40c436,Ch Hdez,"la aplicación esta fallando, no manda el documento nss al correo, tampoco se puede en línea 😡",1,2026-03-17 16:51:55
8677cce9-5285-4cab-871d-63aead76ad8a,Marco Antonio Gallegos Reyna,no sirve,1,2026-03-17 14:46:15
85763ab7-b539-443f-8f57-9cc00bff5ffb,Heda,"no funciona, al tratar de hacer el registro para obtener mi número de seguro se queda cargando o se cierra la aplicación",1,2026-03-17 14:33:47
86ee8f1a-1bb5-45ae-875f-4797b91f01c1,Un usuario de Google,La app no tiene la opción para descargar los recibos informes de pago mensuales de la pensión y hay que ir a la clínica a pedirlos y a quitarles el tiempo para algo tan sencillo ¿Cuándo harán esto y evitar a los adultos mayores ir a la clínica a perder más de dos horas y a veces ni asientos hay? Hagan una app que sirva para todos y cumplan con la Ley Nacional de Simplificación y Digitalización de la presidenta Claudia,1,2026-03-17 13:35:54
6b066560-e0ec-4a4c-86c9-101ff4891c00,jorge avila,Muy mala no pude descargar una constancia de número de asignacion y tarjeta,1,2026-03-17 10:22:43
ba1d120e-1cec-47fb-9c00-2f59dc82548f,Hector Sanchez,mala como su servicio presencial,1,2026-03-17 10:12:16
23933492-ba1f-45d6-b579-162808f90a48,Arleth mendez hermosillo,se traba mucho no deja iniciar sesion bien y no manda los correos,1,2026-03-17 09:34:26
4cc2f209-68da-496b-a5e8-927699d1b448,Cyntia Mendez,desde que se actualizo ya no funciona. no te deja sacar citas,1,2026-03-17 00:33:14
2333af28-85ab-4bba-ba65-234582e85159,Humberto Chacon,ya no me funciona a tes si la utilizaba pero desde hace aproximadamente 3 o 4 meses no me funciona la abro y se sale inmediatamente y me dice q sigue fallando la desistalo y la vuelvo a instalar y sigue igual,1,2026-03-16 12:25:06
d0f613f9-f896-427c-abfe-e917c2885ff6,Karly Macedo,Es una aplicación inútil llevo días intentando solo consultar el número nss y no lo puedo hacer ni en el portal ni en la aplicación. ninguno de los dos sirve de nada,1,2026-03-16 12:13:02
1060bc49-829b-4eac-b632-a85bfbaedb61,Jorge Quiroz Moreno,"funcionaba muy bien hasta que en esta actualización me saca cada que quiero sacar cita para mis beneficiarios. y por qué no mejoran de una vez esa opción. Es una lata que cada vez que quiero sacar cita para mis beneficiarios debo capturar au CURP, seria mejor que solo se seleccionara.",1,2026-03-15 21:07:23
5fb9ffd6-1233-4380-9eaa-4cf44a891cdc,luis antonio 15,"funcionaba excelente, pero desde hace un mes aprox. no me deja agendar cita se volvió inservible la app",1,2026-03-15 20:41:55
f9128214-72e0-4cd3-b61a-2333afb52674,Un usuario de Google,"lamentablemente tengo que cambiar mi reseña ya q de un tiempo para acá la aplicación solo da problemas, la cita q hice la borro y presenta puras fallas, desde iniciar sesión hasta querer hacer una consulta, ocea todo mal y pues la voy a tener que desinstalar, de nada sirve tenerla, solo me quita espacio",1,2026-03-15 07:54:07
1de9e9da-acec-42ff-abb8-99b8b6e486f1,Monica Lazcano,"tiene como 1 mes que no puedo agendar citas, sale la leyenda que el servidor está fallando",1,2026-03-14 05:07:59
cf05de23-1517-48a7-bbbc-d4ae9df303fc,Leon Salinas,Funciona perfectamente. Felicidades. Actualización dejo de funcionar por completo. Lástima!,1,2026-03-14 01:22:30
360d49e9-c808-417f-b740-4ad77cfe0f7e,FLACA GARCIA,"iba muy bien pero desde marzo del 2026 va de mal en peor deberían arreglar eso uno no puede estar dando tanta vuelta al seguro , es más fácil por la app.",1,2026-03-14 00:37:30
4f3b1f7f-0b5a-40c5-8622-5871a8a6fb70,Maya Hernández,cuando quiero entrar a verificar el NSS me cierra la app,1,2026-03-13 22:36:46
d420b116-d370-4981-9d4c-f2a941ae7539,Gerry Hdz.,no funciona !!!!! he tratando por una semana de hacer mi cédula digital y dice que no esta funcionando y que intente al dia siguiente ya arreglen eso!!!!,1,2026-03-13 19:28:41
e96ec73d-d83a-4e43-b7fc-0f7bf30c592c,Hilario Ceceña,"la interfaz de la app se ve diferente a la de las imágenes, no puedo checar incapacidades ni nada de eso",1,2026-03-13 15:13:53
bd660877-1d2d-4d1b-b3f6-d1292126f958,Fernando Fregoso,pésima,1,2026-03-13 08:31:48
8e6abdec-f6eb-4670-972f-afccefe18f44,Elizabeth Gallegos,no abre la aplicación ya tiene tiempo fallando,1,2026-03-13 01:47:22
a3816031-a35e-4825-af9d-95d5e1117281,Paty Martín,"Tiene desde enero con fallas. No actualizaba las citas y ahora no me deja usar la app, me aparece una leyenda de ""tu petición a caducado..."", algo así. Tenía casi dos años usándola sin ningún problema, podía checar las citas que me agendaban las asistentes de mi clínica y podía agendar yo desde la misma app y ahora nada, no sirve la aplicación para nada :(",1,2026-03-13 00:11:19
fd29ab07-b2f0-411a-83c2-6e9872d9c894,Christian jairr Lorenzo ruiz,no se las recomiendo nunca aparecen las citas cuando se sacan por aquí al menos en mi caso nunca aparecen han sido 5 ocasiones,1,2026-03-12 17:23:29
290efc78-cf05-4bb0-994c-0cad919bbf59,Luis Ricardo Medina Cocom,"llevo más de 2 meses solicitando la constancia de semanas cotizadas y me aparece un mensaje que no está disponible el servicio, pésima aplicación",1,2026-03-12 12:55:06
5ec46f76-2c24-4ea4-ab7a-62bf2a69ccad,Areli Díaz Cordero,no sirve,1,2026-03-12 10:04:10
df09c62b-d900-4284-9480-8e2450e294d2,Liliana Carmona,no funciona,1,2026-03-12 05:46:15
3b33ac7c-1ec2-429c-80c6-47004990dea2,Ángel Robles,"Solicito que envíen mi constancia y mi NSS a mi correo, porque lo necesito en PDF y aunque muestra la notificación de que ""fue enviado al correo"", a mi correo no llega nada de nada y cuando intento descargarla directamente en línea desde el portal del IMSS, solo me aparece ""Error 15""",1,2026-03-12 03:33:59
8c5e0b1a-79bb-4547-8ace-33fe5b289a6e,Nayeli García,"no me deja entrar, dice que mi sesión a expirado. ni como ir al seguro a una urgencia xq no te quieren ni atender🫩",1,2026-03-12 00:53:21
cb52753a-9752-4e11-90c5-4ae40eb94951,Laura Molina,"12/Marzo/2026 No puedo entrar a la app... no se que pasa... ya di todos los permisos y nada... se reinicia sola... necesito ayuda 😢 9/enero/2026 Trato de agendar y no deja me bota de la app y me dice ""ha expirado tu petición intenta nuevamente"" alguien más con ese problema? nunca me había pasado antes...",1,2026-03-12 00:34:25
f153b175-cb1d-4a58-beb9-cd5b2db87f77,Victor Tejeda,nunca funciona,1,2026-03-11 20:55:38
a467474e-bdc7-4c0a-a75b-6ccbbab68f21,Rosa Azua,"no sé si la app está mal optimizada o si de plano no hay citas, todos los días entro y nomás nada. se me hace muy mala app",1,2026-03-11 19:39:57
a19c4ce5-1008-4668-9db7-895cd8a9361c,Gabriela Luna,"Funcionaba perfectamente hasta la última actualización, ya no puedo realizar ningún trámite.",1,2026-03-11 17:25:23
7023159a-fa6e-479c-a3d7-6bb6d8df3bda,Mayka Ebadnne Bolio Esquivel,fatal no sirve,1,2026-03-11 14:58:54
82c68a4b-6a1f-47bc-b82b-9e84ed328124,Alejandro Sanchez Zapata “FuriaRojinegra”,No funciona la cotización de semanas ni en la aplicación ni en el portal.,1,2026-03-11 12:13:27
c0c66f35-a019-4afe-8994-f208862c69da,BboyRiic,"No sirve para nada. Todo el tiempo dice, en cualquier opción, que los servicios están tardando demasiado y que lo intente más tarde... No me sorprende, estamos hablando del IMSS, ya me esperaba un servicio mediocre y mal hecho como el que dan en consultas y seguimientos.... En fin.",1,2026-03-11 11:19:41
bde4b322-4d1d-44cd-8ebf-85de8d3840eb,CÓRDOVA RAMOS REGINA PAOLA,no sirve cuando quieres descargar algo siempre está fallando y quieres hacer el trámite en línea y es la misma basura,1,2026-03-11 07:40:51
f9e2804b-7f56-43b1-be59-9a47529498cf,Rodrigo Hernandez,últimamente está fallando la aplicación y está falla lleva más de quince días 😡😡😡,1,2026-03-11 04:54:55
64542d3b-0830-4256-adc7-c128c10d8a86,Juan Antonio Rodríguez,No me deja sacar cita,1,2026-03-11 00:48:45
22824cc8-393e-48df-abc0-59e9a86b0a3e,Áurelio Perea,no es por quejarme pero de verdad necesitan trabajar más es está volviendo muy obsoleta,1,2026-03-10 22:07:13
4f878baf-cc2f-4b8d-8e73-9cb836b7a3d5,Daniel Ayala Lugo,"no se puede revisar la información, siempre dice más tarde revisar",1,2026-03-10 19:59:19
0b4efcdc-d5b9-4335-ab03-960fca3ade02,Kjm Mkj,mala...no puedo sacar una cita para un dependiente,1,2026-03-10 18:31:04
e45d2975-de62-46a2-b91d-afab539ab663,Mari Sg,pésima aplicación no sirve para nada,1,2026-03-10 17:44:32
87f57cc7-f3aa-4278-b259-3c2320846bea,RENE QUIJANO,NO SE PUEDE REGISTRAR PARA NSS,1,2026-03-10 15:17:49
21c73e89-c307-483e-99fb-3b7910536217,V . miguelito Hernández,no funciona,1,2026-03-10 15:13:58
fd4ccaba-f0dd-4431-b436-fb267edaa8d1,Julio Gómez,Tengan cuidado. esta aplicación ya es obsoleta y está fallando demasiado. Trae virus.,1,2026-03-10 15:04:40
e6fea1b4-1b85-41c2-8fcc-a663fcd19060,Esmeralda Santos,muy mala la aplicación 😡 no te deja agendar o visualizar tu cita,1,2026-03-10 12:54:42
80d51d55-7df2-4066-b6b4-6e93549cbab8,Selene Aguilar,"últimamente no da los pdfs detallados de sbc, también se ha complicado el sistema de citas",1,2026-03-10 10:54:17
fc17281f-491f-4e45-8c16-83066729010a,Ángel Torres,No he podido obtener constancia de semanas. El servicio siempre está fuera de servicio.,1,2026-03-10 08:39:35
a3127c00-0772-4417-a0cd-4ac8adbe9bc4,Alejandra Delgado,esta fallando no salen los nombres para sacar cita a los beneficiarios,1,2026-03-10 07:20:41
70dac92f-c1d8-4cef-a85b-1a40bf54568d,Aryam Gonzalez,Mala,1,2026-03-09 21:02:19
1fd8cfdd-83c3-41a5-a4be-b30031a36c2b,Selene NormaPiña,esta incompleto su menú falta el apartado de semanas cotizadas,1,2026-03-09 20:52:38
fdb60653-2945-408f-8012-fd2f970abbad,Lina Polrol,"tercera vez que la aplicación no me agenda mi cita, llega el correo pero cuando llega el día según no hay citas, y les he demostrado que recibo la cita por correo",1,2026-03-09 18:49:36
6385a9be-3020-40a5-913b-4026026399a8,angélica miau,"no me deja cambiar de clínica, ni en la app ni en el sitio web.",1,2026-03-09 16:04:10
dfa4c417-4966-4574-ac15-9db368348433,mikey martinez,asco de app no sirve a todo aparece el servicio no está disponible e intetelo mañana y de ahí no sale,1,2026-03-09 11:08:20
653eaf08-a1a5-4d6b-9143-11f9e073a84e,Jose M Moran,"No tiene caso que muestre todos los días de un mes para obtener una cita, cuando al probar día a día la respuesta es: Citas NO disponibles Es más sencillo estar tres o dos horas antes y probar fortuna para obtener consulta que, al final, normalmente es para resurtir medicamento. En 15 años, tal vez, se solucione y ya estemos como en Dinamarca 😂😂😂 y, ahora, no borra las citas de hace dos meses. ¿a quién le encargan el desarrollo de ésta aplicación?",1,2026-03-08 22:25:20
4d31b97b-8932-4ce5-8def-cae49c7ad66c,Oscar Ceballos,Para ser una app debe estar funcional 24/7,1,2026-03-08 17:25:36
dc84692f-0333-40d4-b9e4-91b5cdde064a,Mimis,al principio bien y empesando el año muchas fallas 👎 en vez de mejorar va de mal en peor,1,2026-03-08 00:10:20
0f468942-d817-425e-8656-33ef2b16c7c2,ANA LUCY,está fallando mucho,1,2026-03-07 14:00:10
fba9b80b-9a18-485e-b563-35883ddb80fc,Homero Hard,"desde hace dos semanas hay problemas para generar la vigencia de derechos, tarda horas en llegar al correo especialmente en la madrugada los que reciben hemodiálisis la necesitan para que los reciban en sus clínicas por favor arreglen eso",1,2026-03-07 03:50:56
9a9393ac-a847-4984-b4be-52e3702aef92,JHOSEP JV,"justo como los establecimientos ""lento""",1,2026-03-07 01:44:25
0cd2ffa2-c3fc-498a-81f9-470b17a3df48,Sara Maritorena,nueva actualización y no se puede apartar cita,1,2026-03-07 00:43:52
6d0787bd-216c-42cf-88c7-d5c550c42c4c,Mario,"Falla, y mucho podrán ser necesaria para las empresas de este sistema pero la verdad es una basura esta aplicación del imss",1,2026-03-06 22:04:00
734a672b-9d9c-47d7-884d-fc22e2623446,Claudia Smith,no hay forma de borrar el nss que se registró por primera vezb,1,2026-03-06 13:39:41
a25ecad6-9c03-40b2-b262-aed2b9b59704,Rosa Maria Martinez Cruz,"tiene días que no se puede hacer ningún movimiento en la aplicación, los programadores que hacen que se pongan a trabajar, habemos personas tratando de usar la aplicación y no hay a donde reportar",1,2026-03-06 12:16:51
5aa95e3d-7d07-4891-b7c0-28fd1cbf8e4b,Oscar rene Cervantes garcia,ya tiene días que no abre la función de cédula IMSS y la necesito mucho porfavor hagan algo 👎,1,2026-03-06 09:19:02
8b5cb801-f328-48d3-9cb3-a196b2564ad6,Enrique Garcia Medina,de mal en peor!! ya ni me deja entrar a la 🈸.,1,2026-03-06 00:17:30
3757838f-a8cb-4cde-b334-cfafc69366ed,Tevan Hernandez,tengo muchos problemas con la ap,1,2026-03-05 16:33:32
c8101e01-2c72-4f60-a166-360bc8d7e2f8,Oscar Ivan Ruiz Martinez,"Se cierra la app al querer realizar cualquier trámite, no sirve",1,2026-03-05 11:14:20
4ac683a0-98cd-46e6-bbb8-2e01647016a8,José Luis García,"super malísima, gente, si van a descargar resultados de laboratorio no la instalen, nunca funciona para eso.",1,2026-03-05 03:41:32
0c21b0de-c789-4b21-95fd-1fa8cb0a634a,Lenin López,no me llega la información a mi correo,1,2026-03-04 23:24:00
4c972098-b2ca-4eb2-9c72-4d30a12083c3,Carmen Diaz,siempre tiene fallas para solicitar cita medica,1,2026-03-04 21:50:28
786ca9a3-06bd-4ae5-841b-b251f98bc2a6,Sesse Saav,es una tontería que no me permita sacar documentos en línea y sea obligatorio instalar una app,1,2026-03-04 20:10:51
58f0760b-f2c2-4818-b1f0-9903fdfbb4b2,Abisol Sinai Bajonero Becerril,"no puedo realizar citas, se cierra la aplicación automáticamente",1,2026-03-04 18:18:38
4a771ab6-c33b-4f80-bb46-87db65d4990a,josue jimenez,no puedo sacar mis semanas cotizadas,1,2026-03-04 15:48:04
b6258b54-65fd-4bb8-ba43-c68c0ca2a2b6,Carlos Sustaita,x más que intente nunca entre además que tan seguros están mis datos,1,2026-03-04 12:11:47
454ba7c7-c10e-49ee-8a1c-49458e6ecf07,Iris López,no funciona,1,2026-03-04 10:48:29
f02a065a-3d72-4452-b202-1f0110d3af14,Pablo Elias Lopez Mateo,"Muy mala aplicación Siempre dice intente mañana,no pueden mejorar la aplicación para que no suceda esto.",1,2026-03-04 07:23:35
9853bff0-6ab7-4dc1-a8ae-7473b8e16746,Fabys Lopez,mala,1,2026-03-04 00:34:29
88079827-6693-4f11-8e07-82c0bbcb75f2,Diego Andres,"Siempre hay falla del servidor, uno necesita obtener información y nada, pésimo, no se que paso antes no había problema",1,2026-03-03 23:41:16
1e570f5f-a1cc-4b4d-860a-e18e2534bd11,Maria Antonia Guerrero Juárez,últimamente no te deja avanzar al siguiente trámite,1,2026-03-03 22:01:25
4701eb03-7327-43dd-89d1-e51eff887b38,Emmanuel González Alvarado,no funciona la app y no tiene ningún ayuda,1,2026-03-03 21:51:57
73676b1c-fed7-44dd-8ed4-f6ddc965ff1c,Jessica Delgado,"que onda por más que ingreso mi nss no me deja acceder solo aparece un msj en blanco que solo dice imss y no avanza al checar mi reporte, que basura llevo 1 semana intentándolo",1,2026-03-03 18:45:47
6403064c-dee0-413f-a94f-56e05f700d65,Gabriela Quesada,"Muchas funciones de la aplicación no son coherentes con el sistema del IMSS. por ejemplo, te das de alta en una clínica y al ir físicamente no te dan servicio porque no te corresponde conforme a tu Colonia",1,2026-03-03 18:34:03
fe3322f7-7e10-4743-9ce2-427504f36690,Esmi Trujillo,Se detiene la app cuando intento obtener mi nss,1,2026-03-03 16:43:26
45fb3a5a-0b5c-457f-8c7e-1535c3164732,Oz León,"No deja hacer citas y en la clínica dicen que hay que hacer cita por la app, aparece que está fuera de servicio la opción y no aparecen los nombres para seleccionar.👎🏻👎🏻👎🏻",1,2026-03-03 15:05:31
868a99a5-0c59-4c5b-b365-64cb07dcfc1b,Mario Medina,La ultima actualización la hizo una basura.,1,2026-03-03 13:18:44
b17a80f0-7c42-4006-ad26-9127b3f91e79,Gloria Perez,ya no quiso darme cita.,1,2026-03-03 12:23:52
5b87d823-c482-4b8e-838f-675fbe408400,Abigail Mendoza,Llevo semanas queriendo revisar cédula digital y siempre dice que no está disponible,1,2026-03-03 12:21:19
49e30d3b-745d-4a7c-a5ec-feb22f73f4dc,Abilene Hernandez,no funciona no puedo hacer nada es horrible,1,2026-03-03 09:17:53
099685da-d27e-4981-a2f7-7cb36f8cd702,Erna Tercero,"no sirve nada, las citas siempre son para dentrocde un mes, no puedo bajar mis semanas cotizadas, no puedo actualizar datos y un largo etc.",1,2026-03-03 08:18:39
375cba0a-8481-46af-b890-f2cc5d3fdfba,Alberto Duran Rivera,"marca error de permiso de ubicación se le habilitan todos y nada, luego entra pero con pocos opciones no las que se necesitan arreglarlo por favor ya que ir a la delegación es muy tardado",1,2026-03-03 07:50:11
236fee66-14a4-450f-9734-d04583b2c42b,Rosy Plascencia,"no da nada de información, la aplicación no sirve 😔",1,2026-03-02 21:38:01
75240320-4db5-465c-b896-9e3657f7930a,Raúl Espinoza,"nunca me deja iniciar sesión, siempre dice que el servidor está tardando más de lo normal",1,2026-03-02 21:07:18
4d7574c2-5a2b-44f5-ac2f-0ec1c61ce9ea,karla guillermo,no me deja ASER mi citas,1,2026-03-02 17:01:23
33b4412a-2588-4dec-8757-1eed7f7d4e09,Marta Calderón,dice que mis datos no coinciden lol,1,2026-03-02 16:29:22
0feda488-2a9f-4854-9f90-df8bf4b9a2f5,Alan Reyes,"Se merecen cero estrellas!!! Todo trámite que uno quiere hacer siempre dice que el servicio no esta disponible, y que se intente mas tarde, e incluso hasta mañana No se puede hacer nada Para que crean su aplicación si es igual de deficiente que su servicio?",1,2026-03-02 14:28:51
49f87221-8837-44aa-9814-5d63f4f3f031,Maria guadalupe Ramirez rodriguez,no me deja hacer ningún trámite,1,2026-03-02 14:21:19
52c5d905-e514-4fc2-a6d0-dac9bb2e7758,ivan chef34,"no responde la app, y no deja sacar citas porque aún mantiene vigente las citas atrasadas",1,2026-03-02 14:14:59
8f62b933-8040-432a-922f-efc27d972b8c,Oli Brown,"Esta fallando mucho la app, no deja hacer citas ni imprimir la vigencia o el nss",1,2026-03-02 14:10:50
f5cab5b1-6bf5-4d79-b247-962108bbd65c,José V.,no sé puede descargar nada,1,2026-03-02 14:06:52
b3401b71-9cf7-4872-8ae3-dfa69651a673,david “Diablo”,"no sirve, servidor nunca está disponible",1,2026-03-02 13:24:50
124950c3-00ac-453c-af58-1d5db4227fe6,the aldaga,porque los servidores una infraestructura Nacional y gubernamental son tan malos? alguien debería poder al menos registrar una receta a través de la aplicación pero nisiquiera eso se puede,1,2026-03-02 13:08:43
f569f7ee-e22e-418f-8472-a89bf9bc1a31,Fernando Andrade,pésima aplicación,1,2026-03-02 12:17:45
d9359c50-1088-4093-8f77-da3f47e4339d,Mayra G Rodriguez Martinez,últimamente no está funcionado no me deja hacer cita que por falta de datos,1,2026-03-02 12:06:49
7ed213f3-032b-4810-8982-57131f2c9c7e,Pablo Emmanuel Reino Torres,pésima aplicación,1,2026-03-02 12:00:13
48c03a75-c3ad-41dc-aa8f-67871eeb9134,Eduardo Martinez,"la acaba de actualizar y no sirve nada , solo el nss, de ahi se trabaja en todo",1,2026-03-02 11:57:31
43e201c0-91cc-4fef-b88a-66e583be6260,Ariana Olvera,no funciona quiero revisar si tengo consultas con mi especialista y no me permite dice que intente mas tarde.,1,2026-03-02 11:41:04
2b1c34ad-efca-4435-b997-fb27dd7007bf,Araceli Barboza,"tengo tiempo que la quiero usar pero no me deja ,quiero saber que hago para usarla???",1,2026-03-02 11:38:07
1dee0d40-3303-4301-ae88-7548f2af6189,Maite Salas,funcionaba bien antes de la actualización ahora es basura,1,2026-03-02 11:15:21
b05c9ac4-326b-420f-bf94-a0556adc12b9,Un usuario de Google,"antes funcionaba muy bien, ahora no carga, no sé si está caída la página,pero tengo 2 semanas tratando de hacer una cita y no puedo., y en la clínica también se les cae la página, y los teléfonos no contestan, entonces? ni por un lado ni por el otro.",1,2026-03-02 10:53:48
d0e3e029-2456-4724-87b8-f38359cb7937,Rigo Gonzalez,no me deja hacer citas,1,2026-03-02 10:53:06
7feea821-81b3-4dca-b99f-182e2dabe35b,rikrdo perez,"era una buena app facilitaba el agendar citas, pero en su última actualización es pésima no permite hacer nada",1,2026-03-02 10:00:40
fa9f8ea8-8630-43ad-aec9-298c9d89969f,Ericka Rojas,"Pedía actualizar la app y se hizo, ya no deja hacer citas.",1,2026-03-02 09:19:59
cfeb14f1-22c2-4f4a-be7e-aca731fa3cd0,Gladiola Yuridia Cordero Fernández,"Lleva días marcando un error en los datos para sacar cita y no se puede agendar por supuestos datos equivocados en el ingreso, si mis datos estuvieran mal, no podría utilizar los demás iconos de la plataforma.",1,2026-03-02 07:21:14
c546cd3e-215e-4304-866b-4286b3711ef3,Jose Del Carmen Antonio Garcia,"YA NO FUNCIONA, NI SIQUIERA EL NSS QUIERE CARGAR 🤦",1,2026-03-02 00:49:48
82ebf595-ffac-4c3d-ae2f-fdf5a06e1dc0,Carlos Arturo Islas Sanchez,"Bajé la aplicación para hacer una cita en mi unidad, casa que quiero entrar a la sección de citas me dice que mi petición ha expirado una y otra vez. Uno supone que este tipo de aplicaciones son para ahorrar una vuelta a la UMF pero si no funciona, pues cómo...",1,2026-03-02 00:33:56
4aa7b8d7-dd7c-4b35-ac18-d4e4bd209710,Gerardo Flores,"horrible, cómo la atención presencial",1,2026-03-01 23:55:10
23123c10-b75a-4325-81ed-dd838508cbf3,Antonio Zacarias Rios,"funcionaba muy bien, con la última actualización no se pueden agendar citas. realmente con cada actualización apagan funcionalidades.",1,2026-03-01 23:29:09
9492b59f-5a31-40a0-9ec7-c051bc1e1c9a,yoss,Aplicación inútil con todas las palabras,1,2026-03-01 19:48:25
d89b9bf7-3275-4c45-b434-d9103d89b58a,Luis Mecalco,"No sirve la aplicación, tengo la última versión y cada que intento hacer alguna consulta, no es posible.",1,2026-03-01 18:27:47
182be294-e922-48d3-a19d-11559c4ad58f,Karla Ruiz,"Llevo varios días intentando generar una cita para mi asegurado pero no se puede. Dónde aparece ""para quien quiere realizar la cita"" no aparece ni siquiera mi nombre y tengo vigencia de derechos. Urge que la arreglen, por mi trabajo me es imposible ir directamente a la UMF. actualización al 01 de marzo 2026: dice que por inconsistencias en mis datos, no puedo agendar citas. Muy mal está app.",1,2026-03-01 17:10:19
41092bd0-da77-48a8-b6f0-efa57e9550e9,Francisco Reyes,malísima nunca sirve...,1,2026-03-01 15:58:21
3122d656-4d14-4abe-a236-e2ec20dd2e00,Jair,ineficiente igual que todo el sistema de salud.,1,2026-03-01 15:46:51
de5cedbf-8402-41d9-9fef-453e7fa647fe,Nemesis Soulcage,no me deja consultar mi número de seguro social tanto en la red como en la aplicación me dice que mi curp es invalida cosa extraña por qué es la misma de mi credencial intento ingresar y dice que sigue teniendo error o está aún peor,1,2026-03-01 13:16:47
8d41eae5-8ee2-488e-ab00-68cb7e77f67d,Eymi Jimenez,Que terrible que en muchas UMF pidan que hagas tu cita en linea y no puedas porque tanto la app como en internet no te dejen :( hay medicamentos que no puedo dejar de surtir y ahora no sé cómo haré para ir a un UMF a pedir cita como para que me den una fecha más cercana.,1,2026-03-01 10:53:30
b64e6c02-6a41-436e-b1fb-8c5d6ed14f74,Oscar Oren,Tiene una semana que no puedes sacar tú cita por la app y veo no hay solución.... Muy mala para muchas personas que no podemos ir personalmente a sacar esas citas.. 🤦,1,2026-02-28 22:13:49
cb8d3245-9dd8-4cd4-818e-97ea7ba19353,Spyro,me sale el error de inconsistencia de datos. Veo que no soy el único al que le está saliendo ese error que no permite agendar citas. arreglen ese error del app por favor,1,2026-02-28 20:42:34
66337752-55bf-4783-ba5b-f838c14c7a83,BERUGAL,no deja sacar ni una cita a ninguna persona,1,2026-02-28 19:17:32
42d3bbfe-dd4c-42a7-b999-c11926b9f284,Guadalupe Olmos,falla demasiado no se puede ni entrar,1,2026-02-28 18:39:29
c0b13405-3273-42f2-b171-b838a9af361f,César Barrón,no me deja entrar a la cédula digital de salud dice que no está disponible por el momento podrían ayudar a solucionar eso ya que llevo varios intentos en varios días,1,2026-02-28 17:39:37
4f6a4244-896c-443e-aa2f-f804ccdb9184,Diego Armendariz,le falta pulir muchos detalles a su app arroja muchos mensajes que error y que hay mucha demora no hay Información bien detallada,1,2026-02-28 16:09:45
b071b9a4-4f8b-438b-b317-4655302db284,Marycarmen Villegas,"alguien le aparece que existe inconsistencia en la información,no puedo entrar para sacar cita",1,2026-02-28 14:45:01
f891edf7-5fc3-492f-acc5-26cf338f73de,Martha Isabel Pérez Avalos,nomas no da el servicio requerido,1,2026-02-28 12:28:30
c213460d-3795-4bc2-a1d7-402c08cf1eed,Alejandra Fuentes,"No puedo sacar citas, me dice que mis datos tienen inconsistencias y que el sistema está tardando más de lo normal. Ya la desinstale y dice lo mismo.",1,2026-02-28 09:51:16
4af97575-c087-4607-a98e-9493391be816,Vero Hermosa,no puedo sacar mi cita de un tiempo para acá está fallando mucho me urge sacar cita saque bn la enero y febrero era muy buena app pero últimamente pésima me ayudaba mucho luego vas a la clínica y no tienen citas cuál es la ayuda 🆘🤦🏻‍♀️😡,1,2026-02-28 07:38:52
5a49212e-7893-405a-8b42-e428fe158088,Victor manuel Hernandez,"la app era muy buena ,pero llevo 2 meses que no . la misma no permite el acceso a semanas cotizadas , y este documento lo piden para iniciar una nueva relación laboral, tampoco se puede obtener el derecho de vigencia y menos el código QR ,mismo que las empresas ya lo solicitan, espero lo puedan solucionar de la manera más rápida posible.",1,2026-02-27 22:38:40
866dae4e-5a15-4423-81ca-c30b715f220c,Isabela Vazquez morales,muy mala no te ayuda en nada,1,2026-02-27 21:11:18
27faff00-7b98-4352-8d90-fc63ae0905d1,Paty Jimenez,no se puede abrir,1,2026-02-27 19:54:38
3ebf0e5f-3527-4ab6-bc31-e165ac05c5d1,MARILYN BAKER,"Estaba funcionando bien y ahora no me da citas ,que tengo inconsistencias en mis datos",1,2026-02-27 19:20:27
4064732e-eb5d-4bfe-a963-b98c790a1bf4,CARMEN HERNÁNDEZ G.,"Me había funcionado muy bien hasta ahora, no me deja entrar a hacer citas me dice que hay inconsistencia en mis datos y no me permite hacer la cita",1,2026-02-27 17:53:15
4276129e-7469-40cf-a410-004821a73df8,jokkers 31,malísima cada ves peor no puedes hacer nada en la aplicación siempre marca errores la verdad no le daría ni una estrella pésima así como el servicio en el imss,1,2026-02-27 17:36:41
c886386d-fab0-420a-9698-0bca3810f8f3,Jenn Segura,"pésima app, no deja programar citas, solicitas una vigencia y no llega al correo solo te lanza la ventana emergente de que enviaran al correo y nada que llega. es extremadamente lenta y para que no haga nada.",1,2026-02-27 16:03:25
ce5c3991-39b1-4e96-8326-69882ed0b1c7,Mario Alvarado,no me permite generar cita dice que hay inconsistencias en mis datos pero siempre habia podido generar citas,1,2026-02-27 14:22:16
d88e5c1e-6663-4c1e-a01c-e03082451022,Sanha Estrella,"tanto la aplicación como la página web no se puede ingresar para hacer citas y es un fastidio tener que estar saliendo para poder hacer citas para los beneficiarios, si hasta en las unidades médicas se les cae el sistema que se puede esperar con una app",1,2026-02-27 13:57:43
da731298-0282-49b0-946a-c1942014b39e,Edgar Díaz,¿porqué ya no aparecen varias opciones? por ejemplo consultar la vigencia.,1,2026-02-27 12:28:35
c3f6767e-1479-49cf-a31e-c311bc0ca247,Alberto Salmoran,"ya no la chingan, porque borraron la pestaña para obtener la vigencia de derechos? arreglenla de inmediato...😡",1,2026-02-27 12:28:09
ca0aea4a-085f-4a82-a80c-7f978afe48d5,Loto Blanco,"Por qué razón la interfaz de la aplicación para mí curp y correo, no aparece completa? no aparece la opción para obtener mis semanas cotizadas, y demás datos que durante mis años de labor he ido generado, y a los que tengo derecho a tener acceso. Tiene esta situación relación con el hecho de estar con actividades suspendidas en el SAT ? señores desarrolladores...",1,2026-02-27 12:13:07
c8409e1d-ec04-48bb-ac7b-5357bf7e761c,Jared Landeros,"es mas lo que no sirve que lo que si, de las 3 veces que e intentado sacar una cita 3 veces e tenido que ir a sacarlas a un centro medico",1,2026-02-27 11:14:15
66537e9b-5c76-46fb-ab4f-b3fbdad10f67,jose eduardo monjaras ponce,yo no puedo checar mis semanas cotisadas cuando me dise k verifique el correo siempre me marca k la aplicación está tardando más de lo normal y k cheque más tarde lo vuelvo a intentar y no me dise lo mismo ...,1,2026-02-27 10:48:35
dcc75349-f28a-49a2-a44a-7a12e3df0d12,Jorge Fere,colo para cuando arregla su aplicación??? cada vez peor. se tarda demasiado en cargar y ahora ya ni se puede acceder a toda la información personal. ineptooos!!!! 😡😤😡😤😡😡😡😡,1,2026-02-27 10:40:12
17fe2925-0548-4322-96d9-19b2fd80bb63,César amaral Valdez Rosales,por quería de app no funciona no deja sacar cita,1,2026-02-27 10:38:01
7e179040-d6e4-4ffc-8717-0c6957bfe538,jaime gerardo fuentes,"no me deja sacar citas, que por una inconsistencia en mis datos, qué es eso?",1,2026-02-27 10:34:49
0a82ab8e-6641-41c0-ba39-982a8a5ccb6d,Juan Charrascas RomAlv,ya no me deja sacar la constancia de vigencia de derechos,1,2026-02-27 10:17:52
03f3153e-7758-49cd-95e6-9288a482e8d2,David Salomon Perez Reyes,pésima aplicación la actualizaron y quedó peor ya no se puede ver la vigencia de derecho es una porquería,1,2026-02-27 09:32:28
fdd42c16-a6c6-49eb-95ce-a70446889e7b,Karla Aide Jimènez De Los Santos,"Esta app es pésima, siempre falla y más para solicitar el NSS ni la app ni la página funcionan 👎👎👎",1,2026-02-27 09:07:01
e30258bd-3189-4068-ad7e-1f1e42badd94,Gab L B,"Funciona cuando quiere... y sí logras entrar, es imposible obtener citas médicas para culaquier área... y más para el médico familiar",1,2026-02-27 08:45:15
1241e9cf-fc01-47ae-b29d-f428f584c846,Martha Robles,no sirve,1,2026-02-26 23:02:42
ecb1f508-d73f-4fdd-9302-d90b5e6a4879,Alpha Calibraciones,"pésima actualización, ya no me permite descargar mi vigencia de derechos",1,2026-02-26 22:20:30
2fb01473-afcc-45e0-92f0-50931e42a298,Magda Rojas,no abre,1,2026-02-26 20:33:20
3f628a07-b544-4286-ba32-cfc21535850e,Jose Luis Ayala,"tiene algunos meses que no la uso y ahora no le deja sacar cita que por algunas inconsistencias en mis datos que acuda a mi clínica, entonces para que carajos es la app ?? igual vas a la clínica y que citas solo por la app ????? ni aca ni alla !!! esra de la chi.....",1,2026-02-26 19:47:07
a46fd056-1274-4f3a-a7e2-1bcaa3a4b8db,Alexale co,últimamente falla demasiado,1,2026-02-26 19:43:05
ae2dcc71-16e4-4de6-b7c5-126c054aa3f4,Luis Alberto González,su app falla demasiado solo se queda cargando !!! urge que lo arreglen!!,1,2026-02-26 18:45:50
1524bc65-b742-4493-8702-571331fd8ff8,Yedany Villanueva,"La última actualización no me permite agendar citas, me pide que acuda a las instalaciones. Por favor solucionen eso, no es nada práctico!",1,2026-02-26 18:22:37
007ca2a3-62c4-4a89-9a0a-781935fe2dc6,Christopher bryan Zuñiga diaz,asco de aplicación nunca funciona,1,2026-02-26 16:49:12
489dbf77-a1b0-41e9-a80e-a51ec8ea65ff,Arlene Guadalupe Acosta Mass,"muy mala, no funciona, se queda procesando",1,2026-02-26 16:41:25
5978cb45-db67-47c0-af2e-a985c7c3d524,César Rodríguez Castillo,"Con la última actualización la echaron a perder, tarda mucho en abrir y ya no te deja sacar la vigencia de derechos.",1,2026-02-26 15:59:43
2fcc6fac-259f-474c-9efe-b204034ae633,HECTOR SAGA,no le dan mantenimiento como debe antes estaba rápida ahora esta muy lenta e intermitente no dan solucion.,1,2026-02-26 15:38:43
8989b721-bfef-4f80-9510-55e5c9f408a4,Un usuario de Google,"esta última actualización esta fallando mucho, no deja agendar cita",1,2026-02-26 13:05:53
39449541-cbe5-4278-b6a8-334924aea4ba,Bitia Varillas Flores,pesima actualización,1,2026-02-26 13:03:04
849b4a4b-7d31-4399-839b-f83ebde80eae,david martinez,"no sirve esta app. carga demasiado, que bueno que no me estoy muriendo porque si quiero sacar cita por esta app me muero primero",1,2026-02-26 12:52:39
e433817a-41b8-4b36-ba8d-2e77100f8914,ARACELI TAPIA,no sirve la página,1,2026-02-26 12:41:49
3c34633e-0c79-4899-abe6-a07d6416efb4,jose manuel cisneros rosas,no manda el código de verificación lo reportas y dicen que ellos no tienen ningún reporte de fallas (aún cuando estás enviando la evidencia que te piden )y no te solucionan nada en soporte ni en la página ni en la app,1,2026-02-26 08:22:32
6707ae25-3b2d-45e5-9bb4-c15b9b74fd94,Johann Ulises Zepeda Silva,no sirve está app hace días agende una cita le doy a mis citas y me aparece que no existen citas,1,2026-02-25 22:40:12
f29351a5-48d2-421e-94e4-5d35faf05cfc,José alberto Castañeda Gonzalez,No sirve no me manda el código en la cedula digital de salud,1,2026-02-25 17:33:31
2f04b15a-3c83-44f1-853a-0654e1c2758a,Raúl Tadeo,nunca puedes agendar una cita,1,2026-02-25 17:15:12
a8e2699c-eb00-45d4-b722-8650c1b521ed,German Fernandez,"no me llegan a mi correo la vigencia de derechos ni otras cosas que he solicitado, desintale la aplicación por si había algun problema, y pues resulta que según me envió un código de verificación al correo pero tampoco me ha llegado 😭😭😭",1,2026-02-25 12:14:09
1fbf34b4-799a-4080-a5dc-63183545286c,Paola cipactli Concha Hernandez,"no quiero poner mi INE ni mi celular, no pueden negarme a solicitar una cita por medio de la aplicación si no tengo esa información, todos modos llevo mi Carnet con mi información y foto cuando consulto, es anticonstitucional",1,2026-02-25 01:10:25
61e029db-c878-48e9-953b-5b54f4a89bc6,ANTONIO LIRA,mal servicio,1,2026-02-24 23:41:32
b99303ad-e1d4-4ae7-b031-fdd3fc63469d,R. CarreonCarreon,"no funciona la opción de ""cédula digital""",1,2026-02-24 22:54:01
b418d43b-7dab-4cf9-ba38-e5767076ffe1,Gabo Mora,muy malo,1,2026-02-24 21:49:50
d8edc1e1-4437-4358-92ae-6b39033ac2cb,Gabriel Camargo Martínez,no sirve esa aplicación,1,2026-02-24 10:25:35
37665eca-0c48-414d-a35e-905709793a44,Isaac Flores Perez,"muy mal todo, no puedes agendar ni ver nada, sus actualizaciones están de adorno, ni consultar semanas cotizadas, ni hacer citas o cosas más simples, prácticamente descargarla no sirve de nada actualmente",1,2026-02-24 10:02:38
71b6cb5e-5726-49c3-a8e6-02ed577a82f2,Edwin Moreno,Horrible,1,2026-02-24 07:40:28
16035e24-e9be-4bee-842b-fea2cb2fceb7,Andre Gucheli,no sirve al enviar vigencias,1,2026-02-23 20:59:22
8f298539-a58f-45bd-bebe-19a02982672f,Alexa Ramirez,"muy inútil la aplicación, no sé porque existe si siempre falla y hasta los enfermeros y los empleados del imss dicen que no uses la aplicación porque nunca funciona.",1,2026-02-23 16:31:03
99fbd17a-5a90-4ece-a90a-9bd9f94a6329,Berenice Carolina Coello Delgado,no m deja entrar el servidor para bajar mi vigencia d derecho,1,2026-02-23 10:45:24
72f4038c-ce59-4b03-8e4e-7e0f2a657912,MANUEL ALBERTO MARROQUIN JAVALOIS,me esta costando mucho sacar una cita con esta aplicación,1,2026-02-23 09:40:32
b283e9dd-2baf-42a3-8381-309537e4843a,Eira Lugo,ha estado sin servicio para sacar la vigencia y es desesperante ya que la piden para muchos trámites,1,2026-02-22 07:02:16
0518e4f7-9f8a-4a91-a712-63ddd1cb5f01,Brandy Meneses,no permite abrir ubicación y cotas médicas,1,2026-02-22 00:55:32
3b8a8bb1-c865-49ee-ad06-7af0a99aec76,Antonio Avelar Soto,"Que se podía esperar del imss, una basurita la app",1,2026-02-21 23:36:53
97d9fa68-bb17-4ee2-ac90-9fd6dc95f885,Payo PAAX (Payo),saque una cita y desapareció cuando la consulte para mostrar la cita en el hospital.,1,2026-02-21 13:16:32
55ea28c0-ce80-402e-abcb-77f664ba7c8e,MIGUEL ANGEL ESQUIVEL Martinez,no puedo descargar mi vigencia,1,2026-02-20 21:00:10
95307126-4a1d-4737-854e-51bcad542dc9,Gustavo Angeles,"no me deja agendar cita, cuando me intento meter al apartado me saca de la app",1,2026-02-20 14:43:29
4eb37a92-5150-4c6a-a178-41ad18eefa49,Gerbhart Von Blucher,"ni siquiera abre, dice que se envio un código y no llega nada",1,2026-02-20 13:28:56
67dafcac-93e8-44ac-8e24-137b5d428966,MONICA DELFLO,mala,1,2026-02-20 11:04:37
b97deb7e-35d5-476e-a8f7-b2b45cef4650,Viictor hugo Vazquez moreno,no sirve,1,2026-02-20 01:36:43
506b3579-f026-42f1-a71b-8b74bdabb148,emaneis123,no está la opción para tramitar la vigencia de derechos,1,2026-02-20 01:33:45
6f5d304a-10ee-4246-aca9-4e31a8516c72,Julio Sánchez,no me deja abrir la app,1,2026-02-20 00:11:33
05939ff7-8650-4745-bd91-07bc85de3767,smoky PRO,se puede reportar el desarrollador? ya que no permite visualizar nada y Enel hospital dice que ahí se visualizan los estudios y pues no resuelven ni por parte de IMSS ni de aquí,1,2026-02-19 17:42:17
142c8b97-36c1-4891-95eb-5ce63225d588,Diego Alonso Nuñez,"Hoy me hablaron para cancelar mi cita ya que no había médico en mi consultorio que si quería la atención tendría que agendar nuevamente otra fecha en la app. Bendito IMSS, que forma tan sutil de mentarte la madre.",1,2026-02-19 15:07:34
3671732f-4147-43d8-baec-e0aa7db67622,Joel Lopez,no me deja aser ningún trámite no sirve para nada no la recomiendo,1,2026-02-19 14:21:02
4a219949-29f4-46b5-bb38-4f804e9bbd14,ivon cruz,no sirve nunca,1,2026-02-19 01:48:05
53b43d29-ed5f-4af3-8be9-9a12abed6d60,Bryan Ortiz,no te permite aser nada,1,2026-02-19 00:43:02
ce7e3da5-0f71-4f83-8d4a-64401291dfe7,Zulli Hernández Becerra,"En lo personal a mi me funcionaba, pero llevó día sin poder realizar mis citas",1,2026-02-18 19:35:27
e6a33aeb-75e5-4462-bd61-39309d3d0532,SYSAP,no funciona desde finales de 2025,1,2026-02-18 14:02:50
5f5d5719-2b7f-4098-849a-5c5485ab2b85,Alexis Santana,Por más que quiero intentar sacar mi constancia de vigencia de derechos no puedo,1,2026-02-18 05:24:05
b205f02d-488a-4f22-b8fa-6bea4dec7ed5,Laura Gabriela Roblero,no puedo agendar mi cita,2,2026-05-29 12:25:46
e48a427e-2d32-435f-926c-21b32b4820f0,Andrea Herrera,"Funcionaba muy bien, hasta hace poco que comenzó a hacerse más lenta y no me deja sacar citas, ni siquiera aparece mi nombre cuando selecciono beneficiario",2,2026-05-26 18:20:58
b3b58c8d-36e3-487d-8bee-bbcb9af8fc45,J. Ramz,no me deja ver mis laboratorio dice error biométrica,2,2026-05-25 10:17:46
9b59d982-a4b0-4390-a18d-66edf41f6d43,olivia figueroa cervantes,no funciona,2,2026-05-21 02:49:42
3a03e604-3caa-47c3-ac98-a8d4ce0296b5,Alfonso Torres Gerardo,"Al querer obtener la constancia de semanas cotizadas, te dice que el servicio no esta disponible.",2,2026-05-19 20:33:21
c0ccdbc9-cd46-41f5-bb8f-729104e18755,Mr. Demonio Meliodas,basura de app mejor no hubieran hecho nada. ni mi cédula digital puedo revisar ni para optimizar está basura pueden.,2,2026-05-15 17:56:43
90237a97-0341-4914-83ae-b75117185bc9,Nan Ody,no puedo ingresar a la aplicación y no he cambiado el correo electrónico y me dice que mi correo fue modificado durante el día y yo no lo he modificado alguien más lo hizo necesito el acceso a mi aplicación cómo le hago?,2,2026-05-15 17:04:46
8af09473-7e05-4e81-9e79-733aad12e707,Rocío Marquez,demasiada gente,2,2026-05-15 10:09:20
6d512754-d30d-4b78-9410-1815b1010739,Ricardo Rios Morales,muy bien excelente detalle 🙄😕ahora que pasa todo iba excelente ahora no puedo enviar mis semanas cotizadas y el Carnet digital me aparecen biométrico errónea 707 con la pena les quitaré 3 estrellas hasta que quede arreglado les pondré las otras 3 que faltan,2,2026-05-13 18:35:17
04c82654-a3e7-4a3f-aae0-05e59a27d5c0,Gigi De lluvia,"Ahora que actualice, ya no me deja ver las citas que tengo y tiene problemas para vincular con el calendario de Google y antes no.",2,2026-05-12 11:30:14
f39f141d-ebb4-4677-9235-8d0edf51a8c0,Miguel Angel,no está funcionando desde ya a se muchos meses,2,2026-05-11 16:02:29
be146cf1-78f3-43ed-a43c-bb89c0193997,Belinda Lopez Gonzalez,intento usar esta app de IMSS digital y me dice que esta fallando,2,2026-05-11 11:36:29
388822f1-c7a8-4d91-9d4f-5b346cc9374d,Josue Peñaloza,ya tiene meses si no que más que el año que la opción de cédula digital no funciona. en algunos celulares sale error de conexión y en otros error 700.,2,2026-05-06 18:22:40
4794d0c4-3007-4b4e-aee8-e21ad2e81811,Eliam Lara,"Antes funcionaba bien, pero ahora dice que no tengo vigencia lo cuál es falso, tengo por parte de mi papá que fue lo único que me dió, lo enredan con lo del trabajo pero si tengo por parte de mi papá y antes no me daba este problema, y por lo tanto no me deja hacer citas y casi ningún movimiento.",2,2026-05-04 17:27:22
73993249-d7b2-4f11-99d6-13ebd3b9a146,Fernando Bautista,No me deja ver mis citas agendadas aun que las envie al correo electronico,2,2026-05-04 07:52:43
6dc4258b-988e-436d-b5ee-40a208d7f86b,Roberto Rodriguez,"Ojalá se pudieran hacer otros tramites más fácil, no puedo checar resultados de laboratorio ordinarios",2,2026-05-03 16:59:35
1d160253-a95e-44fd-b9b7-e3dc04a2622e,Paula contreras,se está trabando mucho y no deja sacar en nss,2,2026-05-01 14:22:13
ce933552-9e06-4804-8180-35d29163a620,ELEAZAR HERNANDEZ AGUILAR,mala es pecimo serbicio,2,2026-05-01 12:43:32
452becda-2bbc-44e0-90ae-8cc011c07bd5,Lucía Rojas,Hasta el día de hoy no he podido accesar al botón de cédula fiscal para poder ver mis resultados de estudios de Laboratorio.... 😏,2,2026-04-29 21:05:21
4bfc6559-3c0b-4dd5-b67f-c30eed362877,Anastrid Quiroz,no hay dia que no tenga falla,2,2026-04-26 20:13:13
f5d6c717-e17d-4506-8a05-d35b3b1928b3,Diana Macias,a veces funciona bien a veces mal. Sacar una cita es cuestión de suerte.,2,2026-04-26 10:07:42
91f0ea3a-a7b1-448b-a5e4-f20844f84556,alejandro valenzuela gonzalez,siempre falla,2,2026-04-24 08:50:03
e96317ca-9fb6-49cd-92b5-1d4e162f4e7a,Ernesto Paul Martinez Hernandez,no manda los archivos,2,2026-04-22 19:23:02
67969f21-b17e-4de9-8ca3-bb81c37f538d,Cristian Orozco,"no deja descargar reporte de semanas cotizadas, no deja realizar trámite de cambio de clínica, ya ni intente sacar cita, si dejara hacer eso la app?",2,2026-04-19 20:49:50
11b5a074-1fc8-4cfe-b60d-4ac322de4da2,José de Jesús Morán Santacruz,MUY lento el sistema,2,2026-04-17 15:42:59
9ee39a29-3ad4-404d-b212-e87d5f600a82,Isamara Alejandra Sandoval,"nunca está disponible y cuando ""funciona"" se traba y después aparece que no está disponible hasta mañana, en una emergencia no sirve para nada",2,2026-04-15 12:48:22
800da588-8776-470c-8b53-941ac6b6040e,ViVnia Vi,ACTUALIZACIÓN: 15/Abril/2026 al fin pude agendar cita. En la unidad médica no quieren darnos cita que solo por la app o por teléfono.,2,2026-04-15 10:24:01
67b1f59c-3ebf-4e23-98e2-ed433ad720dc,Sweet Jesus,"Mal, si quiero consultar mi constancia de semanas cotizadas, me dice que no hay servicio, ese error deberían revisarlo lo antes posible, y luego tarda para cargar algunos datos, la verdad mala aplicación.",2,2026-04-14 08:21:26
911d1387-3e0f-4825-ad07-a3da82cbb9ff,Laura Buen Abad,"funcionaba bien, pero ahora ni puedo sacar cita, no pone los beneficiarios, por qué?",2,2026-04-11 16:54:09
c3718941-bc6a-4066-8615-a97fcf394d32,Erik Moisés García Rojas,agenda citas y llegas con tu confirmación y no apareces en sistema. A veces no funciona la app,2,2026-04-08 19:09:16
6d1b483f-3876-4761-be30-d8023f0da7f8,Manuel Raigoza (Manolo),"Últimamente no está funcionando en mi celular, para agendar cita me recomienda qué acuda a mi clínica por que en la app no está disponible.",2,2026-04-07 04:54:49
2457d5a0-8df2-4b58-8a77-9a85d7072eda,Abraham I,"No sé que pasó, pero le quitaron las funciones más útiles, se podría consultar semanas cotizadas, vigencia de derechos y ya no.",2,2026-04-06 10:25:45
8de28462-6686-4d04-babc-3944d14b932a,Jose carlos Leyva,"Tiene muchos fallos y no se solucionan rápido, no sé si sea por temas festivos Pero todo empeoro desde que tenemos que registrar el número del cel.",2,2026-04-05 12:16:32
93f803e6-cc0b-40f1-98bf-e7841262121f,Slay DoZ,"tiene varias fallas, ni si quiera aparece la clínica a la que tengo que ir, entre otras cosas",2,2026-04-03 19:59:25
c14c9743-12ac-4a80-abf2-f7f4197a1848,Virginia Sierra,"se ralentiza cada que intento ingresar, no deja pasar desde seleccionar persona para la cita",2,2026-04-01 09:15:34
9d56c5fd-843c-4c34-9a59-69808d7e0a2d,thelma,no permite que puedas ver tu citas agendadas.,2,2026-04-01 01:00:18
6ff922c2-382f-4add-b7d9-5652fcd5c9c7,Vian Montejo,quiero hacer una cita y me dice que el servidor tiene problemas y entonces uno ya no puede entrar,2,2026-03-31 05:57:25
190b3018-24b1-414a-9d1d-a9c578a5129c,karina balderas,"No sé porqué pero de un tiempo para acá he tenido problemas con emitir mi constancia de vigencia desde la app, es algo totalmente fastidioso y que perjudica al usuario, igual desde el sitio web no puedo y no entiendo",2,2026-03-29 23:15:54
508da9a0-6a0b-4136-9017-359570d7ee84,HUGO CABRERA MENDEZ,No se puede sacar cita,2,2026-03-27 21:46:37
8709be94-ab43-4e0e-bff9-858ffeec2ea3,Macy Gamez,marca que la app tiene un virus Troyano,2,2026-03-26 14:49:27
1081cc83-bf6b-48e3-a882-3d2f6f211064,Alan eduardo Fuentes rangel,desde ayer no deja hacer cita con médico familiar así mismo por llamada telefónica que mamera que uno pone los 10 dígitos de número de seguridad social y que según estoy equivocado .. te disque transfieren con un operador y ni contestan ya no jodan ya arreglen la app hagan mejoras busquen las necesidades ( ver resultados médicos rayos equis laboratorio ) ver incapacidades y st7 y st2 que sea más digital todo,2,2026-03-25 07:54:02
291d2649-7795-4cf4-93cd-82b5d9bc6955,Vanessa Martinez,"ya van mas de 20 dias que falla la aplicación es imposible agendar una cita medica por esta vía; de lo demás a resultado muy práctica puedes descargar y enviar al correo semanas cotizadas, numero de NSS entre otras.",2,2026-03-24 21:46:37
7e0f92ed-27af-41b0-a154-aa4cb3e53338,Rodolfo Botello,"Si no puedes sacar cita en dos meses no te dan más fechas, incrementen el tiempo para poder realizar más citas",2,2026-03-21 11:45:59
f64910fa-6ab4-49f7-861b-c02fd5452854,Vale hector Delgado,muy mala no permite ingresar al servicio. lo intentado muchas veces e actualizado la app. sin resultados .,2,2026-03-19 12:06:31
174dd41a-79d1-4648-935a-a8f3cdcdab1a,David M***G,NoAbre la Aplicación 🈸,2,2026-03-19 00:57:02
862af7cc-87f8-4fff-b2a2-33589f1e87bc,Hector Hernández Sandoval,"No me deja hacer el cambio de clínica, me marca error por favor ayuda",2,2026-03-16 22:55:22
5871f1fa-7501-44ec-9c76-c7cf621da58f,pety casas,"estaba funcionando bien, pero en estos últimos días ya no me deja agendar cita, espero que la compongan pronto, ya que es una herramienta básica para los que no tenemos tiempo de ir a la clínica",2,2026-03-16 19:18:43
85f4ab6a-6eec-42ca-900b-eaa65984d78c,karen merida mejia,la aplicación está generandome muchos problemas no puedo ingresar desde hace un tiempo y ya se acerca mi cita :(,2,2026-03-14 22:42:30
2edc7ec9-9026-4613-847a-4a59c0082cec,Bryan Campos,Los mensajes llegan con desfaz de como 2 dias hasta 2 semanas para verificar el correo y checar las semanas cotizadas etc,2,2026-03-13 12:53:41
50c2ca9a-8b06-44a8-a7b5-18e9ad2bad04,Fa Lunaar,No funciona ayudaaaa,2,2026-03-12 20:23:49
09a837ba-ab20-4f23-b649-f87f489822a6,Alejandra Ramirez,"al principio que la descargue, excelente aplicación después comenzó a fallar, reinicie mi cel, volví a instalar y todo sigue igual no se si es falla general o solo en mi dispositivo pero ya me dio flojera espero puedan arreglarlo si es general ya que en lo que funcionó si se me hizo útil, gracias.",2,2026-03-12 00:22:28
9f020786-9256-4e8a-81a4-3e8dfa58f5f2,Manuel agustin Hernández,no la puedo usar,2,2026-03-11 09:02:54
54e96e00-6288-4c1f-b220-012f11e686e2,URIEL PORTILLO,"Arreglen la aplicación, no llegan los correos con las constancia y tampoco se puede verificar los correos.",2,2026-03-10 10:33:12
62b7eeb7-9518-4b33-9ae8-fbbd1a548670,Sandra Mirelva,Depende mucho de las actualizacioneQue el propio Imss haga de su servidor la aplicación a veces no se enlaza con el correo electrónico entonces te va a fallar todo el tiempo y debes ir a ver cómo arreglar personalmente,2,2026-03-08 22:10:34
1d497d67-96ca-40b5-936c-bb5e3a4adcca,alma cardoza,No deja sacar la cedula digital. 2 semanas intentandolo sin éxito.,2,2026-03-05 01:06:07
ab79c0e8-52c5-4f77-bac2-ab646806e464,javier loyola,No función correctamente se tarda mucho o manda error de servidor o de conexión muy mala,2,2026-03-04 12:03:52
04849985-92b3-4141-9a71-33529a90ce7d,Diana Nalleli Felix Guerra Lara,"en los últimos días he intentado sacar cita y no puedo, me sale que los datos son inconsistentes y no puedo",2,2026-03-02 12:06:25
80d80487-8772-4d65-b5db-445fe7aa2042,JFV Hunter,"Desde la actualización mas reciente que me pidio la semana pasada no he podido agendar cita, sale error de datos o sale problema con el servidor",2,2026-03-02 12:03:31
91f2d134-74a2-4320-91a3-8da6bbec4092,Guadalupe C,Las citas no se agendan de forma correcta. Cuando vas a la clínica te dicen que no está agendada en su sistema. Aún cuando tú ya agendaste la cita desde la aplicación. Aveces te manda mensaje de que el servidor no es disponible y no te deja agendar la cita,2,2026-03-02 10:56:52
31af6ca4-042d-44b9-86b3-3ffd6a17781e,Mayhiana BA,"funcionaba bien hasta la última actualización de febrero, ya no permite visualizar beneficiarios ni agendar citas médicas",2,2026-03-01 20:30:22
71b93b63-14b3-480a-885f-e916a72f7fbe,Angie Medina,me.funcionaba perfecto pero me pidió actualizar y me marca inconsistencia en mis datos y no me deja agendar,2,2026-03-01 18:07:22
62d565e9-eebf-4753-bdab-929aa3bd9c3a,JOSHEP B,"acabo de actualizar y ya no me deja sacar cita, antes estaba genial...",2,2026-02-28 17:06:42
2a55119c-1b80-4ae2-b950-e222ca204093,ale Jahandra Mendoza,"Tiene días que no me permite sacar citas, dice que hay inconsciencia en mis datos y en la de mi hijo no permite sacar su constancia de vigencia",2,2026-02-28 13:16:44
b573fea4-67ac-4883-ad98-70e3c379b017,Alejandro Riverol,"No carga, solo me aparece que demoro en cargar mucho",2,2026-02-28 08:09:36
72b7aec0-9d27-4123-b8a9-866555bc5dec,Salvador Moreno,"funcionaba bien , pero ya no funciona no permite hacer tramites",2,2026-02-27 20:08:49
3c785bda-fde4-4885-aa5e-5f98fd84dac2,Juan Pablo Acosta Ramírez,"No es posible agendar una cita, indica que existe una inconsistencia de datos. No se soluciona cerrando la sesión y volviendo a entrar.",2,2026-02-27 19:27:30
6aa2e53b-e07c-4f10-bd52-9492beff2e2b,Maribel Garcia,"Tantos años y no han podido hacer que funcione bien. Siempre se traba, no te deja consultar nada, no te deja avanzar, te pide siempre un permiso (que no es necesario) y muchas cosas más :(",2,2026-02-27 11:01:52
b1d7b3ae-3337-467b-8f0e-b05dcaa5abaf,alejandro juarez,con esta actualización ya no puedo solicitar mi constancia de semanas cotizadas ....,2,2026-02-27 09:06:31
9e922533-0661-4790-80cd-a9f512103c15,Ma. Del Carmen Tabares Silva,"Se cerró mi seción y ahora no puedo entrar, es más flexible para poder sacar cita, l e quito estrellas porque esta fallando mucho, entro se tarda mucho y no me da las opciones",2,2026-02-27 07:44:11
1dc2c28f-25d6-49a9-8774-d65b555dfb37,Carlos Zambrano D,por qué retiraron la opción de obtener el reporte de vigencia de derechos? era muy útil. la página web no sirve,2,2026-02-26 17:48:19
6abb2845-f6fa-4f0f-ba3d-28163df2fa59,jesus ivan flores valencia,"Mala la última actualización, le quitaron la posibilidad de solicitar las semanas cotizadas y el resumen de historia laboral. Urge Regresen eso a la aplicación y otras opciones que le quitaron.",2,2026-02-26 16:08:12
366cc8fb-93b6-4725-b862-566c06ea5583,Taxqueña Ruta 5,"muy lento últimamente,tengo más de dos días tratando de descargar una vigencia y dice q el servidor está más lento q de costumbre,q se hace en esos casos",2,2026-02-25 08:22:36
dc6d82c5-e392-4870-89b3-1c19ee42ed85,MERCEDES CARMONA RUIZ,no sirve. no abre la aplicación,2,2026-02-24 10:24:04
7fe542a8-9800-430b-92ba-c71c5f4d4cfb,Ministerio R&A,"Tarda mucho, no te respetan las citas generadas en la aplicación cuando vas a la clínica.",2,2026-02-22 14:18:11
5b669007-d89c-413b-ad85-9beeab30ef79,Omar Mulsa Rodríguez,"Estaba bien porque podía tramitar mis citas en el seguro y presentarme sin problemas,pero desde hace 5 meses he perdido 2 citas ya que la enfermera me dice que debo ir a la clínica para confirmar que mi cita está registrada y la verdad a veces no tengo tiempo porque la mayor parte del tiempo me la paso trabajando en otras zonas del país....así que por favor hagan algo para mejorar esta app y el servicio en las UMF.",2,2026-02-22 01:56:15
a976da53-49d2-4e5a-9ab5-a0b67b239f58,Eladio Mejia,"No deja asignar clínica, pésima app",2,2026-02-18 20:26:16
f1b902b2-c8b3-48df-bbe2-6b2dc5361dea,Jesus Hernán,buena,3,2026-05-29 09:32:21
b4bdb215-b329-47cb-85bb-2c9db0f9ad8d,Tais Medrano,confusa. no permite hacer más citas en el mismo día para la pareja,3,2026-05-28 12:29:29
b875cea3-c7cc-4e50-a56a-94e464ab9770,Silvia Mata,"me estaba funcionando muy bien hasta hace 1 mes que quice hacerle cita a mi mamá ella no tiene la aplicación x lo cual yo entre para hacerla su clínica esta en diferente ubicación de la mía y no me dejo , ya después quicé hacerle cita para la clínica que me toca a mi y ya no me deja me dice que no tengo asignada ninguna clinica voy al menú hacer cambio de clinica o asignar y me dice la misma leyenda",3,2026-05-26 13:44:04
60f01c53-45c6-47e1-b4c5-acda857b7d90,Jose Gutierrez,"Está bien, pero por qué ya no aparecen los tarjetones???",3,2026-05-23 23:35:06
c04bcc12-373a-46f2-adce-13d772c4113e,Luis Benavides,se dificulta mucho revisar una fecha de consulta programada,3,2026-05-23 05:21:30
851e1132-3741-4f2a-988e-9b37eae7ec79,Olga Montiel,"mi calificación es xq llevo varios dias tratando de sacar mi reporte de semanas cotizadas y no me lo permite, ya que nunca me llega el código de verificación!!",3,2026-05-22 11:41:46
952d8f81-a6c0-401e-8cce-0675f21c2c19,David Villalobos,Ya mejoró,3,2026-05-21 23:43:45
9a827501-292a-48a5-bc45-9190c369ac1c,Zanzíbar Zac,"le falta desarrollar muchas mejorías, ya que se traba mucho y con esta última versión no te deja ni sacar cita médica y el e mail que viene para contacto tampoco brinda soporte para los problemas con la app",3,2026-05-19 21:07:36
6cb04500-bfd7-4ad9-b07d-b03b6481787d,mally v Villa,hasta ahora bien,3,2026-05-19 19:52:36
ffb00f43-c47c-43f5-8335-db32b483ce5e,Agustín Flores,no me contestan,3,2026-05-19 17:19:41
9ae45ae5-be16-4888-b6dc-180f9c015fe4,Ariadna Caballero Sanchez,a veces tarda mucho en enviar la información,3,2026-05-19 08:30:25
89cbc40b-e031-4c86-98eb-a07af6314990,Celfo N,"Últimamente no se pueden consultar ""mis citas""!",3,2026-05-18 10:54:57
c7eab1b9-5880-4fde-ae36-2791a9145ad6,Susana Méndez,se traban algunos módulos.,3,2026-05-16 12:22:30
39d969dc-bc28-4dd5-9b4a-8d6ef6bda920,Fabiola Saenz,Me funcionaba de maravilla pero en este último mes no me deja sacar citas ni consultar nada,3,2026-05-14 09:26:16
6e8f581e-64c3-45c9-bf23-b6cc020fa763,Julio Cesar Villena Rey,poco funcional,3,2026-05-11 13:37:02
2388678a-8f4e-466f-ac14-09cfcbf12b51,Alvaro Martinez,me estuvo funcionando bien pero hoy no está bien le doy 3 estrellas nada mas,3,2026-05-09 17:05:40
5414141b-5799-4d28-9f97-bbd6a7d78a02,maria wendy diaz esquivel,la verdad la aplicación es muy buena práctica nos ahorra demaciado tiempo pero lo malo es que desde hace más de 2 meses ya no te manda las semanas cotizadas te pide confirmar el correo lo confirmas y le das en enviar semanas cotizadas y te sale que el servicio no está disponible y ya no deja sacarlas eso me encantaba por qué era muy practico no sé por qué la app ya no deja es una pena por qué era muy práctica ojalá vuelva a dar todos los servicios hay por practicidad estaría genial,3,2026-05-08 23:02:30
e13bb941-7a8a-4271-8d21-1eecff7a3103,Martha Torres,muy complicada instalacion,3,2026-04-29 19:18:57
3c206afd-0af0-46fe-9db6-aeab7df45512,Edith Rojas valadez,hay en ocasiones q tarda para abrir,3,2026-04-27 14:22:01
17eb570c-197b-42e0-82d3-c33ae6c0c4b5,Juan Hernandez,muy mala experiencia,3,2026-04-26 17:31:56
cb87a658-8ea8-4a32-968c-96aeb0214d60,Vector Cancun,No me aparece la opcion de Vigencia de derechos ¿A que se debe? quiero revisar el resulatdo de un tramite,3,2026-04-24 21:25:29
6c02ca6c-e77e-4cc9-b70d-65eda6da7d78,Daniel Arias,"Nada recomendable. Mal servicio en la aplicación y mucho peor en persona. Nefasto. Ah pero eso sí, mis aportaciones al IMMS puntuales.",3,2026-04-23 08:33:33
dbdec3f3-8a1d-4d1f-b7cc-26a424b535fe,Ximena Salas (Shimi Yoshimura),"No puedo revisar la cedula digital para ver mis resultados de laboratorio y verificar que ya esten listos en el sistema antes de ir con mi médico familiar. Se me hace muy ineficiente que teniendo ya estudios de laboratorio no te puedan ofrecer una cita o espacio disponible en el sistema, toca ir presencial a probar suerte o presentarme en Unifila",3,2026-04-22 16:04:08
58f5f9a8-8c9d-4a46-b816-cfd00748a1e8,miguel angel duarte romero,"no puedo entrar, me dice que intente mañana, desde hace 10 días esta sin funcionar, ya desinstale e instale pero continua el problema",3,2026-04-17 13:49:11
80290ba7-2625-42bf-8c7a-538c72caf8cf,Nina Nina,"Esta bien cuando funciona, pero constantemente tiene fallas.",3,2026-04-17 13:13:49
fafbac54-5f00-47a2-988e-fe0b4790204d,Robert Rare,falla demasiado,3,2026-04-13 09:58:27
45d535c8-b4fc-47c3-a4ed-65f8645743c8,JOSÉ DE JESÚS,bien,3,2026-04-12 15:26:27
67226a36-1b18-4317-aa4f-2973ba8a09d2,Elena P.,"Cada que entro, a mitad del tramite, se sale, a veces, marca error pero ni lo alcanzo a leer, tengo semanas batallando. Entré aquí para ver si podía actualizar la app, dice que se actualizó en febrero 2026, siento que antes funcionaba mejor. 😓",3,2026-04-11 05:24:57
1529fcdf-286f-4ed1-b0c7-3faa6b9cd627,Luis Carlos Alamillo García,"Muy útil para sacar cita en mi UMF, las constancias es muy lento el sistema para solicitarlas. Lo que sí deberían arreglar es la Cédula Digital de Salud, solamente una vez pude entrar a verla y ahora todos los días me dice que está fuera de servicio.",3,2026-04-10 11:00:15
b78ed957-5b0d-4e51-8757-477b8213a221,Pilar VS “Miss Pilu”,"Ya no ponen los resultados de laboratorio en la cédula, de igual manera las recetas anteriores los últimos datos que aparecen son de 2025. Todo el año pasado funcionaba muy bien.",3,2026-04-08 19:10:41
d32c1bba-e868-43f2-a844-f1e1844ef70c,DAVID HERNANDEZ,tardan demasiado tiempo en llegar la vigencia y la constancia de semanas cotizadas,3,2026-04-08 10:02:51
f2c9b290-fd43-4b59-9a5a-1135700f2600,Karla Sánchez,todo está bien. para sacar citas y ver las que ya tienes pero no sé actualizan los datos mi marido está trabajando y en la app aparece sin seguro,3,2026-04-08 09:49:25
af271f5d-a11a-4c42-a349-1b63e649cf66,Raúl Soto,"van dos ocasiones, que hay actualización y mis citas se han eliminado, sin ninguna razón lo que me genera problemas, para mí cita mensual en mi UMF Espero ya no se vuelva a presentar",3,2026-04-07 12:45:48
c3a283fa-be7d-4fbb-826a-8a2c823ad482,mauricio cruz,Últimamente tarda mucho en enviar la vigencia de derechos o a veces no la envía y hay que estar intentando varias veces.,3,2026-04-04 08:43:29
7123d039-6687-4635-afb8-7abd1234cfee,Elizabeth,yo quise checar incapacidad y mi aplicación no lo trae 🤷🏽‍♀️,3,2026-04-01 09:34:19
2c3de209-a8ce-4b64-bcd5-7732daf2d481,Citlali Cañas,Antes servía ahora no me deja ni sacar cita.,3,2026-03-30 18:53:13
e4eaef24-7b00-4dfb-ac14-3f8d2b7c41e5,Miriam flores valdez,No me deja entrar al apartado de cédula digital quería revisar resultados de laboratorio pero me marca no disponible :(,3,2026-03-25 12:48:59
07c2a495-d3db-4c9c-807d-b39b1acc6e7d,QFB Blanca Margarita Contreras Robles,"Es algo lenta, pero funciona 🤗",3,2026-03-24 17:07:43
38cbf8a1-aca3-4895-ab4c-6c3bd36e4ea9,J F Ramon Gonzalez Zarco,"Hasta el momento el servicio que me va ha brindado el consultorio ha sido satisfactorio. El inconveniente que persiste es cuando el médico familiar te envía al especialista y te tardan hasta 7 meses en darte la cita, lo mismo para medicamentos de hospital a clínica que a veces no te entregan y algunos drs de dirección que siguen de muy mal talante y con cualquier motivo abandonan su lugar. Que uno pueda agendar las citas fuera de la clinica en la app. Y UN SITIO DONDE SE PUEDA UNO QUEJAR.",3,2026-03-24 12:57:09
03ae99b9-362e-4c5f-95ae-3a25ae55f446,Selene Candanosa,"buena Aplicación es muy fácil para sacar citas,lo único malo con la aplicación esque no viene donde ver las incapacidades",3,2026-03-24 08:10:55
e4e387e5-58bb-48fb-9eca-055500f208c4,Fortino Cordova,👍,3,2026-03-21 11:22:56
14659209-1403-4c28-b6e7-af522efd4867,Juan Carlos Guevara Zermeño,muy bien,3,2026-03-19 09:49:15
7fefa508-62f0-48a4-bd2f-2b115b68268d,Julieta Arguello,"No hay citas, y en mi clinica no me quieren dar citas que no sean de seguimiento dicen que las tengo que sacar por aqui pero aqui no me deja sacar citas 🤨",3,2026-03-16 20:59:11
737051ab-9a75-4e41-9d7f-9d94913c0061,HUGO JUAN GOMEZ VAZQUEZ,Las funciones no están completas,3,2026-03-16 13:18:48
5ca43387-7846-4ce6-881f-da5869913937,Martin,a veces se traba,3,2026-03-16 01:05:33
cf3c1910-cb26-451e-9aab-8252ced1843a,Isela Alvizar Alamilla,De pronto empezó a aparecer que mu CURP presenta inconsistencias. Acudí a la subdelegacion y a mi clínica y mis datos están en orden. Solo me hicieron perder el tiempo porque nadie sabe nada de la app.,3,2026-03-13 15:06:35
0e6de4ee-7d00-4783-845b-8fcbbf705a92,Hector Perez,es muy lenta,3,2026-03-12 13:46:23
f3ed715a-25ac-431e-b3c3-42f46ec54c93,Ricardo Nava Castañeda,Aún no abre.....,3,2026-03-11 22:14:58
c1d2f0e0-0f1f-438f-b869-2a9e360149a2,Javier Briones,"Últimamente no permite checar mis citas , mucho menos generarla , ya desinstale y la volví a instalar y aún así no funciona 👎",3,2026-03-09 23:34:29
0bdedc97-d9b3-4374-833e-5cf7928e0bf6,Adriana Castillo,Espero que esta nueva actualización no tenga tantas fallas.,3,2026-03-09 21:06:57
60003e35-4ebb-4ab7-b786-c27c718a406b,Omar Jesús Jiménez Medina,"La App no manda el código de validación al correo registrado y no hay cómo pedir soporte en esa pantalla. Hay un error de ortografía en ""correo electóonico"" en dónde dice ""Para obtener el reporte de semanas cotizadas, debes haber confirmado tu correo electóonico.""",3,2026-03-09 12:54:01
1c92776a-4def-4025-9cc7-b4226c7e0482,Arcelia Flores A,Cambio mi reseña porque ha mejorado la app ya te da la opción de por lo menos en 15 o 20 días puedas agendar una cita en tu consultorio.,3,2026-03-08 23:01:12
63012ffd-f308-48dc-ac88-e560274f0951,Claudio Alejandro Vasquez Salinas,"Fumciona cuando quiere, no siempre. No gunciona en especial cuando uno lo requiere.",3,2026-03-08 11:48:49
be55b5df-51bf-49f5-a8e7-4ea36387cafb,emer meram,Tiene demasiadas fallas abre cuándo le aa la gana,3,2026-03-06 19:51:01
458c206d-c13f-417d-ab0f-077bfa2cf3e6,Roberto,buena,3,2026-03-03 15:23:44
6b7c8a38-a412-42cb-aa5c-b9e24bf038f8,fello galvan,buenas tardes tengo días tratando de agendar cita y no me deja no aparecen datos solo dice cancelar,3,2026-03-02 13:20:02
aef7c97d-0c0d-4a35-92bc-ff460b98f595,Ara Gonzaguita,últimamente ha estado fallando mucho y no me deja agendar cita,3,2026-03-02 09:37:33
5721e390-06fe-403e-b715-965c7f5cf21d,Elizabeth NeRo,"Ahora no me deja ver mis citas agendadas, la nueva actualización daño",3,2026-03-01 11:56:38
472f1aa6-0f5d-40d7-b828-7c86dd6757f8,Any Pal,"Esta fallando la aplicación, no me permite sacar cita, me aparece una leyenda indicandome que vaya a mi clinica a sacar cita y cuando he llegado a ir no me la quieren dar si no es de urgencia, estoy molesta para eso pago mi seguro social",3,2026-03-01 11:38:40
0d01f176-3536-486b-8f77-0ce57893e44c,LIVYAPPLE,"Creo que desde la última actualización la navegación de agenda y cita médica familiar está trunca. En cita médica familiar no permite agendar y en agenda no se puede consultar las citas programadas, ni actualizar, ni editar, ni nada. :(",3,2026-02-28 14:52:12
c04387b2-c8a7-402a-898e-0a40ee1e2542,Sergio arturo Benitez,ya la actualice la desinstale y la volví a instalar y no puedo entrar a citas médicas mal MUI mal,3,2026-02-28 13:29:15
ea0b3bb8-303a-4140-8c29-0d90e09936ab,Santiago Rodríguez,"falla, no puedo agendar citas",3,2026-02-28 11:45:19
f4b7d22a-eb18-4366-af81-ebba945772e0,Miky,"La verdad siento que le hacen falta algunas mejoras como que sea más rápida la aplicación en su uso de manejo, también que venga información más eficiente y puntos claves para comprender mejor los resultados de cada persona afiliada al instituto mexicano del seguro social (IMSS)",3,2026-02-27 23:16:13
f06b2643-e9e3-48ac-882a-d1a0dfd714d4,Fernanda Gomes,"👍😃 excelente me facilita mucho sacar mi cita a tiempo ,👍👍👍👍👍👍👍👍👍👍👍👍👍👍👍👍👍👍👍👍👍👍👍👍👍",3,2026-02-27 17:00:21
19c6fd98-b99c-4eb1-8972-e11570283661,Fabián Andrés Moreno,el consultorio 28 de la clínica 27 Tijuana baja California no existe y me dieron una cita en ese consultorio 😡 y gracias a eso me descontaron un día de trabajo,3,2026-02-23 11:55:11
4ecef2f0-0f7a-40f6-a5c7-e475adf87837,Laura Ángel,"Me pidió actualizar la aplicación, lo hice, pero ahora no me deja agendar mis citas, me aparece una leyenda que dice: LA PETICIÓN HA EXPIRADO, INTENTELO DE NUEVO O VERIFIQUE LA CONFIGURACIÓN DEL DISPOSITIVO. No entiendo que es lo que debo hacer para poder sacar mi cita",3,2026-02-23 00:45:46
