reviewId,userName,content,score,at
13fcb65e-b927-4884-ad67-00a0f9984ead,cristina perez,Mi aplicación no me da acceso a nada más que ver saldos y movimientos.,1,2026-05-30 13:17:32
895e92ca-cbe3-4b39-9b6e-8dad699b9d40,Cuper de Jesús Rojas Hernández,"No entiendo, instale y desinstale.ya varias veces la app, pero se muestran las nuevas opciones de transferencias.",1,2026-05-30 13:15:21
12a2c93c-08ca-41a9-a8b1-c5138029bea1,Concepción Espinosa,no sé me a actualizado para transferir,1,2026-05-30 12:48:54
70114428-1392-4ba3-a3fd-b09b5715ce7f,purple Carrillo:0,cuando intento agregar la tarjeta y el nip no me deja dice error en su transacción,1,2026-05-30 12:26:27
2bfbd411-f4fd-465f-b168-eefb93b69fee,Enedina Becerra,"asco de aplicación no permite hacer las transferencias, y quién diga que si que me explique porque es imposible",1,2026-05-30 11:40:01
b4dae531-d911-411e-abd6-e3bf4beef336,Carla Talia Parrilla de los Santos,mal no puedo hacer transferencia ni nada no se actualiza,1,2026-05-30 11:09:53
f35324e0-a1a2-4a79-8255-42f09129047c,Lulu Arellano,"muy deficiente, borro nuevamente mis datos y no puedo acceder. no estoy de acuerdo en poner mi nip para volver a darme de alta, ya que ví una publicación que se acaban de borrar base de datos",1,2026-05-30 10:52:23
7634bd95-2d78-4488-a200-2b401a5e5fc6,Luis Daniel F,"Es una K Ga Da,solo sirve para ver el saldo y en horarios de oficia gubernamentales. No se le puede llamar banco si no tiene los servicios como tal, se debería de llamar Apoyo del Bienestar pero no banco. MENTIRA que se pueden hacer transferencias, cobros CODI y mucho menos pagos de servicio. Simplemente basura y quita espacio en el celular. Mi recomendación es que mejor estén atentos a los canales de WhatsApp de los distintos apoyos del Bienestar para ver fechas de pagos de programas",1,2026-05-30 10:50:18
b356fc98-73be-4659-8e28-4599db39018e,LUZ SANDRA ESPERON MENDOZA,"a mi aun no se me actualiza, como le hago???",1,2026-05-30 10:33:36
c008c8b1-39a7-47f1-9785-4d0820c5c893,Jesus Espinoza,"segun con la nueva actualización dejaba transferir dinero, pero un dia me generó un error y me sacó de mi cuenta y ahora me deja entrar pero como antes solo a ver cuanto dinero tengo, ya no para poder transferir dinero",1,2026-05-30 10:29:48
cb7b57f5-c4be-458a-8711-8445eefd5456,Monse Warr,no se actualiza,1,2026-05-30 10:24:00
f6fd7e2a-4cde-4e09-89bf-e93fff5d38de,Lucila Llanes,"Pésima aplicación, con la actualización tengo que meter mis datos nuevamente, no me lo permite, al poner número de tarjeta y nip, y darle continuar marca error, llevo varios días intentando entrar y nada, no me permite",1,2026-05-30 10:08:50
1598924a-e7c9-4021-a6f2-f518d7326aaf,Carmen Mendoza,no me gusta el cambio no me deja entrar para consultar mi saldo,1,2026-05-30 08:44:44
9a1e128f-3da9-405e-a7b7-108744966c39,kënët rmz,dice error cada que quiero hacer un envío no me deja 🫩🫩,1,2026-05-30 08:32:20
16c24d88-dd39-4dc5-97eb-9d6dc04b4b7f,Araceli Ortiz,"Pésima app no permite realizar transferencias, siempre marca errores.",1,2026-05-30 07:24:07
2c4d81c7-53b9-43ef-93c1-a31a03658061,guadalupe castro cadena,no es posible actualizar mi aplicación,1,2026-05-30 07:17:44
ceae2dea-f4f2-42ce-986c-53bd9cf37901,Justino Silva Vargas,"es un bodrio la aplicación. Cada que se actualiza pide nuevamente los datos de la tarjeta . Y ahora con esta reciénte actualización me pide datos ,y el número de teléfono para que me llegue un SMS y el SMS nunca llega.",1,2026-05-30 07:15:28
2735e73b-7bb4-4902-8cc3-a756a3b94b2b,Antonio Galindo (Anton Galdos),"No puedo actualizar a la última versión, servicio técnico no fue de ayuda, en el banco no saben nada y. por teléfono, solo piden que esperes, pero no resuelven. Llevó semanas tratando de hacer que la nueva versión funcione y me indica que por varios intentos está bloqueadas. He desinstalando e instalado nuevamente muchas ocasiones y nada. El día de ayer, al intentar nuevamente me instaló la versión anterior, ya perdí ver mi saldo, pero no puedo hacer ningún otro movimiento.",1,2026-05-30 07:02:46
55848f2a-bc44-48cd-a7b8-65fd0511c3ad,Daniel Gómez,"es una porquería, solo puedes mandar hasta 1500 y luego te dice que tú transacción no se puede hacer y tienes que ir hasta un cajero a retirar",1,2026-05-30 07:00:59
4452bc50-435f-43ad-9988-67e2903d2f15,JORGE LUIS SALINAS,no sé pueden hacer tranferencias ...alguien sabe por qué?,1,2026-05-30 02:58:34
751d8ebb-f40a-4509-8be6-afba3ca6b8a0,Rosario Liz. Zm,"A veces es lento Spei en pagar a ciertas tarjetas de credito no en todas, actualmente no puedo ver mi saldo, solo dice que tu dinero esta seguro 🤔😕 tienes sus errores todavia",1,2026-05-30 02:43:43
f565efab-f61c-4d3d-b381-783a8be7da89,Perla Torres,no puedo abrir mi app desde que se actualizo,1,2026-05-30 01:28:21
efac7bac-3dc2-42b8-a264-8233deb21d2b,Bertha Bautista,no puedo entrar a la app,1,2026-05-30 00:56:19
e10e6d99-7912-4d94-a380-8b1303e1bf9b,ENRIQUE QUIROZ,"NO ESTA UNCIONANDO NORMALMENTE, SE QUEDA ATORADA AL QUERERLA ABRIR Y YA NO RESPONDE",1,2026-05-29 23:32:45
55f5d5d8-772a-4744-a4a4-12286067188f,Cesar Vazquez,transferi de otro banco y no se.me reflejo,1,2026-05-29 23:31:15
857bbd0b-c0c5-4ab4-ab85-98751f3a57a6,Fer,pésima,1,2026-05-29 23:23:42
5f2bf3cc-0a0d-4b57-8d8a-c88f7e660f80,daniel guido,"Todos dicen de la actualización, pero yo sigo con la otra versión y no me marca ningúna actualización por realizar",1,2026-05-29 23:09:33
51943693-341c-41c8-aa6f-edd7718f40cf,Nayeli Coronado,"Era mejor la app antigua. con esta actualización no puedo ingresar ,sale que error y más error.",1,2026-05-29 22:48:37
2be10190-f152-4faa-a6e0-3d292d3762cd,Mariela Salazar,No puedo actualizarlo,1,2026-05-29 22:24:24
439c3340-0ef1-45de-86a0-a1e110dd7d42,Sideswipe Ds,"esta re fea, ni siquiera me deja acceder aunque ya puse bien mis datos",1,2026-05-29 21:41:42
d07927e2-1206-401a-9108-9601c660b2a8,Mariel Ast,No llega el código de verificación por sms y ya lo intente varias veces,1,2026-05-29 21:02:42
784317f1-9b2e-4b40-b082-9a8c6bea9f5c,Aldo Dantes,no se puede transferir,1,2026-05-29 21:00:02
49d6037c-690f-4b25-baee-73208253c30f,JULIAN KB,en la app te aparece que ya puedes hacer tranferencias y no me aparece la opción ya tengo la versión recién,1,2026-05-29 20:51:09
943b1ff3-001a-4a37-930c-19ad2c8a6bef,Mike GR,"No me aparece el botón actualizar, mi teléfono tiene medio año y tengo mucho espacio",1,2026-05-29 20:23:26
dbd93d85-41fb-43a4-be55-bff99cc333ba,Max Solís,Está presentando muchas fallas y no puedo ingresar a mi cuenta.,1,2026-05-29 20:22:22
475df503-d93d-4834-8eb9-dfcaf65f7e73,Araceli Ortega,La estoy probando,1,2026-05-29 20:21:14
c7e3d1f5-e184-4c58-9a42-d97369a24e0c,Azul Mar,no se actualuza,1,2026-05-29 20:19:35
e4bf8502-14f4-495d-9ebb-cb6a37133121,Federico Cordova galvez,Mala aplicación no me deja abrir nada,1,2026-05-29 19:49:46
71ec99d2-36e2-454b-8885-281a40365a09,Estela Velázquez,"ya actualicé la app, y a mí, ni me da la opción de hacer ni transferencias ni nada, solo puedo ver mi saldo y movimientos solo del mes anterior, pero nada de poder hacer transferencias ni recargas ni nada",1,2026-05-29 19:49:18
b6868235-bfa7-4406-b133-75ee24392d75,Jesus Imperial,estoy inconforme por qué no la he podido actualizar ni se actualiza sola,1,2026-05-29 19:43:03
3c33da86-d441-46f6-9c74-bfd3fc63a38d,Irma Carrasquedo,"ahora mi pide ubicación, y mi número de tarjeta y NIP nuevamente 🫤",1,2026-05-29 19:41:51
c7dfdf3c-02ba-49d9-b2ef-1d59e023e745,Ivy Soto,no me deja ni poner el numero de la tarjeta con la actualización me marca error,1,2026-05-29 19:37:06
8cefdca2-ba27-4b25-939e-154c606c425f,Ricardo Almanza,no sé me actualiza la app,1,2026-05-29 19:23:03
d4db16ac-ec45-4587-93f0-c05dde62df8f,Gabriela Domz Sanz,con esta actualización . no me deja entrar me aparece ingresar y error en la aunteticacion en error 201,1,2026-05-29 18:01:46
41cb36d3-acd0-4d2d-a385-3a259817b47a,Teresa Nava,las transferencias no se pueden realizar.,1,2026-05-29 17:20:48
bbabd8a9-d7f3-4dee-8bce-362609c1e191,Josimar Marín,llevo 4 días esperando a que la aplicación realice un traspasó y creo que ni siquiera lo género pero si quito el dinero del cajero,1,2026-05-29 17:12:35
8628d461-3cb8-42b2-ab8f-fe37ac4ba2f5,Cande Chavez,mala aplicación aún con la ubicación encendida no me deja entrar...🤨,1,2026-05-29 16:53:23
fa1cb6ab-a123-4c03-881e-3a4b0708063f,Jose Omar Mendez Garcia,no me llega el sms para entrar a la banca móvil,1,2026-05-29 16:31:10
e97bdde6-3650-4cb5-add7-eee91c312954,Yatzel de jesús Uc Rocha,se me quitó la actualización,1,2026-05-29 16:14:08
53318a20-dcec-4166-a2c0-4ffa01b91fbc,Crisbeth Gamez,"Tuve que desinstalar la aplicación porque me marcaba error al entrar y al instalarla se instala la versión anterior y no me aparece como actualizar, de que manera puedo actualizar la versión reciente donde si deja hacer transferencias ?",1,2026-05-29 16:11:48
1c90ed0d-8d4d-4e8f-ba06-e85c696933a3,Maaruu Gonzalez,"No puedo actualizarlo, piden y piden datos y contraseñas que luego dice que están incorrectos, cosa que no es verdad. Es frustrante, somos adultos mayores, no sabemos tanto de tecnología y ustedes lo hacen todavía más complicado, mejor no actualicen nada. La echaron a perder.",1,2026-05-29 15:30:46
9c5f0293-3d42-4dd2-9add-1da8f1d71c50,Mario Montes,no autoacompleta,1,2026-05-29 15:12:26
9cca05c0-e127-4e7c-b144-2cc88e728adb,Laura Enriquez,"No se puede ingresar, marca error en la fecha de nacimiento",1,2026-05-29 15:07:59
36e289c7-bdf2-4a45-844a-a40ee217c84a,Ámbar Carreón,"Intenté ingresar los datos y al momento de verificar el teléfono nunca envía el SMS. Lo intenté 4 veces y es la única app con la que me ha pasado, todas las otras que me han pedido verificación lo han hecho sin problema. Arreglen eso porque ya no puedo acceder a mi cuenta.",1,2026-05-29 14:56:14
87f6e3fc-cd33-449f-a611-f451b83c9243,Alejandro,se desactualizo la app ayudaaaaaaa,1,2026-05-29 14:48:48
70378cc8-393f-40db-b1ef-6cdb6628b2e8,Ana Domínguez,no me deja hacer transferencia no da la opción. ya la actualice y la volví a instalar y nada,1,2026-05-29 14:48:45
354757fd-402b-4037-b4d8-b041acbc94f2,Uriel Alejandro Juárez Contreras,no me aparece para actualizar nada está igual que siempre,1,2026-05-29 14:46:00
92e999b6-7d2c-4192-b4a6-e1a97050d460,Antelma Figueroa,está cosa no me deja poner algunos símbolos y cuando intento copiar y pegar mi contraseña no me aparecen algunos simbolos,1,2026-05-29 14:40:11
ffc2e262-fe5c-47be-b8e4-7effafe48e96,JM Garcia,una muy mala actualización. porque no dejar que tecleemos nuestra fecha de nacimiento y el codigo enviado por sms???? hay que modificar mi android y google. bo hay necesidad si podemos teclearlo sin cambios... la regaron....,1,2026-05-29 13:47:26
73c1d07a-1f84-4011-988c-738806678d97,Yolanda Javier,no puedo abrir la aplicación del banco del bienestar,1,2026-05-29 13:39:36
202cd1dc-8880-4689-86a9-452d01cc5a3f,Manuel Díaz,"la regaron en el calendario porque no programar más eficiente y práctico en los campos de la fecha de nacimiento,se pierde tiempo estár pulsando más de 65 veces la fecha y cuando llega uno a la fecha deseada se bota por favor programadores arreglen esto que el dato sea directo",1,2026-05-29 13:28:28
9501afb3-7394-4562-9564-d260844756b3,Maricruz Ibarez,La instalo y al activarla no me da las opciones de hacer transferencias de la actualización reciente?!,1,2026-05-29 13:06:25
b7e1f0ba-76ad-4cb0-aac8-32f5671ebe66,Tania NicIxchel,No llega el mensaje de texto,1,2026-05-29 12:51:27
446893cf-e8fe-43bd-9efe-5c0d801d1f4b,Florentino Pescador,no quiere abrir la aplicación ya lo intente muchas veces y nada me aparece contraseña no es,1,2026-05-29 12:49:28
f2d1890e-a9cc-45db-96f7-62ea4d7d30e9,Alberto González (betochino),"Registré a mi mamá en la nueva versión, antes de finalizar la activación se quedó sin avanzar, ya cuando quiero entrar, pongo contraseña y muestra ""operación no permitida para el estado del usuario a46"" quiero restablecer la contraseña y nunca me llega el sms.",1,2026-05-29 12:41:59
5606dfac-7375-4b34-ab6f-aec95870a25f,Sara Gomez,no me deja transferir! ni me parece la opción de transferir ni nada,1,2026-05-29 12:27:28
c806cfe1-87b7-4e3d-a221-3e16255300ef,Yuriko Caldera,"a mí me sigue apareciendo normal sin poder hacer transferencias,ni nada, apesar de haber actualizado.",1,2026-05-29 12:22:57
6bdc13ea-4366-4876-9ca8-170fc9ec2a19,wen Bella,horrible,1,2026-05-29 12:16:09
abf95d6f-2c4f-4e72-9cca-e3fe23f17b8f,Jacqueline Figueroa,no me sale la nueva actualización,1,2026-05-29 11:48:22
6820ea5a-270d-43d2-86cd-1b57ba7bec15,Ana Núñez Ramirez,no sirve las transferencias no se hacen y tardan mucho en regresar el dinero a la cuenta,1,2026-05-29 11:35:52
1b63328e-34c5-4091-b723-662db81aa517,Gisela 2F,"Muy mala aplicación, no se pueden hacer transferencias, lo único que sí se puede es ver el saldo de la cuenta y sus movimientos.",1,2026-05-29 11:30:36
8d9e3d73-aef2-4db5-b01f-7bd9d011dab1,José Manuel Martínez Geronimo,"Mala,, no da opción de volver a ingresar a mi banca,, y solo sale el código de error de x43,, y nose por que,, además la nueva actualización de la banca a mi solo me duró dos días, y ya de ay ni mi saldo aparecía, solo decía que mi dinero esta seguro,,",1,2026-05-29 11:17:29
fedc68ac-1691-4e05-a38d-332542992963,Abi Perez,alguien sabe porque no me llega el código de verificación ☑️ ya le moví al celular para el auto relleno y nada.. ayudaaaaaaaa,1,2026-05-29 11:03:26
d25ff9e7-1735-4558-8094-fb86bb03511c,juan alberto medina maldonado,chafa actualización para ingresar fecha de nacimiento del titular se tiene que recorrer el calendario de forma manual y cuando logras hacerlo te pide un código sms que nunca llega. jajaja,1,2026-05-29 10:57:28
76c63126-f3f9-4423-a67b-0f249be92e71,Irene Arroyo Zetina,"actualizaron la aplicación y no puedo entrar, hago todo el proceso de registro y al llegar a número de teléfono me pide un código sms y el código nunca llega a mi bandeja de entrada",1,2026-05-29 10:20:40
167e7773-01b2-49f5-aea5-5bcf308e19a3,Andy Alvarado,Mi app no tiene nada que ver con las imágenes que aquí muestran. solo me aparece consulta de datos. no puedo transferir ni nada de eso. pésimo servicio.,1,2026-05-29 09:53:27
114e286d-22aa-4e3e-877f-caf7819fc657,Salvador,no puedo actualizar la nueva versión,1,2026-05-29 09:27:58
412b9cae-337a-4d9a-b0f9-6c21c6f5f84a,Sonia Lopez,no transferencias,1,2026-05-29 09:22:44
baf17970-9838-4ea2-b6fb-1dcd9cf177ce,ALEXIS REY 777,no aparece como muestran en las imágenes,1,2026-05-29 09:20:05
6a1fb031-cca0-4d9b-9a7b-0636fe11d99a,Yuri Loya Aguirre,"Mi aplicación no se ve como se muestra y además dice que está en mi Samsung a22 y mi teléfono es un Huawei, cómo puedo actualizarla para que funcione bien?",1,2026-05-29 09:04:58
e2a1d772-685c-46c6-9755-4eda7b3f23ee,Diana Treviño,"no se puede accesar a mi cuenta , ponen y ponen candados fucticios",1,2026-05-29 09:00:35
6bf3050c-a1f2-4ddb-a47d-087f305197a2,Lourdz Kriztobal,Desde la nueva actualización me costó mucho ingresar y una vez que ya pude ingresar ya no me permite abrirla solo me marca error,1,2026-05-29 08:36:11
68907caf-a2d9-4d06-a22f-59fca1ace1dc,Pedro Peimbert,"No he podido enviar mi dinero a otro banco, ya lo reporte y me dijeron que lo intentará este jueves pero aun no es posible, por favor es de gran ayuda pudiera enviar mi dinero a otro banco. Gracias",1,2026-05-29 08:36:07
0423b0e4-9778-4061-b6b8-34eeb2cca2ea,Miriam Gutierrez,"Desistale y volví a instalar y no actualiza, no me da la opción de transferir, sigue como antes que solo se puede consultar saldos.",1,2026-05-29 08:07:41
f144c977-9b02-4be8-96e7-30e781aa7ca7,Denise Tigre,"no puedo ingresar pongo todos los datos y me dise k ahí un error k intente más tarde ,más tarde lo vuelvo a intentar y me dise lo mismo tengo casi la semana intentando pero no e podido",1,2026-05-29 07:43:58
d9c198b2-18cb-4dc0-9b44-eaa58947fade,Alizee Madrid,una estrella porque tal vez ya hackearon mis datos y no me había dado cuenta,1,2026-05-29 06:14:41
a9d147a0-5311-4f79-9451-0adce6f23e43,Gris Hernandez,execelente,1,2026-05-29 05:56:46
062e84d5-b41c-44d2-9566-3a0b317d4282,Ernesto Salazar,"el cajero me dió 600 pesos menos... soy ruco de 72 años sin familia,lo más triste es que los funcionarios de bienestar que hacen esa sinvergüenzada flaco favor le hacen la presidenta que de verdad eS honesta y se chingan a los débiles ya viejos y débiles física y económicamente, la vez anterior a está me dio el cajero 200 pesos menos, es decir 6,200 pesos y está solo me robaron 800 pesos.......",1,2026-05-29 02:03:46
6a5dfe60-e896-4689-ac8b-66450bbe09ef,Ana Sofía Nuñez (Yuztreny),no se actualiza la nueva app en mi teléfono,1,2026-05-29 01:15:39
0decb5ac-cb66-4240-9d4c-92a1d70e7be1,Jhoanna Espinoza,"con esta actualización se cerró la cesión y me pide volver a registrar los datos y no deja, marca error",1,2026-05-28 23:59:21
026d44ba-145d-49ff-854b-1620bd743c62,Ma Lourdes Camacho Díaz,"Muy mal, no a todos los teléfonos nos aparece para transferir 🥲Y los bancos muy retirados tendré que ir a otra ciudad a retirar [ río bravo]",1,2026-05-28 23:01:04
ba47de99-c26e-48b9-a8c7-345d4ac044f1,Janet Granados,no he a dejado entrar a la app siempre me dice que error y error,1,2026-05-28 22:11:02
16e2f0d0-8aa7-48d8-bb8c-ee5c741f0a09,DARINEL MAZARIEGO PÉREZ,"Ya no aparece la última actualización que permite realizar transferencia y aparece la actualización con fecha: 24 de octubre de 2025. ¿Qué paso?, ¿Por qué eliminaron la actualización?.",1,2026-05-28 22:02:30
8d1621e3-81e9-4662-860a-9f2d38df39bf,Alexander Salas,es muy mala jaja si no fuera x el hecho de estar en un programa del gobierno realmente yo no usaría este banco,1,2026-05-28 21:54:53
5d6579a4-5af1-488d-afba-63e11af4bfe7,Theo Velazquez A,a quien le falla la app después de. actualizarlo?... ya que ya no me deja y aparece error x99...,1,2026-05-28 21:54:10
1aa229bd-b668-4944-9610-25d1e52c569c,Hernández Hernández,solo dice descargar configuración y después del 30 %.. dice que la operación no puede ser procesada,1,2026-05-28 21:43:08
4a06774a-fb1d-4047-959e-e1d68ac67926,Llely Santiago,"Mi aplicación no se ha actualizado, qué debo hacer",1,2026-05-28 21:12:40
b09d0536-2583-4fb9-9cae-0a301f9880a1,Castillo Maximino Lauro Alejandro,"no sé si sea por la actualización, pero desde que actualice no me deja entrar a mi cuenta",1,2026-05-28 21:03:37
898bdcb1-1cf3-44a9-834e-a25c462bb878,Emmanuelle Chavarria,Ahora salta una alerta de que la cuenta ha sido boqueada,1,2026-05-28 21:00:00
95e37ce1-44a2-46f7-8ac4-b1b5b5ae0542,Silvia berenice Rios bucio,yo acabo de instalarla y no hay ninguna de esas opciones,1,2026-05-28 20:33:13
3dc3f7db-b741-473a-baa1-fac16beabd5b,Yolanda Torrescalvo,"trabajaba más o menos la aplicación y ahora me pide otra vez mis datos de tarjeta y nip para que los quieren de nuevo sí ya los dí de alta y estaba funcionando, solo la uso para ver el saldo, es para lo único que sirve esta app y ahora resulta que otra vez hay que poner todos los datos 😏 y luego uno ya no sabe sí es fraude. la actualización de la app tiene que ser transparente para el usuario, como muchas otras apps de bancos. 🤦🙎",1,2026-05-28 19:52:53
f2f06609-1e3a-4808-a48a-1396097bf113,briseida coronado,no me llega el código de verificación. Esta horrenda la app,1,2026-05-28 19:49:28
cfba875b-c817-4157-ade5-1b063654712e,Start Dragon,no me deja ver dinero que hay en el banco solo dice que no se pudo cargar y esto ya tiene mas de un mes aparte lo eh intentado en otro celular y tampoco,1,2026-05-28 19:41:51
f492fe81-2be0-49e7-aeef-729d300b11ec,Karla Gasga,"No me permite hacer transferencias, la desintale e instale nuevamente y nada, ahora ya ni siquiera aparece la opción de transferir.",1,2026-05-28 19:24:28
30279ced-3251-4893-84c5-7a7519ffc688,Teresa de jesus Perez,"Ahora no me permite entrar, soy una persona de la tercers edad y es difícil aprender a usar la nuevas tecnologías, en lugar de hacerlo más fácil, cada día es más complicado. A ingresar la fecha de nacimiento no me permite actualizar",1,2026-05-28 18:48:19
60517e6e-a034-46c9-8d7f-e962b93c9882,Monserrat Diaz,no funciona para transferencia,1,2026-05-28 18:37:24
a6a90030-d44e-4b96-af6a-0ba7bcbf463e,Javier S Moran A,"A quien se le ocurrió iniciar la fecha de nacimiento con el día de hoy???? los que accesamos tenemos que dar cientos de clic para poner nuestra fecha de nacimiento. mas de 65 años, ah y si no lo hacemos rápido la app te saca... que horror! Ya No acepta caracteres especiales de mi clave de acceso. No puedo entrar. Antes de la última actualización no trnia problemas. Tengo Samsung A70 actualizado.Ayuda!!!",1,2026-05-28 18:33:46
7ec30e80-5309-43b9-a8fb-ec2db3d707a9,isis Fernanda Hernandez Martinez,no sirve la aplicación tiene muchas fallas,1,2026-05-28 18:26:16
5fd0bc12-5fdc-4267-8f74-6c3224e52a67,Allison Poala Ponce Miranda,no me deja entrar a la app es muy fastidioso,1,2026-05-28 17:44:08
5147e27d-4c06-4353-b8dc-4ba6f8ccfa46,Angelica Lezama,no me deja entrar,1,2026-05-28 17:40:22
9a9f7a03-bdd8-4b1d-afb7-a18627c12809,Erik Vacío luna,la aplicación no quiere actualizarse para poder hacer transferencias :( es muy triste,1,2026-05-28 17:34:12
682d5cee-06b1-4b20-a013-62fa3a91075f,Iris Chávez,es un problema que te pida contraseña nueva cada que se actualiza,1,2026-05-28 17:22:23
4fa9eea8-1a55-4650-9b0c-fbcc2dd4e2f6,Andres Equihua,por qué no me sale la nueva actualización,1,2026-05-28 17:19:43
17405748-44be-4177-923c-a8eee7272635,Monica Macias,"Todo mal con la nueva actualización, no permite poner la fecha de nacimiento, tienes que pulsar la tecla izquierda muchas veces y cuando por fin vas a llegar al año, te regresa al día actual. Pésima app",1,2026-05-28 17:07:03
9e206eca-8eed-4edf-bb29-f9881368aa0b,Diego samuel Vazquez castillo,muy mal todo ya tenia la nueva actualización y se venció mi tarjeta y en el banco me dijeron que borrara la app y volviera a instalar y lo hize y cuando instale volvió a la versión vieja no puede ser que siendo el gobierono no le ponen empeño en sacar una buena app mejor tecnología,1,2026-05-28 17:06:01
e90f2576-d505-4ea4-8b0a-7f4a1007478d,jocelyn almazan,Solo puedo consultar el saldo y no me permite hacer ningún tipo de movimiento,1,2026-05-28 17:01:40
3e3739c6-72c1-47a6-aa13-4a21218645d3,yamil castellanos,"Acabo de descargar la app y si bien se supone que debería tener las funciones de la nueva actualización, lo único que puedo hacer es consultar mi saldo.",1,2026-05-28 17:00:04
53cbdc8e-e6f6-467d-a7ff-9896b9dd4056,Patricia Zamudio,no puedo entrar a la aplicación,1,2026-05-28 16:58:06
f25d45d9-0285-416b-a5e8-df2f9a7ee35b,Ana Karely Velarde Zatarain,"no sirve para enviar transferencias a otras cuentas en bancos, dice que la sesión no está abierta siendo que obviamente la tengo abierta o, que el saldo es insuficiente, resumiendo, un fraude.",1,2026-05-28 16:53:08
2ab96c8a-33be-4139-8692-961422092fe2,Diana Lizbeth Mancera López,Ami no se me actualizo la app ya la desinstale y descargue de nuevo y nada,1,2026-05-28 16:30:44
bf84471b-33fa-4340-ab62-b25b8b03e6ba,Addarosa Brito,terrible,1,2026-05-28 16:09:40
c6a05834-c576-47b7-b717-79033a3a43a1,Irene de Jesus Puga Campos,No me deja hacer transferencias,1,2026-05-28 16:07:11
10d18aac-ad11-4d74-b5f2-7b10ec4301d7,SaryTejeda,no me apárese la actualización en la aplicación,1,2026-05-28 15:13:23
5f0cd74d-81ab-4de9-ad30-4387c9ceac99,Ene Vargas,"porqueria toltal está actualización, con la pasada era super fácil y rápido ingresar sin tantas preguntas y si te equivocas te sanciona un rato sin contar que no tiene una buena encuesta para poner la fecha de nacimiento",1,2026-05-28 15:06:24
c7d1c476-8aea-4662-b518-1a9d83641bbc,Guadalupe Aguado,"quiero decirles que el llenado en la fecha de nacimiento no me ha sido posible ponerla debido a que, el mecanismo no me deja llegar hasta el año de nacimiento, me regresa a medio camino, lo he intentado como 20 veces",1,2026-05-28 15:06:02
d8db368a-ae36-483e-98a5-9473fbd96401,Benito Diaz,Muy mala aplicación,1,2026-05-28 14:55:11
3ddd0725-885b-4dc3-b335-5a06b7cf0eef,Maria Teresa Vidauri Davalos,Se agradece la mejoras pero póngase a pensar que está app es para adultos mayores y varios tenemos artritis en los dedos para estarle picando tantas veces al calendario ojalá puedan arreglar está opción para poderme dar de alta de antemano gracias,1,2026-05-28 14:54:05
38adcf78-d120-40cf-a343-f5f8ed573e69,Elena Arce,ami no se me actualizo. sigue igual que antes,1,2026-05-28 14:43:08
fe096401-953c-4e34-b133-aea9082d6fe7,LIJIALANG,lo desinstale y ahora me sale la versión anterior de la app ya no se puede hacer transferencia ahí,1,2026-05-28 14:29:19
783761b3-82f8-4467-9e56-397f169e1716,ELVIA HERMILIA SOTO CHAVEZ,a mí ya me aparecía para poder realizar transferencias y de repente otra vez tengo la versión antigua,1,2026-05-28 14:14:52
1e697845-0bf0-4469-81ce-ce894a8521f4,Daniela Rojas,me transfirieron y ya pasaron dos hora y no se ve reflejado el dinero y marco a atención al cliente y tampoco responden,1,2026-05-28 14:11:47
bba2bf72-52bb-4a5a-a706-f7063b004b1f,Emiliano Galera,no. permite ingresar tiene días marcando error 101 y dice que la cuenta esta bloqueada,1,2026-05-28 13:49:44
a948cdce-48f6-4969-acc6-4bd7a9ea9b82,Cossima Coss,porque yo no puedo ver una actualización.,1,2026-05-28 13:41:10
d3118fc7-6f7a-456f-8a8a-0e375d7d22a0,Mota Martínez Jose Armando,el día 27 de mayo realize una transferencia y nunca llego,1,2026-05-28 13:33:57
b8318056-b9e7-408f-abdd-94fd65dbf86b,ENRIQUE ZEPEDA GONZALEZ,"simplemente para activar la tarjeta en requisito 3, fecha de nacimiento, te pone hoja calendario mes actual y no tabla numérica",1,2026-05-28 12:36:10
19446507-8db2-48a5-b3a1-ea1ff1fccf4f,Michelle Wong,"supuestamente se actualizo la app,pero no me aparece para transferir nada de lo k dice la app,pésimo servicio,para que inventan una app,si no se puede transferir .",1,2026-05-28 12:30:40
85baec9b-7b07-4158-9296-99be075c9047,hermelinda Pablo,Aún no he logrado actualizar la banca,1,2026-05-28 12:17:53
fe6d6a8e-26f5-4836-8e72-b6ba59bf90dc,Lisseth,no me gustó la nueva actualización xq el codigo no me mo hagarra,1,2026-05-28 12:03:44
9eaad686-1b12-4358-b8b0-06b8d3cc7e64,Zoila Rios,es demasiada básica la app estoy leyendo que algunos usuarios dicen que pueden hacer ya tranferencias y otro tipo de movimientos desde la app Pero en la aplicación que yo tengo no se puede hacer nada más y que la consulta de saldo,1,2026-05-28 12:00:14
5c1bcb8f-d724-4aa5-8432-ee93ee7b0cfa,Shakty Salinas Cuestas,"Bastante lenta para cada uno de los movimientos y en ocasiones q voy a transferir, anuncia una falla y lo vuelvo a intentary queda en lo mismo, no poder hacer el movimiento",1,2026-05-28 11:29:48
0553a38d-9be6-4eb5-87e2-fde063e74f60,Karen Rivera Murillo,pésima aplicación ami no se me actualiza,1,2026-05-28 11:26:47
e0860ca7-26f2-4547-b28a-2a617c62936f,Manuel Martínez,"una estrella ya que tengo mi cuenta por qué estuve en jóvenes, Pero de nada sirve que te den la opción de transferir si no puedes hacerlo a otros bancos. para eso mejor hubieran dejado como estaba.👎para poner la fecha de nacimiento es fácil, solo presiona en los números y te sale la lista deslizante del año, mes, y dia.",1,2026-05-28 11:20:08
52518e42-3454-4e4c-b519-4666b0389cff,Carmen Guadalupe Osnaya,no me permite hacer transferencias no se actualiza mi aplicación,1,2026-05-28 10:49:20
a8ba4a0e-c500-4f29-9a1a-7a3aa39b7086,Monserrat Campos,No me permite realizar transferencias y no se actualiza la app,1,2026-05-28 10:11:31
246acef0-1f27-49c1-a0d3-5f8a16963eef,Sergio Pablo,no se actualiza la app en mi celular,1,2026-05-28 09:10:21
7f4e6307-360f-495c-b21a-47622d91c0dc,Diego Olvera,me robaron 20 pesos 😔,1,2026-05-28 09:06:13
da0d11ad-841e-4b4d-9175-a5a02d39edba,Elizabeth Castillo,super lentA y con problemas,1,2026-05-28 08:51:09
2c861586-d3f8-4d97-9d12-57a8f95475b6,Lizeth Josento,"Honestamente creí que sería más práctico el poder transferir. Pero no deja poner el número de cuenta que son 16 dígitos en su mayoría. Pongo clave de 18 dígitos y sale con que hay error y que no está disponible etc etc.. cuando en otros lugares, das la clave y todo correcto para depositos y transferencias .. seguimos en las mismas con la app :'/",1,2026-05-28 07:49:54
f749d505-df1c-48cb-88c9-672235cf4d30,angel,el sistema de transferencia es lento,1,2026-05-28 07:30:08
d689448a-8469-406b-b83b-c6ab65d27c88,Gabriela Ramirez,tenia mi aplicación y me la quitaron. solo puedo ver ubicación de cajeros y Bancos BIENESTAR.,1,2026-05-28 07:24:57
54d0a547-5570-4db3-8ba5-01280362969b,Heidy Martinez,la verdad no funciona la app quise hacer transferencias no se puede después lo desinstale y descargue y volvió entrar en versión antigua le falta mucho...,1,2026-05-28 07:24:00
9d4ecc30-8538-44da-bcce-31c8f5c8360a,Stivaly Casas,"No me deja entrar, la desinstalo y la instalo y volvió a su versión anterior, alguno sabe cómo hago para actualizarlo o a dónde marco?",1,2026-05-28 07:12:08
b6432375-6a28-4840-987e-0079fb7e1e42,cristell hernandez,no se actualiza,1,2026-05-28 07:04:54
6139cfbc-f052-4f3f-9dc7-6c6b5ae19f7d,PATO _ CARLOS,Tuve que desinstalar la aplicación por qué se bugeo y ahora que la instalo no está actualizada me da el interfaz anterior y yo necesitaba trasferir dinero,1,2026-05-28 06:59:08
0ab6f68b-9ff7-4347-852c-87a7a229aebb,Bryan martinez rios,La peor de las aplicaciones de bancos he tratado de hacer transferencias y me arroja error cada vez que lo intento lo peor de lo peor el banco ya tiene 7 años como para tener una aplicación tan mediocre no recomiendo para nada este banco ni su app,1,2026-05-28 06:42:37
9ffebff9-72a2-43d2-a5f8-adf90202f963,Jorge Solano alvarado,no deja mandar dinero y puro error sale,1,2026-05-28 00:43:48
5f8f7162-8672-4201-8e41-5f2ff228454d,Pedro Ramos,"Es una basura de aplicación, a veces no puedes ni ingresar a la plataforma porque se satura de personas y marca error, la nueva función de transferencias ya me denego más de 10 veces, simplemente no funciona y ni hablar de la tarjeta presencial que no sirva en ningún lugar que no sea oxxo, se agradece el esfuerzo de hacer la app pero esta muy mal hecha y ojalá mejore pronto",1,2026-05-27 23:07:55
4e98c4cd-9a96-471d-b14b-1d8c6ad2c42f,Puma loco,no me deja hacer transferencias,1,2026-05-27 22:35:39
fb8c0996-cc74-4d85-b4b0-775778243792,Jaqueline Mary mallory,me sale como error en la tarjeta como puedo hacer para cobrar gracias,1,2026-05-27 22:32:55
c7161df7-8769-4adc-9cc9-edb8df4b0d68,Emily Ibarra,no me deja hacer transferencias ni nada,1,2026-05-27 22:26:39
ca66127f-d508-414d-85a2-81922e9faa5d,luis lechuga,app totalmente inservible no veo mi saldo trato de hacer envío y nada,1,2026-05-27 22:12:22
080de264-8edd-4dbc-bea5-254992f3a091,Maria del carmen Catellanos Hernandez,no permite inicisr secion dice que mi cuenta a sido bloqueada por multiples intentos y apenas es la primera ves que ingreso mi contraseña,1,2026-05-27 22:01:03
690be8cb-07d1-44a7-a316-921187cec6ae,Isabel Velasco,pésima,1,2026-05-27 21:57:24
7f8d989b-907c-4fe2-9a8c-7619c4585ece,daniela Yam cetina,no se me ha actualizado la aplicación.,1,2026-05-27 21:55:47
02ebdd1f-b17a-4e87-b697-0ce248007d58,Lupe D,"mi app se bloqueó por la contraseña incorrecta y tengo 15 días sin poder entrar, acudí al banco y me dijeron que ellos no saben nada que eso lo tengo que ver con el que maneja la app 😑",1,2026-05-27 21:28:29
87b5bc35-1aa6-4c95-9e6e-72457af457db,JOACSEM CABRERA,"me han depositado y tarda mil años en aparecer y aveces no aparece en la cuenta tengo que ir al cajero a checar si si cayó o no, arreglen ese problema de mrd.",1,2026-05-27 21:10:28
04ca20b8-f323-490f-a35f-98ba9d723f7d,Maria de los angeles Villicaña Rodriguez,no puedo meter el app,1,2026-05-27 20:59:10
de87de72-3244-440c-98ba-28f0232b5f74,Annie Sanchez,"falla mucho, entras y tarda bastante para que cargue, arreglen eso",1,2026-05-27 20:52:35
9726a56c-d3f6-4eb3-8850-d10cee8a5d37,Celia Reyes,con la última actualización me pide volver a registrarme y ahora me dice que la fecha de nacimiento no es correcta cuando si lo es a donde marco para que me resuelvan,1,2026-05-27 20:49:03
cdaa8f4f-cd7a-44f2-960f-6db7afb5392b,Zam Alcibar,no se actualizo no puedo hacer transferencias,1,2026-05-27 20:14:30
6a2d3685-d0fd-4af8-9fde-cd89dfb94835,Nathaly García,Muy mala actualización recibe el dinero pero no lo refleja pésimo servicio 😡,1,2026-05-27 19:31:29
e644d94a-c990-49f5-9ee4-2e9530c9d48c,Christian Rivera,"no sirve, la version con la otra interfaz solo me pedia contraseña, la nueva me pide la tarjeta y el nip pero no importa cuantas veces la ingrese, me dice que lo intente mas tarde",1,2026-05-27 18:36:20
06c5fe2b-ffb0-44db-b4f2-702d76cb9611,Said Hernandez,no deja transferir a otras cuentas de banco,1,2026-05-27 18:33:46
d38400e5-f7a0-410d-a0a7-f0dd74b9d8bb,María Fernanda Garcia,no sé actualiza para transferir,1,2026-05-27 18:33:02
1271f900-922e-4114-a3cb-5c6de4dc928a,Sebastián Hernández carrera,ya no me deja entrar con mi huella,1,2026-05-27 18:26:16
0cfd0001-c10f-4c82-ac80-b916b67124ae,Rosy Godoy,"llevo como 4 días queriendo entrar y nada más no me deja, no me llega el código sms",1,2026-05-27 17:53:03
25c77bd9-a488-4888-9464-cd29ea855474,Tristan Manuel Jimenez Mendoza,"¿que es esta basura? su actualización me hizo perder mi dinero, ¿dónde voy a recuperarlos?",1,2026-05-27 17:44:37
c50da032-c3dc-42d0-8701-a42fe6538275,Goku Black,con la nueva actualización pongo los datos pero no me permite poner el código me llega el mensaje por SMS y no me permite ponerlo,1,2026-05-27 17:29:40
3225915a-5ed9-485b-9786-752cd039b80a,José Armando Vázquez Carrasco,"sin ofender pero deberían dar la opción de añadir fecha de nacimiento escribiéndolo, la forma actual es muy ineficiente y también si tardas en buscar te saca del formulario.",1,2026-05-27 17:28:24
f4161a5b-190a-40d7-8c0a-b2ecd15abee7,Fernanda Perez Garcia,ya no m aparece donde hacía transferencia en la apps dl bienestar,1,2026-05-27 17:18:37
348bd471-b503-4c49-b138-9b5c6c45d43f,Laura santizgomez,genial,1,2026-05-27 16:59:03
0f64895f-cfc3-4052-9cee-4cef87fa0328,jose pablo mendez olvera,Parece que es una aplicación pirate en mi celular,1,2026-05-27 16:38:44
268095ce-a493-4821-a9e7-519f518f37f1,Pedro CDLS,exelen,1,2026-05-27 16:33:41
5279afe2-ae08-4aab-9cda-527cb592d769,Domingo Vázquez Flores,"Para registrase además del número de tarjeta y NIP solicitan la fecha de nacimiento, pero no hay forma de escribirla, solo aparece el calendario con la fecha actual, cómo pretenden que seleccionemos la fecha, moviéndonos en el calendario más de 65 años, el tiempo de espera no alcanza? por qué no permiten seleccionar día y mes y escribir el año?",1,2026-05-27 16:12:33
fbeed59b-d9d3-4f3d-b8c5-d5db4cac8cc4,xDarkMirror76x,"no se por qué hablan de una actualizacion reciente y que ya se pueden hacer transferencias si yo no puedo verla, me aparece la ultima actualizacion reciente en octubre 2025 y no tengo ninguna funcion para transferir dinero, que basura",1,2026-05-27 15:54:47
71aeb481-d440-4e90-832b-4312150b5acb,Eduardo Urrutia,"ya no puede entrar a consultar saldo antes si podía,",1,2026-05-27 15:34:36
0c95a98b-5dee-404e-b628-7e51ee7f487f,Mariela Diaz Calderón,no me actualiza la banca,1,2026-05-27 15:12:05
612577f6-92aa-4a78-8b0b-3afa0f34e92d,Enriqueta Sepúlveda,"no me funciona bien , ya no quiere abrir",1,2026-05-27 15:08:30
6755203e-eed8-4a0a-bd1b-7c8beb989bed,Laura Rodríguez osio,"la instalé, la desinstalé y la volví a instalar y nada. no me sale la actualización",1,2026-05-27 14:37:47
4f712ba7-665d-406f-9bfa-6a66729e785d,Teresa Solis,no puedo entrar a la apps,1,2026-05-27 14:14:39
e4081027-0df5-4998-944e-665098f87c56,Mito Vazquez,porque el calendario es un problema hay que regresar más de 70 años complicado para una persona de la 3a. esad,1,2026-05-27 14:07:06
1c41eb2c-7c6f-46b2-91c2-9311a10d85eb,Chip Lyter Grey,llevo un mes intentando actualizar mis datos pero no puedo ya que no me llega el codigo por sms hago varios intentos en siferentes hrs y nada del sms,1,2026-05-27 13:15:38
9e66400a-c7cb-48c5-b574-f94aefe3deac,flor argott,"no sirve, no es posible poner la fecha de nacimiento, por lo tanto, no se puede activar",1,2026-05-27 13:14:27
115e7e02-1a7a-4911-85f1-b3803dec3a9f,Mayra A.A.,tardan muchísimo en reflejarse los pagos trasferencia,1,2026-05-27 13:00:56
6419128b-cf9c-4ecd-8867-8067960cab82,Francisco Guzman,"No me llaga el SMS para poder activar la tarjeta, y ale hice de mil maneras y no logro hacer que me lleguen los mensajes, seguramente capturaron incorrectamentei número de teléfono. No hay quien ayude a resolverlo.",1,2026-05-27 12:47:39
a625860c-8e45-408e-97a5-c9277c7b8dea,Arturo Gallegos,error 05 que no es la fecha de nacimiento correcta hasta la acta tengo en manos que mal gracias a eso no puedo entrar,1,2026-05-27 12:39:52
76ba11bd-7bbb-4f77-b86f-581678a275e2,agustin espinoza,"la última actualización no deja entrar, pide volver a registrar pero después de la fecha de nacimiento marca error y ya no deja continuar ( error x43)",1,2026-05-27 11:42:04
2e738680-7e3f-4b49-869d-9869dbd1e6c8,Lica Márquez,"se bloquea a cada rato, y yo ya van 2 bimestres que voy porque se bloque mi aplicación en mi celular. y tengo que ir personalmente. muy mala , aparte no permite hacer transferencias a otros bancos y yo luego no puedo caminar por mis piernas hinchadas",1,2026-05-27 10:55:15
89657375-0a50-4f41-9cb1-f20a71c53426,Hugolino Valentin Martinez,"Después de ingresar la fecha no deja seguir, si pueden corregir eso",1,2026-05-27 10:10:49
1f371e8a-5d26-4dea-b75a-2cdc94428fc2,Silvia Garcia,al momento de actualizar la aplicación pidió todos los datos contemplando también el nip...y cuando pide la fecha de nacimiento hay que volver hasta el año de nacimiento esto hace que vuelva al inicio y cuando se logró marca como error y así varias veces así que no se puede tener la cuenta actualizada,1,2026-05-27 09:22:16
949f1ede-3a8f-409f-ba9b-8a02c0dd7365,Javier Vidal,imposible activar,1,2026-05-27 09:22:11
587bcba0-0520-496a-8d0b-fbb157c3f003,Ligia Sansores,no me da opción para poner el año,1,2026-05-27 09:07:17
a4820dbc-9c1f-40e7-89a4-0a688fa44c58,Dulce María Sánchez Alvarez,la vrd desde que la tengo no me ha sido útil ya que casi nunca me abre la aplicación al principio pensé q era por la mala red de internet pero no fue así ya casi culmino el programa y en lo q ya va en todo el programa solo la aplicación se abrió 1 ves y ahora con la actualización si lo veo de más utilidad si en vrd tuviera buen soporte ya q con esta es la única que me falla al no abrir ya q con las demás como Bancomer o Banorte no tengo problemas al acceder,1,2026-05-27 08:49:36
3e2335c5-5a9b-4138-bb8f-d1e3cf21b3ea,Beatriz Romero,"pésima.. me dice que saldo insuficiente cuando tengo en mi cuenta los tres mil cien pesos .... es la segunda ves que me hacen el pago, y en esta ocacion ya no pude cobrar en cajero ni pude comprar en ningún establecimiento pues ya me apareció bloqueada la tarjeta esta aplicación la baje porque",1,2026-05-27 08:44:45
3838d54d-9a51-4d7c-a3e2-ced48930e148,Alberto Villegas Calero,Es increíble como la incompetencia de quien diseña la app sabotea las buenas intenciones. Para activar los datos del titular en la fecha de nacimiento es imposible. Pésima experiencia.,1,2026-05-27 08:38:13
3639cef0-a805-407f-9898-51ee78169d5a,jorge carrillo,"la aplicación no sirve, no deja hacer transferencias y esta limitada a 1500 pesos además que ahora ni si quiera deja ver el saldo ni los movimientos que es lo mínimo que hacía antes de la actualización. los que dicen que si sirve son pura bola de chairos mantenidos",1,2026-05-27 08:13:32
51859525-d8da-4c3c-b174-88b16293c820,Rosa Zetina,no deja entrar solo marca error ...😭,1,2026-05-27 07:53:54
9ad205c0-786b-4b56-9c39-5c9a05134584,José Barbosa,"pésima a la hora de ingresar la fecha de nacimiento, es recorrer todos los años, muy mal diseño de esta aplicación.",1,2026-05-27 07:18:02
4589b316-df47-4f78-aad2-a8b2be3ac93c,Arminda López,últimamente se está trabando la aplicación,1,2026-05-27 06:58:13
109fd28b-f929-451e-907e-da3989c9eff0,Guadalupe Silva,super,1,2026-05-27 06:49:07
fe97b369-4489-4183-9333-b84cc891b139,Marylucy Gonzalez,"Imposible poner año de nacimiento, lo intenté varias veces. por favor corrijan eso. Gracias",1,2026-05-27 06:18:29
20074d5d-bc6a-47e1-ba6f-a9c359a8a92f,Kishinto Alex Zalazar,"con la actualización ya no me deja iniciar sesión, mis datos se borraron y cada que intento iniciar sesión solo marca que mi solicitud no puede ser atendida (X99) espere un dia para volver a intentarlo y lo mismo, no puedo iniciar sesión ahora",1,2026-05-27 06:15:46
2f4dfb17-9d5f-4a59-8042-da965e78489f,Monica Rocha Lucio,que puedo hacer si no me deja entrar? solo me aparece que debo de dar permiso para buscar ubicación y no me deja checar nada,1,2026-05-27 04:08:40
5239c300-07dc-4579-b6e0-c225a341f9cb,Roxana Pineda,desde que la actualice ya no me dejó ingresar me dice que no se puede hacer esa transacción ahora estoy peor que antes por qué no puedo ni ver si quiera el saldo de la tarjeta por favor denme una solución 🙏🏻,1,2026-05-27 02:48:26
45c62562-e124-4b9c-a526-d3374b1a4091,Alpuche Magaña Vivian Aylin,si por mi fuera no pongo ninguna estrella pq la la neta no me deja poner mis datos de mi tarjeta del inicio 😕,1,2026-05-27 01:10:30
c650778d-7934-41da-a831-6ea906786319,ernesto evs_imeca,siempre me marca error nunca puedo acceder a la app,1,2026-05-27 00:03:55
cd88b81f-3702-4580-b381-67eee0bf3e70,Lety Castillo,"pésima actualización, no se puede ingresar, marca un sin fin de errores. Desde la fecha de nacimiento incorrecta.",1,2026-05-26 23:31:01
87a14576-5646-4308-a533-4324a1cdf2f8,Andy Emmanuel Paredes Caballero 2053,No sirve cuando uno la necesita,1,2026-05-26 23:08:55
6f2e5fbd-5e1b-4a2f-92d8-fda6588b4754,Alma Quezada,"No carga nada, quiero ver el saldo de la tarjeta y no accede, al intentar activar la tarjeta en un principio no se puede y tengo que esperar 72 horas para intentar de nuevo",1,2026-05-26 22:59:32
3d32d5c1-ca34-4492-abea-0a8fd6ba2f0e,Kevin Gabriel Davalos Peña,"La aplicación esta 10/10,pero tengo un problemita que me gustaria que arreglaan porque todo estaba bine hasta su actualización que reconfigura todos los datos y casualmente siempre esta en error, por lo que no puedo consultar nada.",1,2026-05-26 22:40:08
bf5da416-072c-4a0c-802e-6dc372743749,Maria Herrera,muy mal el app del banco bienEstar. actualice mi app y ya no la e podido usar muy complicada cuando voy a poner mi fecha de nacimiento y el año.,1,2026-05-26 22:20:06
5ec594f3-7050-4b8a-b94d-11a53099c221,Cesar Brito,"pésima aplicación solo deja transferir 1500 por día y se super traba mucho, borra los datos y ay que estar volviendo a llenar chequen eso y sobre todo lo de las transferencias muy mala super hiper mega mala la verdad no sirve de nada en nada ayuda",1,2026-05-26 22:05:08
05421fdf-63fd-491d-b866-11133042e745,Brenda Alcoser,No funciona para todos a mi no me deja entrar me dice que datos incorrectos en la fecha de nacimiento necesita actualización por favor solucionen eso,1,2026-05-26 22:01:45
df838e77-df1f-4435-8782-6276e11fa2b4,Maria Carreto,"Un asco de aplicación, siempre marca error",1,2026-05-26 21:58:40
125bcca9-def4-455c-a9cf-e80bb97fa6ad,Jesus Antonio Mendoza Campos,El codigo de verificación no llega y continuamente tiene fallas o marca error,1,2026-05-26 21:12:24
363a96a1-f5f0-499a-8a93-4553250c008f,Carmen Rivera,muchísima gente para pasar al banco y al cajero por lo siguiente igual debería haber más ventanillas y cajeros..........,1,2026-05-26 21:02:53
e00ef06c-8e9f-4ba8-a477-d8421f9e71a9,Javos De,Pongan más para poder enviar,1,2026-05-26 20:52:00
dca332c1-0c2f-4215-b8e9-45294eb64bbb,rosa maria vega rocha,no me permite registrar mi fecha de nacimiento me dice que es incorrecta,1,2026-05-26 20:37:17
88514b10-a8ab-4359-a8f1-e5401952d3b6,Sara Bertha Segura,"Para ingresar la fecha de nacimiento tengo que recorrer todos los años mes por mes, no sería más fácil si pusieran u. menu para que se ingrese la fecha de form manual?",1,2026-05-26 20:10:00
0c0b3d23-0159-46c4-8f0a-e5f0a8fee76a,hector manuel cruz cruz,"dice que error que la fecha de nacimiento no coincide con el cliente, cuando ésa es la fecha correcta de nacimiento, además bloquean el sistema por exceder los intentos, arreglen ése error, es error de ustedes no mío",1,2026-05-26 20:02:23
27a84f8e-1914-4664-a6c7-3eed2712defe,Yako 101,asco,1,2026-05-26 19:31:49
8f071568-9c8e-4d2b-97dc-0dd40c392f95,Juana,mal muy mal. dice que mi fecha de nacimiento es incorrecta. o sea???,1,2026-05-26 19:00:29
d57825a2-7591-40f2-bd55-9f1f9cad4b05,Liliana Zamora,"no me deja ingresar , colocó mis datos y en la fecha me dice que no es la correcta",1,2026-05-26 18:18:58
d77bb70e-2a9a-488c-b6ba-32b489253a7e,José Luis Domínguez,"Deberían de probar las aplicaciones y sus actualizaciones, ya que sigue sin permitir la transferencia entre otros bancos, y realmente es muy necesario ya que sería una opción viable para todos los que tenemos un banco de otra institución cerca que no sea Bienestar, así realmente podríamos sacar sin comisión y sin gastar tiempo y dinero, al transportarse exclusivamente al cajero o banco del bienestar",1,2026-05-26 18:00:25
1597a656-52c0-4a25-b2bc-abedb7f9cbb8,Maricela Fernandez Robles,Ni si quiera la puedo abrir después de instalarlo.,1,2026-05-26 17:54:49
9002d77b-dc09-41ac-9bb4-b5da0b2a0f2a,María Tapia,"mala experiencia, no acepta mis datos de fecha de nacimiento y no me permite seguir para abrir la app. Que pésima actualización.",1,2026-05-26 17:50:27
5f00b664-55d8-401b-a743-179694eed48f,Chan Hernández rocio 1k,llevo dias tratando de registrarme y nada,1,2026-05-26 17:41:26
149f6595-368d-40ed-9bb3-642e043a6dca,Mauricio Gonzalez,👎👎👎👎,1,2026-05-26 17:21:16
96d7722f-de52-4a4b-a98d-09f4c74699ee,Maria Luz Zamora,No me permite consultar el saldo,1,2026-05-26 17:11:14
8beee90d-15fe-4525-af58-2684080b9b8d,Carlos Vazquez,La fecha no se puede ingresar mal,1,2026-05-26 16:53:45
99fd9576-8087-4b9c-9a16-c90f482e4d0c,Wendy Martinez,falla en la fecha no me deja entrar,1,2026-05-26 16:14:17
e8167cc0-6f0e-4258-b5a6-faef72f76d47,Azucena Perez,con esta actualización no deja poner la fecha ni el año de verían de mejorar esas situaciones,1,2026-05-26 16:04:32
4b28ebcd-982c-4fb7-a9d6-50a29a3c0977,Aldo Carrillo,tuve que cambiar mi contraseña muchas veces hasta que funcionará,1,2026-05-26 16:03:26
f43c704e-84d7-4a0c-94c0-22f4e7512fe9,Jaime López,"desbloqueen el input de verificación de sms, no sean imbéciles",1,2026-05-26 15:30:43
6fe48c85-09e6-4160-a473-b4fe58d47648,Doña Macabra,la verdad acabo de descargar para mis abuelitos pero no siquiera pasa de ha abido un error por la ubicación ya le intente pero me saca de la misma,1,2026-05-26 15:22:18
5bc42f5a-6f64-4c55-82b6-27f40f52de25,Laura O,no me deja entrar y eme estan pidiendo que lo haga no hay domde comunicarme,1,2026-05-26 14:50:04
f5c02b67-6fe3-4df6-ac3a-7e4b387c760d,Angel Blaz,muy buena,1,2026-05-26 14:49:39
905f3c3f-9da3-4ce7-9f2f-017342ad0dd6,Alex Tello,porque no envían el código para verificar el celular???? 👎👎👎👎👎👎,1,2026-05-26 14:47:50
d1c9a1e4-bf24-4a08-9328-f99d3607f3b9,A. Rojas,"Con cada actualización cierran la sesión y ahora que estoy intentando volver a ingresar me dice que la fecha de nacimiento es incorrecta, ¿Ahora como voy a solucionar ese problema si el error es de quién realizó el registro?.",1,2026-05-26 14:41:14
b3331310-c4ab-4a63-a9d5-b9fbde83ef22,Pru E. Baz,"trate de entrar a la app y después de meter datos sale el mensaje ""tu cuenta ha sido bloqueada debido a múltiples intentos fallidos de inicio de sesion...I01"" y mi cuenta está bloqueada... no use la app más de 24 HRS porque sale eso y como se soluciona...? ya reinstale, borre caches y nada..!!",1,2026-05-26 14:24:03
087aef47-edd4-4594-b356-acba48c42ad5,Clara Moreno,mala,1,2026-05-26 13:57:34
8f2eb83b-5378-424b-810d-0c8fb4606a67,Jesus V.,"llevo varios días intentando acceder a la aplicación introducir todos los datos que aunque ya los tienen antes de la actualización , sin poder lograrlo ya que para finalizar la introducción de los mismos la aplicación solicita introducir un código de verificación que te envían a tu teléfono y que nunca llega te permite intentarlo tres ocaciones y después solo aparece un mensaje que dice que tuvieron un problema técnico y que lo intentes más tarde y así me haré más viejo sin poder lograrlo",1,2026-05-26 13:45:39
c968b25c-29ee-4418-9d88-033e554f5a2c,Yo-Lanndi Davila,"No había tenido problemas hasta ahora. se borraron los datos, ingreso número de tarjeta y nip y al poner la fecha de nacimiento me pone ERROR 005 LA FECHA DE INGRESO NO CORRESPONDE A LA FECHA DE NACIMIENTO DEL CLIENTE. Mi mamá no usa efectivo entonces es un dilema porque que quiere ver lo que tiene, arreglen esto por favor.",1,2026-05-26 13:44:04
f5437e7a-f328-47ec-bf38-fc55a232a821,Johns Jin,no me deja consultar saldo y marca error y mucho más si es temprano es peor todavía y ha hora con la nueva actualización nosé deja ni editar o escribir fecha 📅 de nacimiento y afuerza necesitas utilizar el calendario y luego no lo aceptan y ha hora después de varios ingreso mi contraseña 🔑 y no me dejan ingresar para para consultar saldo 😡😡,1,2026-05-26 13:42:30
946f07d1-ccdb-4e29-a612-b9aaf9d92c7a,Juan Rodriguez,se actualizó y no puedo terminar de poner la fecha de nacimiento porque la tengo que cambiar mes por mes y cuando casi llego a el año de mi nacimiento me saca y tengo que comenzar de nuevo. No da la opción de cambiar año por año. Muy mala actualización. Hoy Volví a revisarla ya tiene manera de cambiar de año. Ya pude poner mis datos y terminar.,1,2026-05-26 13:37:42
bcd3088a-2104-487f-abcb-c3cc7f76fb8f,Azyadith Manzo Sanchez,"Muy buen avance los felicito, pero no me deja hacer transferencia a mi cuanta bancaria me sale error y que mi saldo es insuficiente, cuando claramente si hay saldo suficiente y por que poner un mínimo de $1,500 si el chiste es poder pasar todo y no tener que ir al cajero del bienestar 👀👀 ojala puedan corregir y facilitar las necesidades del adulto mayor.",1,2026-05-26 13:11:21
24a76898-2d5f-4672-8d28-78bfb0608aed,Sandra Viche Avila,"Muy mala, no envía el código y no puedo entrar a consultar mi saldo. Ésta actualización está muy mal",1,2026-05-26 12:33:15
16b32f88-db9b-4785-8a41-fd650cb738ca,Tere Colin,buena,1,2026-05-26 12:23:50
318931e7-1579-4e13-a5a2-f214167e2fc5,Ángeles Jiménez,"No me permite ingresar mi fecha de nacimiento y, por ende, no puedo usar la app",1,2026-05-26 12:10:24
9dc9f6da-f5e8-447b-9728-51715303db87,Guadalupe Tovar,no puedo poner fecha de. nacimiento,1,2026-05-26 11:58:17
14c1248a-9327-4703-9378-283fac0b3919,Alfredo soto,muy útil,1,2026-05-26 11:11:53
70ed7b76-58b6-481d-8c08-f39bea4450c6,Martin Valdez Bazaldua,no me manda la clave para registrar mi teléfono,1,2026-05-26 10:58:12
8fa5836b-bb1d-46b8-ab31-4a17144b33c3,Angela Quevedo,"Tenia que ser del gobierno puerca aplicación ya no te da saldo, no te deja actualizar tus datos A ver si se dan a la tarea de arreglarla, de por si ya los bancos no quieren nada que ver con esta appp menos con el bamco",1,2026-05-26 10:28:27
c02937f7-32f1-4c9b-b427-187bb68f04de,Erika,No me deja registrar mis datos. Cuando trato de poner mi fecha de nacimiento me saca y ya lo he intentado varias veces y no deja.,1,2026-05-26 10:24:42
a4000ad4-85c1-4feb-a051-f9f9bf438f4f,Rodrigo Salcido,"Me sacó de la cuenta, para poner fecha debes irte a casi 70 años atrás click por click y cuando llegas te saca, pésimo.",1,2026-05-26 10:19:51
ce84de4a-6555-43b0-8091-96b183854cd6,Orlando Hernandez,no funciona,1,2026-05-26 10:13:14
ffc2b1eb-424f-4746-b31d-43d7a0eabc90,Silvia Ugarte,"La nueva actualización del banco bienestar presenta fallas de validación, rechaza datos correctos (# de tarjeta, nip,fecha de nacimiento) aunque estén bien capturados y además bloquea por ""demasiados intentos"" sin realmente haber hecho varios. La app necesita revisión urgente porque impide el acceso",1,2026-05-26 09:54:19
04db045a-7820-4a7c-bc97-539f33b0be40,Paty Sanchez,"No puedo actualizar la aplicación porque en la fecha de nacimiento no hay opción de ponerla manual y soy del 1969, no llegó a mi fecha de nacimiento por qué la aplicación me saca antes de que llegue",1,2026-05-26 09:43:18
a2cc09c6-b63b-4fbf-89fc-a6b653722d1b,Maryta Espinosa,Fatal no puedo instalarla ya que el calendario no me deja poner el año ya que cuando voy llegando al año me saca y ya lo llevo intentando 3 días y nomas no puedo aquín me puedo dirigir para que me ayude a instalar la aplicación,1,2026-05-26 09:25:18
bb9677df-9e1c-439f-8c32-715390af19d7,Roberto Axel Lara Toral,Ya comenzaron a bloquear... Mendigos CO,1,2026-05-26 08:45:57
9a549aec-91ab-4827-9286-ab7539fae449,billy the kid,"marca error al ingresar fecha de nacimiento, aplicación pedorra no sirve esta peor que antes ahora no te deja ver el saldo",1,2026-05-26 08:44:13
adb0efa0-e7d1-44a5-8fa9-20f1148abf95,Ma. Adriana Pedraza,no permite enviar transferencia aún teniendo capital,1,2026-05-26 08:35:35
cae7c561-09a4-444e-aa1b-0d5b6b0398f1,Gabo Flores,pésima la actualización no te deja ingresar la fecha de nacimiento ya que vaz avanzando para llegar a la fecha de la persona te vuelve a mandar a la página principal es una porquería lo que hicieron,1,2026-05-26 08:34:58
888afb24-2bdd-42d8-9a5c-018f3a731326,Enrique Garcia Galicia,no me deja entrar a la aplicacion,1,2026-05-26 07:25:32
d6b59e44-700e-40d0-be0f-21280fa8989e,Manuel Enrique Ramón Pérez,tengo falla me marca error x99 pero no me dice que significa el error,1,2026-05-26 07:19:46
f802bbb0-f693-46af-97ba-990723e68e65,Filiberto Friy,Pide activar servicio de ubicación y aun asi no deja entrar,1,2026-05-26 07:15:33
8cb257fc-f794-4abb-bba9-77198a05bfb5,Marbella Enriquez,no me deja entrar que ocupo permiso y todo lo tengo activado,1,2026-05-26 07:14:20
65a5cb59-0020-4e58-805c-6dcc75cd3d04,Jair Perez,Horas intentando acceder y marca error para entrar.,1,2026-05-26 07:08:56
af7386b5-4f2f-44a8-8231-f82752881622,Rommel García,para que meten las transferencias si ni se pueden hacer sale erro x99 y luego si lo quieres intentar ya no te deja usar la misma cuenta tienes que meter la clave de otro banco por que el anterior te dice que esta mal y ni dejan entrar hasta para iniciar sesión sale el mismo error x99,1,2026-05-26 07:07:44
199ac760-1982-490f-8d85-38749c65d83c,Karen Reyes,"Deja mucho que desear, no puedes pagar donde sea y no deja hace transferencia",1,2026-05-26 06:47:16
82672c58-1b14-4d41-8985-cdd4205b6f43,Karina Espejel,Ya no hace trasferencias,1,2026-05-26 06:10:52
3fc9d99d-70fe-440b-aa5d-6c83943c69f8,KAORUOTTORY,"Desde la última actualización, no me deja entrar. En el primer día me dejaba ingresar hasta el 3er paso de loggeo pero al darle en el botón de siguiente me tiró error. Lo volví a intentar varias veces, desinstalé y volví a bajar la app e incluso está peor. No salgo del primer paso de loggeo porque me vuelvo marca error.",1,2026-05-26 06:07:40
b32f5a36-4ae1-43a8-a066-986fa8bf8174,Akary Cabrera Sánchez,cambio el modo de ingreso y es más complicado acceder a mi banca,1,2026-05-26 05:53:17
248e5775-83e9-43de-9246-595b4b7792d6,Neftali Velazquez velazquez,con la nueva actualización no me deja entrar ala aplicasion,1,2026-05-26 05:06:59
0b16581b-2b6b-4984-993e-c743f2ecfce9,Vivian Velazquez,No funciona bien. No me permite hacer transferencias ni siquiera a las tres de la mañana ni a ningún otro horario. De todisy modos tengo wue ir al banco. Da igual tener o no la app,1,2026-05-26 03:42:36
57cc5efd-a5d6-45fc-889b-97dcfb8c7063,Sara Sánchez,"ahora ya ni me deja entrar, errores de ×66 de ×99 y de ahí nada",1,2026-05-26 02:10:12
e866f375-4e3a-4b15-8941-542e1010f990,Regina Torres,"Tache, ya no puedo abrir ☹️ 😩 mi app, me sale que hay un error...que tengo que hacer, desistalar y volver a bajar el app...???",1,2026-05-26 00:52:41
4fe95662-5ba5-4e12-9716-4ab4bdec87d0,VIRIDIANA YESSENIA DEL ÁNGEL GARCÍA,le doy una estrella por qué cuando intento ingresar mi contraseña que es el banco del bienestar y la quiero restablecer lo que es una contraseña que puse me podrían ayudar a solucionar esto lo antes posible,1,2026-05-25 23:24:52
7aec1cde-7478-4da9-81c1-51faac750fba,ana luisa cantu,dejó de funcionar ya no se puede checar el estado de cuenta sale ocurrió un error,1,2026-05-25 23:24:47
f26f3462-2cf1-437e-aa45-475eba9e37b1,Alexis Mendoza,por qué no me deja meterme a mi cuenta de la tarjeta de bienestar,1,2026-05-25 23:24:09
c5a7e16e-2e56-464f-a1d5-ddfe0708f88e,Maria de la luz Vera,No puedo completar el registro. Siempre me dice que mi transacción no puede ser atendida,1,2026-05-25 23:07:41
0f513e45-b6bd-40bd-962e-e84453a3eb41,Irma Ortiz,cambiaron Formato no entran bien mi informacion,1,2026-05-25 23:07:07
ef13981c-8b4e-42bf-aadb-85918c343e29,Alejandro Correa,"Después de la actualización, no me permite acceder más allá de la fecha de nacimiento, al ponerla me indica que la petición no puede ser procesada y de ahí no logro salir.",1,2026-05-25 23:05:56
d05f8763-ea3f-4cc3-8db5-e1817c38942a,Alejandro Breña,Es un asco de aplicación según mucha actualización y cada que quiero hacer una transferencia me dice que espere 48hrs o si no que hubo un problema y no se pueden cargar mi información o de plano me marca error al intentar entrar.,1,2026-05-25 22:57:04
f83cffec-6f6f-4d7c-8f33-6a8ccca76b6d,Rafael Vanegas,Aplicación nefasta no sirve nada amigable con los adultos mayores,1,2026-05-25 22:42:45
1c04aa80-7e17-45c8-b3f8-af24f0adaacb,Roal Hernández,"No me deja entrar pues nunca me llega el Código... pasa el minuto lo vuelvo a intentar y nada,¿que puedo hacer?",1,2026-05-25 22:32:20
f46a2b9a-5166-4886-8622-d0972b1efe4a,Emily Elideth De Mondragón,"con la nueva actualización no me deja entrar a la cuenta, me marca errores y no me deja continuar... Primero era hasta donde pide el número telefónico que es el cuarto de 5 pasos.... y ahora es desde la fecha de nacimiento que es el tercer paso de 5 pasos... ya desinstale la app y borre cache y nada. espero que ese error se solucione pronto oh que nos digan como hacer para poder ingresar nuevamente",1,2026-05-25 22:29:54
7539164f-7715-47d9-b640-333b0e63efe9,Miguel Castillejos,"solo sirve para que te bloqueen la cuenta y tengas que ir personalmente al banco hize traspasos a mi cuenta y pense lo buena que era a los 5 dias de uso me bloquearon, tras varias llamadas a soporte me pidieron acudir al banco para hacer una filota y al llegar me dijeron que pasarian el reporte y que tardaria alrededor de 30 dias, mejor vayan a retirar al cajero automatico o usen la trajeta",1,2026-05-25 22:13:05
515e8cc7-044c-4c96-9b62-a592cf5cfb3c,Martha P,"pésima, para poner fecha de nacimiento hay que recorrer el calendario y no hay tiempo difícil o entero ya que me saca antes de llegar a mi fecha de nacimiento",1,2026-05-25 21:49:25
34b01b5a-bcce-401e-876d-471c5cc3b546,Daniel Tapia,"Supuestamente integraron las transferencias pero no funciona. antes por lo menos podías ver el saldo, ahora sale un mensaje que dice: no podemos cargar tus productos. que basura de aplicación",1,2026-05-25 21:48:02
f214a6b3-1dfc-4c1e-b853-a037698cdb60,Guadalupe Uc,no me deja ingresar dice error x99,1,2026-05-25 21:27:59
6be39138-97a6-4321-be69-021c68fedff6,Helena Jazzlyn Garcia Cortes,pésimo no abre,1,2026-05-25 21:08:17
428c13b2-4d92-4e06-a50b-7290a9ad31f6,rafael vera bravo,no aparece mi banca movil y no puedo consultar mi saldo,1,2026-05-25 21:04:43
9ff97946-eea4-40aa-ae59-bf580bd692d9,Adriana Sotelo,Meto el # de tarjeta y nip. Me envía a fecha de nacimiento y no me deja poner el año,1,2026-05-25 20:54:14
9664061b-d7c7-4edd-9f18-89749c0c8058,Dyann Beltran,Un asco de app. no deja acceder 👎🏻pide ubicación la tengo activada y nada . no deja acceder,1,2026-05-25 20:47:00
426b34dc-7d20-4ab5-a47c-4125fd88a35f,PEDRO THOMAS,tengo un problema con la aplicación y no permite ingresar mis datos y me bloquea los intentos,1,2026-05-25 20:44:32
5ebb4fca-b8b9-4d3a-93b0-381e2213bfa5,Maria Victoria Romero Bojorquez,"Con esta actualización, no me deja abrir la aplicación dice que hay un error en la fecha de nacimiento",1,2026-05-25 20:43:39
909b0953-52c9-49e4-8981-51530813d72c,Sebas,no me deja entrar por qué me sacaron de la aplicación y le pongo a fecha de vencimiento pero en la tarjeta dice del tal pero en la aplicación me pide mes día y no se bien sobre eso solo se que caduca en tal fecha pero no dice mes,1,2026-05-25 20:33:14
a5d3774c-6292-4f85-8a58-a47a97795974,Mary Gm,"Bajo mi experiencia la app no me deja avanzar con él registro de los datos de mi mamá, con esta nueva actualización al momento de llegar al año aparte de ser tedioso me dice que la fecha no coincide, quisiera saber porque? y más que nada que se solucione por favor",1,2026-05-25 20:33:01
7e082d02-7847-4661-ad85-46165278ec69,Ma. Eugenia Maldonado,"¡Es imposible anotar la fecha de nacimiento! ¿Porqué no hacen las ""mejoras"" bien hechas?",1,2026-05-25 20:08:10
8476f695-4bb1-4fcc-a89f-adc5fbe7adf5,Victor Roman Gonzalez Cardenas,deberían dar más tiempo para colocar la fecha o en su defecto para que se ponga por separado y no estar buscando la fecha,1,2026-05-25 19:57:27
93dfad04-0764-4a3e-aaa9-f2d8831e2550,Juan Jose,ya cambiaron los modos de checar los saldos,1,2026-05-25 18:57:48
bf2540b7-ca35-4e39-984c-80a855d8d931,Yael Sotoo,acabo de descargar la aplicación y no puedo abrir la aplicación me pide ciertos datos y los pongo y dicen k me van a mandar un código de verificación y nunca llega,1,2026-05-25 18:53:18
45647f48-ae05-4dd4-b81b-a23826c9f24f,Bety Bernal,"NO PUEDO ENTRAR A LA APP DICE QUE MI FECHA DE NACIMIENTO ES INCORRECTA PERO, MI FECHA ESTÁ BIEN.",1,2026-05-25 18:37:12
4ba2f9db-2698-4fdb-ae88-0bbd661c9d7f,Maria Teresa Rivera Muñoz,instale la app y no puedo entrar para checar saldo,1,2026-05-25 18:07:54
04ebdb68-da98-489c-8bb1-1769f15e923a,Lourdes Argomedo,"no puede abrir la app , porque cuando piden fecha de nacimiento el calendario no se puede cambiar me saca y yo soy del año 1946",1,2026-05-25 18:00:00
06ddd7b6-4598-4f7b-a79a-e7021fd8ae3e,José Ma. Dávila Lopez,"porque pide numero de tarjeta y el nip en la nueva actualización , eso esta mal , como estaba antes con la pura contraseña , que mal... con la nueva actualización ponen el 2026 , yo soy de 1959 para llegar a ese año se tarda mucho y cuando llego se reinicia y tengo que volver a empezar , arreglen eso por favor",1,2026-05-25 17:46:55
93559976-1a48-4d55-af4d-727f0135a324,Silvia Salazar,muy mal no me da la opción de poner mi fecha de nacimiento tenía la aplicación anterior y ahora no puedo entrar para checar mi saldo.,1,2026-05-25 17:35:32
d2d9bf03-85a9-43b4-862b-fa6befb8312b,roberto ulises rubio jimenez,se mamaron von eso de poner la fecha,1,2026-05-25 17:07:59
3cca02db-979c-4799-936f-f01a01670a31,Candelaria Vicente,"¿Que han hecho con ésta App? Han arruinado por completo todo con esa nueva actualización. Super lenta, pide muchos requisitos para abrirla, super complicada de usar. Deberían tener en cuenta que ésta App es usada por infinidad de adultos mayores. Devuelvan la versión anterior por favor.",1,2026-05-25 15:54:47
fd16dda7-200a-4f6d-bcd2-c851cf2d84e5,NICOLASA CRUZ LOPEZ,No sirve para nada solo dice todo el tiempo error y error!!!,1,2026-05-25 15:50:28
a913aca7-edd6-4ae3-972c-584562a18e58,Rosy Vergara,"la aplicación me saco, y ahora que ingreso de nuevo mis datos me dice error",1,2026-05-25 15:48:42
e214ae95-55d4-496a-9c50-6123b04e0cea,Alejandra Segura,ni siquiera puedo acceder a la aplicación actualizada para la activación se necesita un SMS que la aplicación envía y nunca llega,1,2026-05-25 15:40:08
6438126a-3ac2-4259-9dc3-554d531077ea,Carlos Araoz,"las capturas de pantalla no corresponden a la aplicación real justo falla cuando se necesita pésima forma de registrar la fecha de nacimiento, se hace por un calendario, y hay que regresarlo mes por mes, esto significa 12 meses por 76 años felicidades al que diseño esto, se le quemó el cerebro. y también al que aprobó la aplicación, seguro le hizo muchas pruebas ahora otro problema, hay que esperar un código SMS que nunca llega",1,2026-05-25 15:21:18
0907e3da-0484-408b-a9c7-f73d85583d30,Manuel Madrid,Se tarda mucho en caer la beca🫩,1,2026-05-25 15:18:01
748f39a5-19bd-4a0b-bc78-4465709d4ef1,María Juana Uch,Maraca que la fecha de nacimiento que esta en mi ine es incorrecta ( cheque los datos y pusieron datos incorrectos y no pongan para poner huella por que no funciona y te deja sin poder entrar),1,2026-05-25 15:14:59
8f8f325b-9161-407c-8192-bfc9a131ff15,arnol Vazquez,Es una porquería la actualización no permite anotar la fecha de nacimiento No la recomiendo desinstalacion,1,2026-05-25 15:13:35
fd2d98ad-6892-439c-a8a0-5bd844da08eb,Juan K Cova,con la actualización no me envia código de verificación...muy mal,1,2026-05-25 15:11:55
8160fb92-1582-4936-9cd5-53b4d970c7dc,Carlos Carlos,Muy mal no puedo escribir mi fecha de nacimiento,1,2026-05-25 15:09:12
417265e5-a38c-4ee1-a86b-41c6bd4fe693,Daniel Armenta,"Soberana aplicacion hecha con las patas a la hora de hacer un paso a paso para reingresar los datos de esta ""nueva actualizacion"" y la pongo entre comillas porque estoy seguro que el que la actualizo no verifico con al menos un universo de 100 usuarios , este funcionando correctamente !!! Para pronto no te reconoce la fechas de nacimiento !!! y quien sabe que otro dato esta mal en la casillas al ingresar los datos, 0 intuitiva a la hora de ingresar la fecha de nacimiento, mmmmmm CYBERBUG2076 !!!",1,2026-05-25 14:54:18
da3929d8-7f7a-48e4-aaaf-40ecc714e021,Amry Lozano,mala,1,2026-05-25 14:42:16
71ecaf61-0fac-4fee-95d6-901f4db74a7d,Ángel glare 0_____0facherito,"horrible marca error todo el tiempo ,no deja transferir y no son problemas con el internet ( no se fien de los bots de las buenas calificaciones)",1,2026-05-25 14:33:38
02d02c4f-64c1-46f8-af28-1e917db40afc,Hermila Gama,no me deja acceder para consultar saldo,1,2026-05-25 14:08:24
dc808e9b-b66b-4018-afc7-03df50270e3e,Clementina Sais,"No sé puede entrar a la aplicación, siempre me marca error y no puedo registrarme",1,2026-05-25 13:55:48
393e9679-1fae-4aa4-932d-dd60758626c3,baya mex,No llegan los sms para acceder en mayo 2026,1,2026-05-25 13:27:52
d9e80a02-6b51-4ec3-a4ee-919cb44a8036,Mely Vicencio,meto mi fecha de nacimiento y me marca error,1,2026-05-25 13:16:06
3098e2ea-8352-4843-b8c0-db3bedcbe296,Jesus Villalobos,"Una App prácticamente inservible, solo cuenta con una sola función , la de consular saldo , No sé pueden hacer pagos de servicios ni transferencias, ni comprar tiempo aire , etc , etc Si es una app bancaria debería de estar al nivel o mejor que otras app de bancos",1,2026-05-25 13:03:57
64dcf0db-2764-4401-9794-0014e2a17ef5,Nube,no se pueden hacer transferencias,1,2026-05-25 13:02:18
15b01ce5-c28e-42aa-9a7b-075b2e28930c,Leo Garcia,"metí la fecha de nacimiento de mi mamá y no me la aceptó, me marco error, vaya basura",1,2026-05-25 13:02:12
c2e34c8c-c15a-4817-8dc3-b043bae1d616,Martha Santillan,"En la aplicación anteriormente para acceder solo pedía la contraseña, y ahora pide, entre otros datos, la fecha de nacimiento, pero al regresar el calendario mes por mes de cada año hacia atrás, cuando mucho llego a 1999 Y ME SACA DE LA APLICACION, y tengo que regresarme 804 meses para llegar a mi fecha de nacimiento (Abril de 1959), o sea, me tengo que regresar mas de 67 años, por lo que la aplicación en realidad YA NO FUNCIONA. ¡¡SE AGRADECERA SEA CORREGIDA!!",1,2026-05-25 12:58:34
f1c88e17-4ae0-4633-bb72-7427541fe7e2,Jacqueline Alcalá,No sirve la app,1,2026-05-25 12:54:18
ee0b1244-5e6a-4783-86f3-480718ab246a,Monica Zaragoza,como puedo instalar la aplicación de banco bienestar pero no es compatible con mi celular,1,2026-05-25 12:47:47
db683b11-489b-46f2-94fa-d89232cb6e94,Alejandro Fernández,No puedo actualizar mi fecha de nacimiento y desconozco mi saldo xq no abre la aplicacion,1,2026-05-25 12:46:20
304bac55-143f-43f9-84ce-9e8610349827,Adela Teruel,de verdad no hay una manera más fácil de poner la fecha de nacimiento que ir mes por mes? alguien pensó que tal vez un adulto mayor es quien baja la app y la usa ?,1,2026-05-25 12:41:19
404e3565-5d1b-4911-a381-f3802a83834c,Vicksheiker,es una mala actualización ya q al poner la fecha de nacimiento dice q los datos son incorrectos como va a ser posible q la fecha de nacimiento sea incorrecta por eso es una mala actualización hoy 25 de mayo aún no puedo ingresar a la app,1,2026-05-25 12:30:01
122e5246-79f4-4175-a894-d0a62c722aae,Nydia Gonzalez,pesima la opcion de poner fecha de nacimiento. Lo intente 4 veces y volvia al inicio. Nunca pude🫠,1,2026-05-25 12:29:15
7445193b-c240-47fe-960a-528318a10ec7,Héctor,"desde la actualización no se puede entrar , después de poner el número de celular , señala error y dice intenta más tarde , llevo 5 días con el mismo problema",1,2026-05-25 12:21:10
793f2c32-2eaf-4d9b-88b3-76f4a93e7a9d,Ivett Escalante,depositan cuando quieren y atención a clientes es atendido por gente que no tiene información ni poder para ayudar,1,2026-05-25 12:14:14
b320de9d-6114-4694-a5c6-30a578226c40,Yolanda Juárez hernandez,No puedo bajar la aplicación del banco en mi teléfono Me dice que mi teléfono no es compatible y yo ya tenía la versión anterior la borré para poder subir la nueva y poder hacer transferencias pero ahora ya no me deja bajar ninguna de las dos,1,2026-05-25 12:11:37
a1d236b0-b02e-4f34-a378-458d3814387c,Javier Angeles,Que tengas que volver a registrarte con cada actualización es un error funcional tanto de diseño como de desarrollo (más de este último). Es una tontería que si hay 100 actualizaciones el mismo número de veces habría que volver a ingresar datos.,1,2026-05-25 11:42:48
610d1c4f-05f0-4f3d-b1a2-8c35b7324ac2,cat motos gm,tiene muchas fallas arreglenla,1,2026-05-25 11:16:51
df229924-52f2-402c-ad13-06717d4dec93,Lorenzo Ramirez,no me manda el mensaje de verificacion,1,2026-05-25 11:14:50
428ebdc8-54ee-4110-a4bc-ee86d460b3c4,rosario rodriguez,No es funcional no permite hacer transferencias cualquier cantidad que se va transferir dice lo mismo SALDO INSUFICIENTE en días u horarios específicos no realiza transferencias,1,2026-05-25 11:09:09
f40fd550-73d2-4c9e-aa2c-ced278194b87,Gerardo Saavedra,esta pésima nomas se actualizo y m pide ingresar los datos lo ingreso y marca error a ver si arreglan eso,1,2026-05-25 11:07:34
09d6cfc6-79f9-4387-9129-c458eb5b919f,BETZY Solano,"pésima aplicación, intenté poner fecha de nacimiento y fueron varias veces, YA ME LA BLOQUEO!!! NO PUEDE SER",1,2026-05-25 11:02:42
0c21856c-8204-4ae0-9d82-ad54ea1d0f88,Mmpoco,"con la actualización se borraron mis datos y ya no me permite ingresar, me sale error I50",1,2026-05-25 11:01:01
29c90d6c-ccfd-46cd-b565-7444eaac99ad,Beatriz Sandoval,"no quiere abrir, me pide datos y luego marca error",1,2026-05-25 10:53:08
a00a0e07-3e46-4c16-b402-f517cdfa3188,isabel hernandez serrano,falla la app no te deja entrar.,1,2026-05-25 10:42:02
916a35e4-e883-449c-8808-cd83ff7d90de,Alma Segundo,"La verdad la nueva actualización está fea porque no me deja ingresar los datos para poder entrar, no sé si no tengan servicio o porque",1,2026-05-25 10:41:10
99c6ff20-0362-42d8-94e5-1413f1b21716,Angel Tovar,instale la aplicación y me parece que deberían modificar la parte donde le piden la fecha de nacimiento ya que mi papá es del año 26 y debo de estar pulsando todos esos años arriba y para cuando casi llego me saca y ay que volver a buscar la fecha es algo estresante y cansado estar pulsando asta llegar ala fecha😏 por eso le doy una estrella,1,2026-05-25 10:26:13
d045f266-4c54-4e6e-a41f-0f4b65127ac6,Ana Laura Coreño,no me dejó ingresar del número de teléfono no pasó,1,2026-05-25 10:09:34
08d49da1-2136-465e-a5df-740dc8093672,jeriko och,no deja entrar a la app a la hora de meter el número de teléfono me sale error 150,1,2026-05-25 10:07:40
81dafe67-b71b-4400-a344-159514204ad9,Mildred Gómez,a mí me dice que tengo que llenar mis datos ya lo puse y no me agarra mis datos a mi marca error .,1,2026-05-25 10:03:00
95dcba85-46b4-4622-ac4d-201e6c3772f2,Maria del carmen Ramirez carmona,no sirve,1,2026-05-25 09:57:01
345fab39-8377-43db-af81-72f6acca8126,Hilda Santos,"me bloquearon por la contraseña pero ya la cerre , ka quite y de nuevo la bloquearon",1,2026-05-25 09:28:47
a7497146-2d26-412c-a010-f29fd0cedfea,Alejandra Gonzalez,no se puede ingresar,1,2026-05-25 09:16:51
30793c0a-fd3c-4842-ad89-a63c83fdb044,Maria Viaviana Valdes Valdes,no pude entrar ala aplicasion k viera mi número verificado con la cuenta cambie de número ase 2 años y pues IVA a notar el reciente y no kiere entrar ala aplicación estaba mejor el de antes,1,2026-05-25 08:54:16
05167628-a74b-49ed-8373-721df4b5eaf6,Wendy 2890,"pésima, no me deja transferir",1,2026-05-25 08:35:25
0cbb54fc-6f72-4c61-9607-530742d11bd6,Paola Rosas,la nueva actualización ni siquiera me deja transferir,1,2026-05-25 08:31:03
0f6d2726-6a6e-4c04-87d2-60f3492c8ec9,Ray Sali,"Con la nueva actualización no me deja iniciar sesión, me da error al poner los datos",1,2026-05-25 08:00:30
46a95f52-4324-4d22-bedf-0ad219376225,Joss Vega,Con la última actualización no deja completar el registro. Marca error cuando se ingresa el número de teléfono.,1,2026-05-25 07:53:22
2572637d-5b2f-4c99-800a-856bf903822d,Carito Linarez,"es una porquería de aplicación meter los datos de la cuenta es imposible, llevo 3 días tratando de ingresar mi fecha de nacimiento es una porquería para nada nos facilita a los de la tercera edad acceder tengo 84 años y el cochino calendario se pone en 2026 y de ahí tienes que recorrer manualmente el dichoso calendario y es imposible llegar a mi año de nacimiento",1,2026-05-25 07:48:26
d381afed-f26f-4d56-a502-c763ba8737d9,J L Sordo,ya no aparece más saldo,1,2026-05-25 07:43:30
410df50c-6298-4a98-a329-56ca7c79dbfc,Jose Luis Quej H,no puedo transferir me indican X44 varias veces y varios dias,1,2026-05-25 07:38:08
42f65b7a-461c-4d59-a6ce-454e3b3574cc,Celular Crk,Esta fallando mucho no deja entrar en la cuenta aparece diciendo error en esta nueva actualización que tuvo la aplicación,1,2026-05-25 06:42:52
6a568027-07f2-4e88-b888-8da8193d46a5,MaRio Satoshi,no envía el código SMS para verificar. Se queda ahí y no avanza.,1,2026-05-25 06:35:57
82ebdbf6-3306-42f0-9bc3-30d19ae1c5c0,Cruz Selena Montelongo Barrón,a mí no me deja entrar y me dice que está bloqueada por muchos intentos de entrar ya que no me deja a lo mucho intente dos veces,1,2026-05-25 01:49:18
52efd472-932c-4e16-8f28-7ceb7dfb6115,alejandro esquivel,desde que se actualizo no me deja entrar siempre me dice error,1,2026-05-25 00:54:32
92a744f1-1099-49b2-a13f-273770e76cc7,Claudia Ruiz L,"Funcionaba excelente hasta antes de que se actualizará,ahora pide que vuelva a introducir mis datos pero no me deja avanzar más allá de mi número telefónico y eso sí tengo suerte,si no, desde el número de tarjeta y contraseña me marca error😡",1,2026-05-25 00:37:03
fb499e96-088b-43d8-bbb4-460e723f8012,Adriana Hernandez,"no sirve esta aplicación, pongo el número de mi tarjeta y me dice que ocurrió un herror, algo esta mal con esta aplicacion que no funciona, cuando pongo mi número de tarjeta y mi nip me dice que mi transacción no puede ser atendida, que hubo un error, pésimo servicio.",1,2026-05-25 00:24:17
2ef9475b-6f96-4072-9c28-feb8acf72365,Rodrigo Mujica,"el mismo problema de siempre , la fecha de nacimiento, sale el error h03 y simplemente no me deja",1,2026-05-25 00:12:35
871a8371-a941-4b85-86a4-0b566376ef40,Lupe Vazquez,"no funciona , cuando intentas ingresar pide ubicación y aunque la tengas activada marca error",1,2026-05-24 23:47:57
5189b38a-0645-4ee8-b2fc-31ccd7322580,ernie cortes,malísima aplicación desde la actualización no puedo entrar. dice que la cuenta está bloqueada y en la línea del bienestar son unos ineptos no saben que hacer. a pesar de que la aplicación dice comunícate con nosotros para darte una solución. y en todos los cajeros automáticos la gente Se quejando de que no acepta el nip.,1,2026-05-24 23:35:12
0fc1c4e9-de7b-41ae-b20f-27db0feff496,Elena Hernandez Ruiz,banco de bienestar benito juárez,1,2026-05-24 22:13:19
7470365e-9ad8-4497-9cf9-4e9a564925a3,Silvia Hernandez Oviedo,pecima la actualización. no funciona en mi android.,1,2026-05-24 21:49:53
ee495ad8-e109-466c-93b1-547a0ba7417c,ALEJANDRA PEÑA,No sé puede abrir. ya la desinstale y la volví a instalar y me marca error.,1,2026-05-24 21:46:47
cd8c6c7f-2aec-409d-9d7b-5fad8e52e131,Francisco Topete,"No deja avanzar del paso 3 para registrar el numero de celular, antes de la actualización si dejaba entrar y se borraron mis datos, ahora no puedo ni consultar el saldo, ni registrarse ni iniciar sesión.",1,2026-05-24 21:20:27
5cf964a1-1c70-4e26-8b54-66d8d656da3a,Matilde,"horrible ni me deja entrar,es más solo me marca error, estaba más fácil antes hay gente que no le sabe tanto a la tecnología y eso la verdad tache",1,2026-05-24 21:06:57
4ff0e889-8e08-4c21-94fb-72e1de7afee9,Diana Janeth Arriaga Flores,falla muchooo,1,2026-05-24 20:30:32
20a81be4-bccf-4f1e-9279-fe155f5f2a8d,Ivan Gaxiola,"Me sale error al final al tratar de hacer transferencia... Empezaron muy bien, y están mal de nuevo",1,2026-05-24 20:28:33
8b650310-0d16-4f26-b160-7caf2be0ceaa,jesus antonio sandoval,es una porquería la aplicación no me permite hacer ninguna transferencia siempre me marca error 😔,1,2026-05-24 19:58:52
3f8df251-7eeb-4e98-92f6-48a81c940a81,Rita M,"No puedo ingresar a la aplicación, porque al poner mis datos, me sale con que la fecha de nacimiento es diferente a la mía (qué incongruencia), y no me permite hacer nada más, me bloquea.... Y con la de mi esposo, se queda esperando el código de confirmación y nunca llega, llevamos varios días batallando con la misma situación.... de perdido nos hubieran dejando como estaba la aplicación antes, que no teníamos ningún problema para consultar los saldos y movimientos.... Nos tienen a ciegas ahora",1,2026-05-24 19:55:20
d0c63bce-62eb-40f6-bcfe-ea1b77c74100,Amado Pèrez,como hacer para que se pueda actuluzar,1,2026-05-24 19:14:49
0af8242f-6f8b-41f4-9757-ae9861cfef93,Liz Vazquez,nada q se puede trasferir,1,2026-05-24 19:06:41
df9e46f9-5916-4c22-9b52-f775f5721232,Ángel Cortina,app horrible,1,2026-05-24 18:51:26
6ab9e720-c95e-4ac3-bc0d-efd570a4e075,Martha Zavala,"muy mala experiencia, con la actualización se cerro mi cuenta, y ahora pretendo ingresar pongo mis datos, selecciono mi fecha de nacimiento y me dice error, que los datos no coinciden con el usuario! arreglen eso por favor!",1,2026-05-24 18:46:30
952c9688-cfc5-4afe-9499-dbbf23b400e4,Un usuario de Google,"Realicé una transferencia el día 20 de Mayo, se me descontó de mi saldo de la tarjeta de Bienestar, pero aún no se refleja la transferencia al banco q la envié. A dónde puedo hacer el reclamo? Ya fuí a ambas instituciones y no me dan respuesta. Ya perdí mi dinero?",1,2026-05-24 18:42:51
d539692d-621b-4e01-bb41-4a4ae59d41ea,Pedro Gonzalqú,"no sirve la opción para transferencias, marca error",1,2026-05-24 17:43:59
25969d37-a40d-42fc-9724-445beb62c8c3,Jesús Yasoda Endo Milan,"desde que actualicé es imposible realizar transferencias, tampoco considero nada útil que el límite diario permitido sea de 1500, o sea seguimos igual que antes. Tampoco funciona Dimo ni Codi. La actualización no está disponible para IPhone.",1,2026-05-24 17:30:10
b7115536-9113-4ada-a560-f6bc02c9f37b,Jose Ruz moreno,"mala experiencia no puedo entrar,ya realice todos los pasos y hasta ahí bien pero ya que me ide la huella porque así la configure me marca error y no una sino varias veces y lo he intentado a diferentes horas de día,tarde,noche y madrugada",1,2026-05-24 17:13:03
047e6974-5b9b-4759-96e1-2274f9029c40,Yazmin Adri García preciado,esta fallando mucho no te manda los códigos para entrar la página,1,2026-05-24 16:57:42
eab103af-ccbc-4429-ba4b-649ccc631c5d,daniela vera,"La actualización esta más complicada para que un adulto mayor la use. Los drops no son intuitivos para un viejit@, para llenar los campos cuesta trabajo se alenta todo, en celulares viejos y nuevos carga mal el autofill del sms no funciona en todas la versiones parece que quieren los viejitos ya no usen el app. Deben desarrollar apps mas amigables pensando en el usuario final y tambien hacer mas ligera la aplicación los viejitos no tienen iphone o super celular para apps e interfaces pesadas.",1,2026-05-24 16:48:40
26733803-f28d-4b7a-b1fc-c73877b284c0,Selene Ferniza,no abre la aplicación solo dice inicializando y da un error,1,2026-05-24 16:36:59
495bd93f-baf6-48b2-b656-768de330dc14,Elsy Medina,no permite registrar....solo aparece que ha ocurrido un error,1,2026-05-24 16:03:47
4da0009a-25f4-47a6-8793-08772ab8127c,Jorge Luis Rodriguez Gonzalez,app. funciona muy bien.,1,2026-05-24 15:46:43
f55171a2-fa09-42cd-ab11-20f99ad63fac,Leo Rojas,la mayoría de veces marca error para transferencias,1,2026-05-24 15:31:47
5b7bf44f-ff2a-4446-94d6-02ad3bf49265,Martha Irene Hernández Martínez,no me sirve la aplicación me borró mis datos y al ingresarlos otra ves ya no avanza,1,2026-05-24 15:31:06
44195d51-1837-493d-95b7-a0a4f5dbbee7,Roberto Corbej,"no es posible que siempre tenga falla, al transferir sale error 400",1,2026-05-24 15:18:34
d765c478-d970-4030-bfb8-c19a40feddcb,Raul Ramos Hernandez,Su mugroso actualización no permite poner el código del mensaje de manera manual,1,2026-05-24 15:04:19
bcab67cd-e0d7-4d60-9ada-50e9a424bd31,Elias Sanchez lopez,no es compatible con mi dispositivo,1,2026-05-24 15:01:51
63d05664-cf7a-4a60-badd-ab31f5026105,D Lunbal,pésima app no me deja hacer transferencias todo el tiempo me dice que error que no puede ser realizada mi transacción,1,2026-05-24 14:26:32
47623faa-f2c3-4f03-b3dc-b8112e1601be,XD,"muy deficiente la aplicación, quien la halla diseñado lo hizo con la cola, no deja hacer transferencia, dice que tú contraseña es incorrecta, se cierra, pide ubicación entrando encendida y con los permisos",1,2026-05-24 14:02:39
158a7ccd-c72c-42fd-9100-46ee341580b9,Blanca Ramos,"no me deja seguir con llenado de los datos, al llegar a poner la fecha de nacimiento me marca error 005 que los datos no coinciden con los del cliente, peto yo nunca tuve problemas siempre me depositan en tiempoy forma solo es la aplicación, espero me den una solución",1,2026-05-24 14:00:17
f87f3793-d9ee-4f77-8543-851217bd0649,Carlos Aguado,"Es una pesadilla poner la fecha de nacimiento para registrarse, hay que recorrer mes por mes el calendario desde la fecha actual hasta la fecha de nacimiento, si tienes 65 años 780 veces, si tienes 90 años 1080 años, habrán probado la aplicación antes de ponerla en circulación? imposible registrarse",1,2026-05-24 13:59:24
b483733a-1549-48db-bbf1-6493cb3081bd,Abel Cadena,"no la puedo instalar llegó en el calendario al año 60 y se sale soy del 50 ya van más de 20 veces que lo intento y no se puede lo pésima aplicación me gustaba la otra, por qué lo hacen tan difícil",1,2026-05-24 13:45:48
a8819faf-9211-4166-b0ed-e2b4245cc3b7,Eduardo Robles Hernandez,"Deficiente, según ahora se pueden realizar transferencias, pero no el conseguido hacer ningúna, solo aparece mensaje de error.",1,2026-05-24 13:40:59
a4632d00-f5aa-48e4-bbe7-50910fc393a0,Leticia Alpuche Gual,no verifica mi número de celular en los sms,1,2026-05-24 13:25:55
c8839589-db5e-441c-a595-d7f2a38a7871,M G,"desde que se actualizo la aplicación no me deka acceder no puedo entrar, me marca error 201",1,2026-05-24 13:00:38
b0263a75-e69c-43c5-8aef-4b14e747e7bf,Ili Zap,no se puede poner la fecha de nacimiento,1,2026-05-24 12:38:18
7d207b96-d412-4856-a804-72ba11ec701a,Patricia García,con la actualización del app fue muy complicado el registro no se podía dar la opción de sms automatico hasta que se reconfiguro los permisos de Google y la misma app bienestar eso no lo sabe mi mamá no mi papá lo tuve que hacer yo preguntándole a la IA pero pues yo por qué me pidieron ayuda pero hay muchos adultos mayores que no tienen quién les ayude y aún así no todos saben ver lo de los permisos...entonces deben hacer que el app funcione correctamente y fácil no más complicado.,1,2026-05-24 12:32:30
9349a24b-91ca-44f5-8c48-7214ff1ff689,Francisco Benítez,con la actualización ya no pude acceder. me dice que active permisos de ubicación y tiene todos los permisos activos y no funciona. ya desinstale e instale de nuevo y nada,1,2026-05-24 12:21:40
2603a165-2359-4470-a969-3d3b218f4467,Mery Guifer,"no acepta mi fecha de nacimiento y es la correcta, por lo tanto estoy peor que antes yo que esperaba con ansias la actualización para poder transferir a otras cuentas, en fin seguiré esperando haber hasta cuando funciona bien",1,2026-05-24 12:14:46
ca54d2b3-9866-4e28-9f34-5bcc6f7e5ad2,martiniano salvador barrientos,pide la fecha de nacimiento y hay que recorrer hasta el año que naciste manualmente haber si corrigen eso,1,2026-05-24 11:58:30
4a578530-19b0-47b9-95ef-6bbf8b98c703,T.I. Nestor Garay,No deja hacer transferencias sale un error que dice: ERROR SU TRANSACCION NO PUEDE SER ATENDIDA EN ESTE MOMENTO (X44) Aclaro que se está intentando transferir $1000 menos de $1500 que es el límite máximo por día.,1,2026-05-24 11:51:42
76068260-56fe-47b9-b600-cdd073515564,Laura Sanchez,aplicación muy limitada no guarda los datos de la cuenta a la que voy a transferir y tampoco hace la transferencia,1,2026-05-24 11:47:03
d74dc90c-8115-4867-a044-d1135427a6ef,Ernestina Sánchez,"no puedo entrar a la app según me dice que autorice ubicación y lo autorice y nada, muy mal servicio",1,2026-05-24 11:11:14
128a68ed-d35e-4b43-ba07-124a81cf2c91,Martha Patricia Castillo Lopez,me esta ayudándome mi hijo pero le marca que la fecha ni coincide con ka del usuario error005,1,2026-05-24 11:10:05
f45f9a38-ec7e-4602-bf03-ba79f2f84eb1,cristian roberto romero hernandez,Que pasa con la app porque no se puede transferir desde el jueves no se puede transferir marca error x44 y no se puede hacer movimientos,1,2026-05-24 11:02:30
77fd29b4-1c8c-4194-b19e-ddfbfa8f2d8a,Virginia Navarro,"total porquería de aplicación, no tiene soporte, de que sirve tantos cambios, si si quiera te deja pasar de de la fecha de nacimiento, cómo va a estar mal, ahora resulta que no se cuando nací o que, arreglen ese detallé por favor, tanto dinero que mueven y no pueden tener una aplicación decente.",1,2026-05-24 10:51:25
e2a88f52-f682-418f-8c59-d7509167b9aa,Rene Nuñes,no sirve,1,2026-05-24 10:32:04
657e76b3-83cc-45f4-8ef6-9c44ca0815c8,rukis blue,Se actualizo y al igual que varios usuarios el problema es al ingresar la fecha de nacimiento y constantemente tengo problemas para hacer transferencias o realizar pagos con ella... la rechazan constantemente.,1,2026-05-24 10:14:02
3b4070d8-a0ab-400a-a531-8bed28d503b2,Brenda Reyes,"Es la peor app de banco que puede existir llamarla inútil sería mucho alago, solo sirve para medio estorbar en tu memoria del teléfono por que hasta eso, no ocupa de mucho espacio no entiendo para que pusieron la función de transferir? quieres realizar una transferencia y solo marca error y error y de ay no pasa es un fiasco",1,2026-05-24 09:51:20
39c30e8f-793a-4163-9fc6-ea22458bb3f4,Gerardo Villalba,cómo que el máximo de envío es $1500 en otros bancos puedes enviar más dinero quería evitarme a ir dónde cobro que está muy peligroso pero con esto tendré tendré que ir,1,2026-05-24 07:17:54
a0b14e1d-25f9-4882-a0f8-670cfd6be995,Astra Black,no funciona,1,2026-05-24 07:12:19
bf5c8c59-eafc-4b5b-99e3-9d713593dc08,Rosalinda Velasco Ortega,nonpuedo transferir desde la ap y tengo la versión actual y la función de transferir y me.marva error,1,2026-05-24 03:43:07
940b5555-9abf-433f-ac6d-2135582cdced,Diego The killer,Es muy lenta y se traba demasiado,1,2026-05-24 02:31:26
36cc7298-8e13-483e-89a4-4e29e733ae4a,MarIsa. Rodriguez.,No me deja hacer la transferencia,1,2026-05-24 01:35:55
4ee11f99-f4d0-463a-9983-c8264c345f1c,Brenda Vazquez,"la aplicación no me deja ingresar a pesar de que pongo bien mis datos me aparece error y que mi tarjeta está bloqueada ya fui a checar mi tarjeta a una sucursal y me dicen que todo está bien y puedo sacar dinero , el problema es que no me deja la app ingresar mi tarjeta 🤦🏼‍♀️",1,2026-05-24 01:15:47
36c0c86a-1291-452a-81ca-edb5b614cefb,Oscar Diaz,SU TRANSACCION NO PUEDE SER ATENDIDA EN ESTE MOMENTO (X44). Esto siempre pasa con algún trámite a través del gobierno. PESIMA APLICACION.,1,2026-05-24 00:56:17
cb0a2442-6f36-407b-9351-a4d4e760c4a0,VICTOR RUIZ,No se pueden hacer transferencias. Aparece el error X44. Aún intentando en horas en que se supone que no hay muchas transacciones. Y no hay ayuda ni soporte técnico,1,2026-05-24 00:50:41
d3ead4e0-07ee-4ae6-92ce-ecdb318f2d95,Paty Malpica,No he podido entrar se quedó en mandar código 😔,1,2026-05-24 00:49:07
256affd9-aa9b-4eb0-9615-3fe276a5baa0,Nohemí Palafox,"No me permite hacer transferencias, hice una sola y después de eso llevo días enteros intentando de nuevo y no funciona...",1,2026-05-23 23:28:07
1b662e96-1940-404c-b71a-4b8e39de18ca,yh Dawn,"creí al principio que era una buena actualización, porque tiene la opción de transferir el dinero a otra cuenta, pero no me deja hacer la transferencia pensé que era por el horario pero no, cualquier banco te da la opción sin importar la hora. si arreglan eso al menos en mi app sería muy funcional. pero sino es más de lo mismo.",1,2026-05-23 23:12:27
6c6f3754-b740-476c-ab05-83b53861c015,Daniela Meza,no está funcionando para transferir.. marca error todo el día,1,2026-05-23 22:34:23
8f3635b4-fb6a-4d95-8fcf-700ad177e75b,Victor Lopez,"NO SIRVE LA NUEVA ACTUALIZACIÓN, NO SE PUEDE TTRANFERIR DINERO, NO SIRVE 😒😒",1,2026-05-23 22:17:27
5fd94a9f-b819-4f5d-97d2-6baa426abf7f,Danny Salgado,"Mala experiencia con la actualización. Me robaron el dinero al actualizar, y no supieron darme explicaciones aparte de que mis movimientos aparecen y desaparecen y aparecen retiros que no hice y desaparecen. Muy mala",1,2026-05-23 22:16:59
76e1c117-e6e1-418d-b26c-78544de34378,Elia Tejacal,mala,1,2026-05-23 21:51:54
6cb0dcc2-09b0-4562-b44f-a98c3832f2e3,Ricardo Delgado,"La verdad a pesar de que con la nueva actualización ya permite hacer transferencias, es una decepción que pongan límite por día de cuánto se puede transferir y otro gran detalle es que de todo saca error está actualización, pide este el gps activo y a pesar de que está siempre activo saca error. Para entrar también al poner la contraseña saca error a pesar de poner la contraseña correcta y al querer cambiarla no manda el código al celular. Muy decepcionado de está actualización.",1,2026-05-23 21:43:31
f46b924a-c107-449e-8ed5-30bbd20c8bd3,Josefina Gonzalez,le abia dado 5 estrella pero solo me dejó hacer una sola transferencia y después dice error,1,2026-05-23 21:27:29
521001a5-3cee-42cf-a02e-82d432863f02,Miguel Sanchez,Cómo diablos esperan que se elija la fecha de nacimiento ??? tienes que retroceder desde el año actual hasta el año de tu nacimiento!!! es un maldito engorro. y para colmo tiene time out !!! si no has retrocedido hasta tu año de nacimiento en cierto tiempo TE CANCELA !!! POR FAVOR APLIQUEN USER EXPERIENCE AL PROCESO !!!,1,2026-05-23 21:12:09
0e861c04-7f6b-478a-ba86-f8dd670ac12f,Mary Carmen Rojas Camacho,La aplicación no sirve para nada ya traté de ingresar usando mi contraseña y no me deja la verdad estaba mucho mejor antes.,1,2026-05-23 20:43:09
5e0ad122-0a79-4dd5-8f61-9bd06e2e9082,Rafael Sánchez,"tiene un problema en el calendario. después de recorrerlo al llegar a los años 60 te saca de la aplicación. Es lamentable que una aplicación para adultos mayores sea tan mala y complicada, el calendario debe ser de un registro mas fácil y no complicarla, quien hizo la aplicación no tiene idea que para algunos adultos mayores puede resultar complejo su manejo.",1,2026-05-23 20:23:47
e377937f-0d6d-425e-9ba2-c7ff899a54ea,GeLiz A.L,"Todo estaba funcionando perfecto hasta que en esta actualización me solicita registrar nuevamente mi tarjeta, todo bien hasta que me aparece que me llegará un código SMS de verificación.. y no es que la App no lea el código, es que jamás llega!!! Así que no hay manera de tener acceso.",1,2026-05-23 20:18:19
c937f271-4939-4e06-afdb-9b3ff0b2707c,Karina Aguilar,Excelente aplicación,1,2026-05-23 20:18:03
81636224-9b8e-42e8-b533-5ed7a714ab6b,Sonia Valenzuela robled,Espantosa aplicación me trasferi un dinero para calarla y nombreee para trasferilo de nuevo no puedo malisima aplicación,1,2026-05-23 20:03:06
c12b62e2-460a-487b-a3cd-0e191e297101,Alejandrodiaz Dias,sirve muy bien nada más a servido nada más para consultar mi saldo nada delo que viene en las reseñas que asta para saldo se puede poner y no trae nada de lo que en la aplicación dise que se puede Aser🤷🏻,1,2026-05-23 20:01:41
3983b559-660b-48a6-b894-29e9f336fe4e,Leticia Bello,Pesimo servicio.,1,2026-05-23 18:58:24
a81ff2e9-5492-4f77-8bf4-c582184abd7c,Román Gz,No funciona el acceso con datos biométricos y no deja hacer transferencia ya dos días seguidos.,1,2026-05-23 17:50:40
6a101fdb-5533-485c-8ad4-611761e191fa,Irma,"que mala esta la App aparte de que solo puede transferir 1,500 por día, intentas hacer la transferencia ya van como mil veces y no se pude marca error. no sirve para nada esto 👎",1,2026-05-23 16:19:56
9971304d-613d-469b-b372-5472087d38f2,JOSHUA COLIN,"Una porqueria, ya estaba registrado y me pidieron volver a registrar y al pedir la fecha no se puede escribir, tienes que estar recorriendo cada mes, hasta llegar a la fecha, imaginen pasar del 2026 al mes de nacimiento de un adulto mayor, mes a mes",1,2026-05-23 16:18:39
93ca844e-c056-4883-a4aa-354880f6460e,esther hernandez,La opción de transferencias no funciona,1,2026-05-23 16:17:19
d517348c-d943-42f6-a9fe-b8c52f3fa6ec,M SNz.,"deberían de modificar al poner la fecha de nacimiento, es muy tardado el estar con la flecha hasta llegar al año, no da opción de escribir la fecha.",1,2026-05-23 16:11:55
fd23b6d2-85c2-46f0-9c0f-bc13b1e29a6f,Daniel Delacroix,"Es una mentira los que dicen que se puede usar Codi y Dimo, aún no están habilitados, y siempre que quiero hacer transferencia tira error",1,2026-05-23 16:10:54
ae2bfe70-d154-4d92-ae87-d3ffde1c957d,Jesús Padilla,a mí no me deja cambiar la contraseña para entrar y no me llega mensaje tampoco sí me hacía mejor cómo estaba antes,1,2026-05-23 15:37:27
da0ef3a0-7333-48bf-89f3-ab237e4f347b,Silcec Salas,Pésima actualización...,1,2026-05-23 15:11:55
d3037378-0c4e-4d0b-8480-228ab11c75ef,noemi ruiz adame,no deja hacer transferencias me ilusione pensando que ya no tendría que ir hasta el banco pero sigue igual de mala la aplicación solo dice error y error llevo días así ojalá la arreglen y deje hacer ya las transferencias,1,2026-05-23 14:43:39
a4e256a9-b74a-43ac-9728-2ad682e0311a,NanyGranger Potter,"No está disponible la fecha de nacimiento, sólo llega hasta 1953. ¿y los años posteriores? todavía hay personas de 1940.",1,2026-05-23 14:01:40
8ac51fd3-4bbb-4643-9381-f2e55381ae2f,ELIAS CRUZ,pésima actualización para los que tenemos ya cuenta activa en el móvil app ya no nos deja ingresar por favor arreglen lo por favor lo más rápido posible.,1,2026-05-23 13:36:07
4de104de-4010-439f-a766-db89a302872b,Noemy Pedraza,no permite hacer las transferencias,1,2026-05-23 13:35:35
cabc03d5-d878-4da8-bc9f-d60bfdd3f40e,Emilio cruz,se traba muchísimo 😕 (mejoren porfis),1,2026-05-23 12:51:34
359ec843-6571-461f-b4b8-8f54445f7f38,Maria Ramírez,"a mí no me sirve la app, no me deja hacer transferencia. solo he podido hacer una vez.... de ahí ya no me deja ni en otras cuentas ...",1,2026-05-23 12:47:50
72b01350-28ae-4f4d-b646-67ee1831638a,Yes San,muy pésima no me deja entrar dice q los datos no corresponden 😠😠 estaba mejor la anterior,1,2026-05-23 12:40:14
877cefb0-7d1c-4fe2-9ced-0efa4b10ec86,Rodolfo Perez Leon,terrible como ingresar fecha de nacimiento de hace 70 anos.,1,2026-05-23 12:31:55
6f78d4e7-9381-4195-8022-1607e4ad7a08,Simeid Salinas,no deja entrar,1,2026-05-23 12:04:29
6bd6b3f7-5373-450c-b175-b4d65f46e3d3,M. E.,La aplicación falla mucho. Hay errores en las transferencias. No se sabe dónde quedó el dinero transferido. No acepta la contraseña. No envía el mensaje para restaurar la contraseña. No deja instalar la nueva aplicación correctamente. No se puede ver el saldo. Es importante por favor que la aplicación funcione correctamente. Otros Bancos no se saturan y dan todo clase de servicio. Esta app se satura y ya no funciona,1,2026-05-23 10:54:31
5796f2a9-fd0c-4dc2-a89d-1e6e6c64090a,Sarai,"con la nueva actualización al poner la fecha de nacimiento me aparece error y que no corresponde la fecha con el cliente cuando si pongo la fecha bien, espero y puedan dar solución",1,2026-05-23 10:25:42
2a025d17-22b8-4710-9b1a-19abb8a2cf2c,Patricia Rosas,la verdad esto es una porquería no quiere uno abrir y le marca error vean sus aplicaciones no sirve y con contraseña ni con huella,1,2026-05-23 10:09:10
e3358777-857f-4cc6-a80a-daa4962bfa36,E M,"No funciona la app, Error. de Conexión X44",1,2026-05-23 10:06:59
f40fa5d0-b519-40bf-b487-a85b1c0151e3,Gerardo Diaz,"Mala aplicación, no deja hacer transferencias a otras cuentas siempre marca error",1,2026-05-23 09:58:22
f00df53b-b2d4-40ba-82cb-4b0b5779697f,Wendy Ek Huitz,Anda fallando el sistema para transferir,1,2026-05-23 09:41:58
c5f81e88-5099-412c-86a4-7f66098e8b25,Lot Lopez Carranza,"Probando con la nueva actualización me genera el Error (X44) al momento de realizar la transferencia. Tengan cuidado ⚠️ con la opción de huella digital, también tiene error, debido a que al activar la opción y querer acceder, te niega el acceso. Se recomienda trabajar en las mejoras de esta app.",1,2026-05-23 09:25:49
a157219f-878c-4441-9572-3b28498f3c85,Araceli Galan,nesecito saber mi saldo,1,2026-05-23 09:12:25
8342ff7e-0fd7-4dca-9dce-ce1ef4cdf0ba,Javier Sánchez Méndez,"está bueno por qué ya da la opción de transferir, pero mayormente no se puede siempre dice que tiene errores técnicos y hay que esperar. (lo más frustrante) 😢",1,2026-05-23 08:50:24
22357582-ffff-4b7d-9dce-450a5a5b84e6,Bambino Bambi,"no he podido activar mi tarjeta aún cuando recabo los requisitos que ahí piden, nunca había sucedido",1,2026-05-23 08:28:23
1fa60ad6-6832-422e-8955-3246c430c5a9,Josue Alejandro,"Terrible actualización, con esta nueva actualización se supone que se puede hacer transferencia y no mas no deja",1,2026-05-23 08:26:48
e14bc7ed-1fc7-40ca-aecb-6c1456cdb162,Judith Peña,a mí solo una vez me dejó hacer una transferencia las siguientes veces no me deja y solo dice error,1,2026-05-23 07:55:58
7fc3f1e8-2540-4b04-8326-1de84547d187,Angel Zavala Ramírez,"No funcionan los envíos, solo pude hacer uno y el máximo fue de 1500, después de ese solo me manda errores",1,2026-05-23 07:04:01
c1648304-229e-4e7f-bbb1-c8425babbd15,Carmen Mayorga,la nueva actualización no me permite registrarme dice error en fecha de nacimiento,1,2026-05-23 06:45:10
21e21df2-92bc-4972-b6df-a0134b367d0d,Alejandro Zapata,"la app se me actualizó sola y sale error (X40) al querer hacer una transferencia spei , la desinstale y la volví a instalar y ahora me sale error al meter mi contraseña y no puedo acceder a la app, después trate de entrar reingresando todos los datos como si fuera la primera vez y se traba cuando van a mandar el sms de confirmación, tiene muchas fallas la actualización.",1,2026-05-23 05:25:23
dad881aa-9ff9-4924-9379-f889421c7819,Dylan,"ni siquiera deja iniciar sesión a pesar de ya tener todo bien registrado, pésima actualización",1,2026-05-23 05:24:18
ca11b8eb-8b57-415d-99e2-d29f38e34904,José Angel Solis Escalante,"URGEEE que arreglen la app, desde la actualización no me deja ni entrar me marca puros errores y al momento de querer finalizar la transferencia marca otro error 😐",1,2026-05-23 02:08:12
61adf069-eccd-4018-925c-1c4e24c64dce,ale garduño,no permite poner la fecha de nacimiento,1,2026-05-23 01:29:27
10e300b9-6bde-48b8-8071-ee5f3b241229,Un usuario de Google,esta muy fea esta aplicacion y lenta la fecha de nacimiento es un problema ponerla no me gusta luego no deja aceder falla mucho 🤮🤮🤮🤮🤮,1,2026-05-23 00:07:16
cd14829e-e424-434b-8a89-1f71edabd297,Haydee Olivera,"siempre falla, nunca está bien y si llamas suena ocupado",1,2026-05-22 23:17:31
5a7206cc-65a9-4ec7-91ec-43ed2afeda05,Kike Vazquez,no me permite poner mi huella ni transferir dinero,1,2026-05-22 22:44:12
84cacdf5-04ef-41fb-9848-b3740914df3f,JUAN MANUEL NAVA CASADOS,"no se puede poner la fecha de nacimiento, cómo me regreso setenta años para poner la fecha de nacimiento en el calendario que aparece, no me deja ponerla de manera manual.",1,2026-05-22 22:37:41
1dac68f4-83da-4087-b587-de57e14b6d45,Greco Gutierrez,que paso con la app en mi Huawei y9 2019 ya no está disponible solucionen ya no puedo ni instalar ni actualizar,1,2026-05-22 22:11:08
c6222988-d3ff-4b73-a4e9-4321e57a01b9,Isabel Ortiz,espero arreglen lo de la fecha de nacimiento tienes que regresar mes por mes de 2026 hasta 1950 un infierno más de 10 min y cuando casi llegas se regresa sola ise más de 10 corajes .......pésimo,1,2026-05-22 21:52:02
211bb726-a547-48f5-84d4-855273e19cd5,Enrique Rodriguez,"muy mala deficiente espero que se mejore con el tiempo, gracias por el deseo de mejorar",1,2026-05-22 20:32:51
93c66fb8-9bc3-45c5-8144-81ecfc1b8a8b,Margarita Hernández,no deja hacer una transfer ncia,1,2026-05-22 20:14:46
dc628e92-15c1-4478-a2b6-915386fe0e28,Rosario RequenaB,"pésima actualización, cuesta entrar a la aplicación y NO HACE LAS TRANSFERENCIA (AL MENOS LAS MÍAS)",1,2026-05-22 20:08:56
7fe22ead-b24b-4543-a2a6-cd3e92893ff4,ISA VILLANUEVA,la aplicación bloqueo mi cuenta y llevo una semana intentando recuperar mi contraseña y no me llega el sms de confirmación para reactivar la cuenta.Que se hace en este caso me marca error. Operación no permitida para el usuario. (A46),1,2026-05-22 19:48:44
7526b9e7-a241-4a7e-85ff-52f084d5076e,Silvia Chavez Meza,tranferencia una porquería una ponen límite de pesos y luego no hace la transferencia con error x44,1,2026-05-22 19:43:52
134b1418-e813-4f64-8aad-3540ad3f3e05,Gabo Perez,no me deja hacer transferencia siempre que quiero hacer me marca error,1,2026-05-22 19:41:20
c3ae329e-797e-4396-a0d2-88425c44f737,Erik Eduardo Miguel Sanchez,es una x quería esta aplicación sólo xq me equivoqué una vez ya me bloquean,1,2026-05-22 19:35:06
94490a7f-6d0c-4e40-854f-5e328b959282,Nelson Lanz,es una basura! no me deja si quiera vincular con mi cuenta. siempre marca error,1,2026-05-22 18:30:07
c86fb343-ed53-4678-a5a0-ac9e3c2d1679,Maria Luisa Caro,"no puedo transferir me marca error varias veces, para que hacen para transferencia si ni funciona",1,2026-05-22 18:24:34
786482f1-aa0f-4f6b-b0e5-9d4d93cec4ce,Susana Andrea Gonzalez,no me deja ingresar me dice error 201,1,2026-05-22 18:03:41
2779fc1b-a610-4d69-b2d3-6751b238c7ef,Olga Tzab,"pésima aplicación se traba mucho , y cada rato tienes que volver a ingresar tus datos.",1,2026-05-22 17:55:35
2ffffca8-852e-4ddf-ac29-2cea22aaefef,Obed Muro,"inservible como todo sistema de gobierno, nada más deja de servir y ya dejan a uno tirado con las transferencias o las emergencias.......",1,2026-05-22 17:44:08
971038ac-b8bc-44e5-b328-bd6ea72f47e1,Maria Ramos,buena,1,2026-05-22 17:19:06
6b9b68d7-a002-408e-8c2e-4740326ebc7a,Elliso Sánchez,marca error la fecha de nacimiento,1,2026-05-22 17:16:36
ebdb1bfc-b8b1-473c-b85b-7029f6ebae23,Jesus Pita rogel,"pésima,no me deja hacer transferencias, me marca puro herror",1,2026-05-22 16:59:53
2ae49c06-b7f3-4e0c-a140-613e3f480e2b,Alba del rocio Zacarias moreno,horrible con la actualización pide nuevamente los datos y al ingresarlos es un batallar y lo peor al ingresar el año de nacimiento hay que estar aplanando muchas veces para retroceder en el calendario al año que quieres y al ponerlo me marca error pésimo la verdad creí aberme equivocado en algo pero no 4 veces hice el intento con todos los datos bien y nada sigue marcando error 😡😡,1,2026-05-22 16:28:57
a5ed2e45-80db-42e0-b6f8-e615a0a2275a,Francisco Javier Gutiérrez Moya,Mala aplicación,1,2026-05-22 16:27:04
a6b33208-9fbf-4ebb-bf81-aa053e8146ea,Paula Rivera,espantosa,1,2026-05-22 16:26:54
b9c63cd8-8cf8-4ec7-9d89-17c9606615ca,Anita Tello,"no puedo hacer transferencias a cualquier hora del día, y el límite para transferir es muy bajo... además de que tarda en verse reflejada la transacción",1,2026-05-22 16:26:54
191d5fd5-06b7-4d37-af2a-7ef890d380c6,Cirenia Sierra,"la verdad no muy mal , me gustaría que fuera compatible con todos los celulares",1,2026-05-22 16:19:02
4d4eab0f-1822-4c1b-8344-4464bf20d4c7,Jonathan Morales García,"es imposible de transferir dinero a oyros bancos, cuando no es el error x44 o es el x99",1,2026-05-22 16:16:27
3275b23f-2ad3-4808-b9eb-49f99755bcf0,Luis Alberto Cr,"🆘 Hace falta la opción de ""iniciar sesión"" para entrar a una cuenta ya creada con el número de teléfono o correo y la contraseña. ¡Gracias por las mejoras Desarrolladores de la aplicación! 🍫",1,2026-05-22 15:46:02
4180430d-7466-4fe4-b0cb-b9326078ddef,samantha correa,me saco la aplicación tengo que ingresar los datos nuevamente y al poner la fecha después de tanto ir para atrás me vuelve a sacar que mal diseño de aplicación estaba mejor antes espero lo arreglen,1,2026-05-22 15:09:21
d898e649-c860-47d4-9443-f808a74ef313,Rodolfo Farias Rodríguez,no puedo acceder a mi cuenta,1,2026-05-22 14:52:35
ed1ac9c1-6661-4aef-b29f-faa3d0aa65f2,criss acosta,no me deja ingresar cuando pongo mi número y que me llegue un código osea no me llega el código,1,2026-05-22 14:45:58
0f2428f2-d40b-4047-b761-4ac3907e44d9,Dulce Coh,no me llegan mis transferencias,1,2026-05-22 14:39:09
542544e8-2eeb-411f-a11c-9f0e05de6725,Margarita Trujillo Espejel,muy pocas sucursales,1,2026-05-22 14:23:25
9b4aa5e7-5576-4b4d-92fd-0a35adc4453d,Erik Almaguer,es un asco según se puede transferir pero no repito es un asco,1,2026-05-22 13:48:52
5948aaaa-6725-462b-bca2-8e56b6cec468,Gabriela Ramos,"Edito, no sé pueden hacer transferencias, me marca error X40, en diferentes horarios y en diferentes días, llevo 5 días intentando transferir y no he podido. 🫠",1,2026-05-22 13:46:53
fbc584b9-7940-4304-837b-7a1d33e9f68e,Al God,no se puede ingresar la información que está pidiendo.,1,2026-05-22 13:26:39
c5aea502-9c63-4841-81a9-c2d03502c623,Amparo Reyes,Pésimo servicio con la nueva actualización. No me permite acceder que por datos erróneos cuando son verdaderos.,1,2026-05-22 13:26:27
ee1abd60-a2a4-4933-bccf-27f3254fbcaa,Araceli Rodriguez,Que mala experiencia con la actualización ahora como ya esta saturada ya no puedes hacer transferencias y te marca error después la tuve que desinstalar y volver a instalar y ahora ya no puedo meter mis datos por que aparece el mismo error de transferencias... 🙄,1,2026-05-22 13:24:01
6fe30d63-e2cf-4f38-bd75-2f2eec066592,Lizbeth Nava,te pide una nueva contraseña y no te deja ponerla no te deja pasar o actualizar la aplicación,1,2026-05-22 13:20:11
f3e87fed-103d-4505-bbeb-cbf7368267da,Alejandro Soto,porque me sale error 90 o error 43,1,2026-05-22 13:08:15
a42cf102-c596-47d1-add2-5060a0dd5d68,Arturo Guevara,no acepta la fecha de nacimiento (tiene un error),1,2026-05-22 13:00:00
9b67842f-0b4c-475e-b781-ff9c9eaf8afb,Ing. Guillermo Julio Espinola De La Llave,no puedo llegar mi año en sistema de aplicación ya que casi llego se borra y vuelvo a iniciar soy del año de 1950 le he intentado tres veces como le hago un,1,2026-05-22 12:47:45
d8f81c3c-13bc-4570-a01b-7415e898cdca,Betty Ramirez,pésimo servicio,1,2026-05-22 12:26:51
009f8080-bbac-4e61-b931-f2f89b94c349,Elena Del Rocio Arce Hidalgo,"se bloqueó mi usuario marcaje y me dicen espere 48 horas y nada, sigo sin tener buena respuesta, s tíaejor q pusieran recuperar contraseña por llamada telefónica o WhatsApp, inclusive poner recuperación por correo electrónico",1,2026-05-22 12:17:08
1d22a30a-f7ad-457c-908d-832f82a0eb6a,julio enrique sanchez,no sé puede meter año de nacimiento se cierra antes de poner el año .....no sirve,1,2026-05-22 12:13:29
75c3b43e-0b5b-4beb-ad65-7f20525f3f5a,Pina Zacapu,"No es Posible que hizo está Actualización sea Estúpido te piden fecha de Nacimiento y no lo puedes Capturar , y te ponen un calendario y tienes que regresar, imaginén 70 años además te saca, además El No de Celular los Chips si no recargas te dan de baja y estos Miserables te envían el Código a ese Número que pusiste hace varios años, La gente Adulta no tiene la capacidad de tantos problemas en una app, La Anterior versión no era Complicada, además en Automático te generan la nueva versión. Ayu",1,2026-05-22 11:39:20
0e544e34-ba44-4edd-8efc-991214b09c7a,Rene Sánchez,está muy lento y no pude escribir mi fecha de nacimiento y ya me blqueo,1,2026-05-22 11:38:30
06262efb-7ef3-4586-9b6d-022664ca5da6,Erick Rojas,pésima app. falla constantemente y no se puede guardar cuentas de transferencia,1,2026-05-22 11:28:25
5d4a9509-bff0-4a74-b844-938a4e81a435,aurora reyes flores,"no puedo ingresar, pongo la fecha de nacimiento correcta y me dice que no es la correcta y ya me bloqueó que hasta mañana lo intente. por favor actualicen eso y arreglenlo actualización de abril no sirve en está app. hoy es domingo 17 de mayo 2026",1,2026-05-22 11:23:31
4f06fcd6-f70c-4fbf-aafe-07312bfe04a8,kika Garcia,muy buena,1,2026-05-22 11:19:08
b6727e0d-0901-457a-9632-88e48e927077,Angelina Salas Barrera,porque no me deja poner mi año de nacimiento . soy del 59 y no puedo poner el 59 y me daca de la aplicación.,1,2026-05-22 11:02:57
94440b87-328a-490b-beed-1d16f9087a6b,Ana Rosas Rojas,muy mal de plano Y es que el calendario que aparece en la aplicación no se mueve en los meses y por ende dice que están equivocados los datos,1,2026-05-22 11:02:17
e7fc50f7-54fc-452c-aa76-e2b33e9b19e6,Ili Zap,no se puede poner la fecha de nacimiento es una porqueria,1,2026-05-22 11:02:01
cac9eb12-00ec-4c5a-85d7-cbc83b1c01ce,German Placido Izquierdo,se genera errores al buscar la fecha de nacimiento,1,2026-05-22 10:16:53
98692873-a572-4b30-bd0f-b2ddd41fb993,Rita Rosario Ramos Mijangos,"Muy mal el desarrollo en la parte de registro se nota que no realizaron pruebas funcionales, el selector de la fecha de nacimiento no permite elegir año directamente hay que ir de mes en mes hacia atrás y si consideramos que los que nos registramos somos mayores de 60 años no sé si lo que buscan es provocarnos artritis por tanto movimiento en los dedos",1,2026-05-22 10:14:26
0d669159-bbfe-4cae-8d1b-a3f085665bbb,Silvia Salazar,con la actualización ya no me deja entrar a ver mi saldo no actualicen,1,2026-05-22 09:49:14
55c9784b-afd8-4f41-82ae-fd8eaf91f73a,Gerardo Joel Sandoval Gonzalez,"pesima actualización no reconoce mi contraseña y me bloqueo, no puedo acceder",1,2026-05-22 09:34:09
b50463b8-7a91-4bc7-838d-4c14ea516a92,maria ames Garcia,Para poner la fecha de nacimiento no es nada práctica es una pérdida de tiempo.,1,2026-05-22 09:22:21
7bee2281-b885-45a2-a0a3-15559ff5acc7,STEFANI JOSEFINA CORTEZ TORRES,"no arroja código para restablecer contraseñas, no tiene funcionalidad. muchas fallas de inicio y de ingreso de contraseña",1,2026-05-22 08:50:13
496de30c-3bec-4625-abf6-1bf149e7221e,Amalia Gonzalez,dejo de funcionar y quiero nuevamente entrar y no deja,1,2026-05-22 07:30:29
43462d10-8021-41ec-966f-6d97ec670057,Araceli Rivera Caceres,"Se agradece la integración de transferencias en esta versión, es una gran mejora. Sin embargo, hace falta mayor enfoque en la experiencia del usuario, especialmente considerando que muchos serán adultos mayores. Por ejemplo, no existe un indicador de intentos fallidos antes del bloqueo ni mensajes claros sobre qué hacer en caso de bloqueo. Además, el calendario para fecha de nacimiento es poco práctico, ya que no permite seleccionar el año rápidamente.",1,2026-05-22 07:00:10
3254f04c-90c9-49b8-85ff-fb62efdd84f7,Mar Rm,en la actualización no me deja acceder 😔,1,2026-05-22 06:35:18
b3984482-ad0d-400d-8dd9-f0618ce8b3da,Marybel Sandoval,"desde la última actualización y su función de enviar dinero, al querer hacer una transferencia siempre sale error sea la hora que sea. cuál es el beneficio de poner esa función si ni siquiera funciona adecuadamente.",1,2026-05-22 06:25:14
e493c75f-2d5d-4666-ae23-c442ee4be48e,Lucy Alarcón,"Terrible la aplicación actualizada, se traba mucho, no deja hacer movimientos, desaparecen los saldos. Malisima e inútil la actualización. deberían dejar hacer transferencias a cualquier hora las 24hrs.",1,2026-05-22 04:56:28
c2563c5f-ec66-4588-a7e1-3b83a7b01e06,Carlos Perea Torres,no deja hacer transferencia,1,2026-05-22 02:04:39
c09d73eb-12aa-4536-863a-6a7ea5bcd4b0,Paz Nieto,"La aplicación pedorra no deja poner la fecha de nacimiento ,cuando ya voy a llegar al año de nacimiento me reinicia para poner los datos ,deberían de anular el calendario ya que solo obstruye la continuidad de los datos. la Aplicación está linda de preciosa pero sigue pedorra ya que para poner la fecha mes por mes recorrer 78 años al casi llegar al año de nacimiento te bota al inicio de la aplicación . HAGAN EL CALENDARIO DE FORMA MANUAL Y QUIZÁS LES PONGA 5 ESTRELLADAS.",1,2026-05-22 01:28:06
53679ad6-e133-4868-b3fe-802c55c39c7c,Maria Ruiz,NO PUEDO ENTRAR.,1,2026-05-22 01:18:33
f632cf19-8290-40b0-a93c-84d42fc82cc2,Gustavo Aboytes Hernández,"Desde el 21 de Mayo por lo menos, la app me marca error y sacó mi cuenta y no puedo ver nada.",1,2026-05-22 00:49:12
ca2dd917-72c3-406a-9e12-80ddb2e26680,Yashmin Mercado,ya nunca funciona,1,2026-05-22 00:27:02
071cd9b2-c96d-4dc9-80ff-248108118648,Luz Maria,por qué no me deja entrar.?,1,2026-05-22 00:17:52
7887a7f3-37d6-402c-96e6-c86ed33d21b7,Guadalupe Roque,"horrible, no abre la aplicación y cuando se logra abrir no sale la cantidad",1,2026-05-21 23:28:05
218511b2-90c4-4a0d-af09-168b0f918558,Judith Tovar,no reconoce mi huella y no me da opcion para abrir la aplicación manual,1,2026-05-21 23:16:27
522d7f54-82c1-480a-9490-29a4a8c2bfd6,F.J Zamudio,Como para qué ponen la opción de enviar dinero si cada que lo intentas marca error.,1,2026-05-21 22:37:38
92ad695d-f227-4792-ac3a-0670667a81df,Hary Hernandez,hoy jueves 21 de mayo no he podido realizar ninguna transferencia marco error todo el día,1,2026-05-21 22:16:56
b9387ff9-11a4-4258-9f06-add8fb124c3a,abner temich,mal servicio,1,2026-05-21 22:12:17
b66a461c-112d-440b-9f9d-c001234574a8,Antonia Guzman,pide fecha de nacimiento y la pongo y dice q no es,1,2026-05-21 22:10:17
46c0e450-b71e-4dff-92b4-970bc795ee90,Cynthia Rojas,Tristeza de aplicación que no detecta mi ubicación.,1,2026-05-21 21:58:56
aa6d86bc-85de-4c6e-8155-3a0b97a542da,Usiel Perez Cruz,no abre la app,1,2026-05-21 21:37:35
f2552250-4fcc-43c3-b36a-3dd90e41e68a,Marco Avalos,está muy complicado para consultar el saldo y no se entiende cómo ubicar la sucursal l,1,2026-05-21 21:34:44
4b228b6c-36fc-41c2-929c-a772b8e965ed,Ramiro Rodriguez,"Acaba de actualizarse y falta probar lo nuevo que es transferir, dos dias y sin poder hacer transferencias",1,2026-05-21 21:24:22
f00a8b2b-4201-4d6c-82b7-52553ec17b45,Diana Tavera,yo no se si a los demás les sirva pero por lo poco que eh visto y me esta pasando si sale lo de la transferencia pero a la hora de querer retirar el dinero me sale error que no se puede ojalá lo puedan arreglar eso mande correo y no eh recibido respuesta alguna entonces para que tienen esa opción también,1,2026-05-21 21:22:59
5b9adfe1-6e92-4e04-9e12-0650ca2d774d,Guadalupe Ramirez,estaba bien. antes de la actualización pero ahora me saco de sesión y me pide de nuevo poner mis datos y de la tarjeta y mi nip ya se hizo todo eso y cuando me pide mi número de teléfono lo pongo y me dice que me enviara un sms y que se pondrá en automático y nada solo sale una leyenda que dice que si no tienes el auto completar el SMS en automático no te enviará nada y voy a goggle y ya está en auto completar y nunca envía nada por eso pongo una estrella arreglé eso y cambio mi calificación,1,2026-05-21 21:06:51
d7c37e83-5f9f-4f2f-8f49-f9acf210e49b,Daneyra Hernández,está bien que la modifique Pero es un show para transferir dinero en ocasiones ni siquiera te lo permite,1,2026-05-21 20:58:47
12733845-9e6c-4b3c-90f7-f1d357895621,Marco Antonio Betancourt,no deja hacer transferencias,1,2026-05-21 20:11:04
62f1e6fa-ad87-448e-ac2f-457eb21d659a,ray pena,"No puede ingresar mi fecha de nacimiento, naci en 1955 y al intentar regresar calendario de repente me saca de la aplicacion. SERIA MAS FACIL INGRESAR LOS DATOS MANUALMENTE EN LUGAR DE ESTAR RECORRIENDO LA PANTALLA MAS DE 800 VECES Y AL FINAL FALTANDO 70 MESES ME SACA DE LA APLICACION",1,2026-05-21 19:54:44
7ded11ad-4709-4bb0-b208-fd67b46f1a0e,Gerardo Gomez Rosas,"mal no deja, están más optimizadas las apps de las demas bancos, porque piden fecha de nacimiento del titular y nip, solo basta el número de tarjeta, cuenta o celular y contraseña. al poner esa información número de tarjeta y nip puede hacer robo de información",1,2026-05-21 19:48:11
34621c5d-a602-4b6a-8489-40decae058c5,yodiss Lo,No se puede hacer transferencia!,1,2026-05-21 19:30:44
4ec3bb6a-e8c5-45d5-b05e-4a7f18663857,Elvia Ramos,"no me deja ingresar a la aplicación, lleno toda la información y al final me dice que me van a mandar un mensaje y nunca llega",1,2026-05-21 18:58:20
5c37a774-c2f9-4560-a679-b8128d5d71b9,Jose Izquierdo,esta de la patada,1,2026-05-21 18:54:41
be36dc52-23f9-4cc0-9819-30f00238e8ac,diego vazquez,no deja hacer transferencias desde la app a otros bancos ni aún con la actualización reciente,1,2026-05-21 18:48:00
314cd113-2917-44d2-ba0c-1d2ed298ffde,Maite Solis,no me da lo que quiero no puedo abrir la aplicación de Bienestar,1,2026-05-21 18:31:58
f85121cf-b52a-42e3-8190-9a1ab43397cf,Angelica Martinez,esta fea la actualización ya no me deja poner el código de verificación por que no quitan eso por que me mi cuenta la trato de ingresarla en otro dispositivo pero no deja,1,2026-05-21 18:07:39
3863f5c2-0f14-4f07-a68a-4e9c7d5ea5dd,Carlos Bucio Ríos,"Pasé horas tecleando y se volvía a reiniciar solo para poder llegar a la fecha de nacimiento retrocediendo mes por mes hasta los 50's, todos los usuarios de 60+ años estamos batallando con eso, si no quieren tener más quejas, Solo deberían considerar eso los de informatica y ajustar que se pueda ingresar directamente poniendo el día, mes y año. Por favor.",1,2026-05-21 17:56:44
b6d802e8-557e-4076-a45a-3bb9e5178ac4,Maria Arriola Cano,Desde ayer no puedo abrir la aplicación me dice que agregue ubicación pero no encuentro donde me pueden ayudar,1,2026-05-21 17:55:32
a2d0c051-f8c6-4a70-97ba-c495e3f17d81,Ma Elena Ayala Ensuastegui,"no hay una pestaña que permita registrar la fecha de nacimiento correctamebte haybque recorrer 65, 79 o 100 años manualmente, aparte de tardado es ineficiente porq7e sibyardas en hacerlo te saca de la app, ys i lo logras te sale con que los datos capturados no son correctos. Y sibtienes la gran suerte de lograr rvilver a registarte, estas del otro lado.",1,2026-05-21 17:55:24
f258d442-c4ff-43ca-9b2f-950db10c7b8f,Elsa Lopez Cazares,"no puedo escribir mi año de nacimiento, la app está incompleta solo llega al año 1960 y yo soy de 1955. No sirve la App.",1,2026-05-21 17:35:54
3fe5b668-fe8a-47ac-a2d3-8540ed67edb0,Juan Antonio Parez de la torre,alguien me puede decir cómo se puede trasferir por estoy intentando trasferir pero no me agarra dise que falta dos números,1,2026-05-21 17:28:30
6d094d92-41f7-4e9d-819c-625106167158,Francisco Hernández Félix,no me deja hacer transferencia,1,2026-05-21 17:27:12
90edc0dc-e5e0-4066-8854-ad3dabb05973,ANGELICA MEDINA,la aplicación no sirve para nada te deja meter el número de tarjeta el nip pero al intentar meter la fecha de nacimiento dice que no es la correcta y después de tres intentos ya no te deja avanzar te bloquea y tienes que empezar TODO otra vez y así yo ya llevo casi una semana tratando de entrar y nada.,1,2026-05-21 17:24:43
153abe66-24b9-4d89-a5b5-5786f0a68648,Alexa Guerrero,"no puedo abrir la app,no llega el código de sms",1,2026-05-21 17:18:27
fd977e10-629b-4654-aef1-30b9f6925ad6,Ana Juarez,no puedo hacer transferencia 😞 llevo así desde que se actualizo,1,2026-05-21 16:54:37
23d337b5-1565-4269-988f-bbf44e36159b,J Jesús Cortés Díaz,"Desde que se instaló la nueva actualización, no me deja activar la tarjeta en la aplicación después de pedir el número de celular nunca manda el mensaje de texto con el código de activación. Ayuda por favor.",1,2026-05-21 16:44:06
40a359d3-48ad-47a6-8cb0-dd1cc37e5aeb,Leydiana T,la actualización esta fatal no se puede poner la fecha ami mama la ayudo y ella es del 54 ya intente varias veces meter la fecha y se sale antes de llegar al año 70 mientras no tenemos como checar su deposito nada horrible espero le den solución al problema para poder ingresar de nuevo,1,2026-05-21 16:41:11
88816e5c-93e4-4b03-b7b8-28dba203dc2a,Juan Rubio,No me deja entrará a ala app,1,2026-05-21 16:22:30
863c4c68-a120-4410-b57f-88981e8f054c,Mynor Sacuj,excelente aplicación solo un detalle con las tranferencia tardan en llegar,1,2026-05-21 16:19:47
0a3686dd-6ffa-4d79-bf06-5f4847ab2645,Carlos Martinez,es mala la aplicación,1,2026-05-21 16:17:11
6d00b343-6eb6-482c-9503-cca62523a8c5,71JoseO,"es posible que para dar Introducción a la fecha tenga uno que recorrer tantos meses tantos años, que no saben que todos somos adultos mayores.",1,2026-05-21 15:25:11
2ed8d281-dfb9-4db6-b159-9ee08e2d5d51,Tania Pinzon,No responde,1,2026-05-21 15:14:05
ceaf861a-6f10-4f5e-9080-1ad20492918a,Marcelo Zertuche,"Urge que revisen la última actualización.... Solicita la fecha de nacimiento,.pero no es posible escribirla manera directa tienes que ir dando páginas hacia atrás....el caso una persona que tiene 100 años tienes que darle 1,200 páginas para atrás.... Otro problema al tratar de llegar a dicho año truena la app no llega al año requerido Al llegar al año 1962 truena la app, saca y hay que volver a empezar, haciéndolo varias veces sin éxito al llegar al año mencionado truena la app",1,2026-05-21 14:58:04
25649772-b6ed-4ad5-a9e3-b863f7eeccb1,Natzuki,"se actualizo la app sola , trato de acceder los datos de nuevo y me marca error q no coincide fecha de nacimiento y de ahí no pasa llevo días intentando y sale lo mismo 😕",1,2026-05-21 14:48:42
0f72dca3-397c-44b9-8bc6-c266e36bbb8c,Mar,AL ABRIR lA APLICACION GENERO LA ACTUALIZACION PERO NO ME ENVIAN EL CODIGO DE VERIFICACIÓN DE CELULAR Y NO PUEDO INSTALARLA,1,2026-05-21 14:43:42
9a6733df-5ae1-4091-ae85-686b14c15e88,Martina Rivera,cambiaron y no puedo entrar,1,2026-05-21 14:39:02
b056feba-10a7-4e00-a8bf-61568b2b9ba7,Adrian Jorge Valdez,muy mala app,1,2026-05-21 14:37:05
26ce55c0-d5ce-4991-907b-e266ed02374a,Enrique Ruvalcaba Hernandez,en la app no me deja ingresar mi fecha de nacimiento,1,2026-05-21 14:30:15
a10e1c01-051c-43dd-a1f3-e873606fe833,Patricia montes,"es una porquería llevó 3 días sin poder hacer el 4 paso que es la verificación del teléfono esperando SMS y nada, arreglen ese gran problema",1,2026-05-21 14:21:22
c6435448-ea01-4a87-be16-e1a4f99692e4,JG Pram,"Esta aplicacion esta bien culera , parece que la programaron los del Conalep",1,2026-05-21 14:08:03
d4cb872a-34f0-49f1-9539-77e282a423fe,Claudia Cruz,a mí aún no me actualiza y en mi otro telefono no me deja hacer transferencias 🙄,1,2026-05-21 14:04:41
012b6671-847b-4e31-95f7-026e250dc422,martha escobar,"no funciona bien la aplicación estoy ingresando bien mis datos y me dice que son incorrectos, 👎",1,2026-05-21 13:56:06
d43c5604-950d-4e76-9d27-9c6af7f6ca2d,Humbert266,"falla en transferencias, es intermitente aparentemente.",1,2026-05-21 13:51:10
d3624b03-c48d-4602-bfeb-96bc4986a941,gabriela bazan rangel,como pretenden que un adulto mayor va a tener la paciencia de encontrar su año de nacimiento además la aplicación después de cierto tiempo te saca si saben que traran con adultos mayores verdad,1,2026-05-21 13:43:34
64522d1a-29ee-4385-9119-6ce01c8ac6a0,JJ BR,Su transacción no puede ser realizada en éste momento (x44). esto es frecuente.,1,2026-05-21 13:17:19
00e71a94-ec24-40d8-9ffb-b2d460350c27,Antonia xolo,"no permite ingresar, me arroja la leyenda: comunicación no disponible. la operación no pudo realizarse. verifique la configuración de su teléfono e intente nuevamente. que configuración especial debe tener?",1,2026-05-21 13:00:39
97751dbb-f3e1-4f6a-baf5-cc494db81b4f,Laura Lara,no desglosa los depósitos de ningún mes,1,2026-05-21 12:36:55
c5be9c29-b6be-45cf-8629-80ae786f8fd8,Angeles Jimenez,muy mala experiencia está actualizacion no me sirve pues no me deja ingresar mi fecha de nacimiento y por lo tanto no sirve . para mí me bloquea y no puedo abrir la app,1,2026-05-21 12:35:39
98cfc3fa-26a3-49a1-ad09-dc2b0415b643,Gonzalo Ramirez Enriquez,con la actualización me cerró la seción y ahora intento meter mis datos y me marca erro ahora a la de a fuerza pide los datos de mi mamá y no hay problema el problema es que no deja meter el código de seguridad que envían por sms y solo se acompleta automáticamente y mi mamá no sabe gestionar las aplicaciones de banco,1,2026-05-21 12:35:05
3e2dd932-3817-4175-a65e-9d03a927eb76,Angela Sanchez,descargue la aplicación y al momento de ingresar mis datos ya no me deja seguir. y ya lo he intentado varias veces,1,2026-05-21 12:26:07
716256a4-8256-479e-9251-aafd672de786,evin lomismo,cómo pretenden que ponga la fecha de nacimiento con la opcion de un calendario fijo!?! trate de hacerlo retrocediendo setenta años en ese calendario y cuando iba a llegar se salió la aplicación!!!!!!😡🤬,1,2026-05-21 11:52:51
8de24c2f-3fd9-467a-b86f-0cd2be54a210,Pao,"la fecha de nacimiento la marca como invalida para el titular de la cuenta o no llega el mensaje con el código de seguridad, estaba mejor antes para el acceso. no termina de actualizarse",1,2026-05-21 11:39:18
88800e87-cabe-49ba-9cda-e478a6da1fd1,Bruno Eduardo Tapia,no te atienden por teléfono para saber el bloque para el ingreso,1,2026-05-21 11:04:55
503b26aa-c4fe-4843-9f95-f387f9f734a3,MARIA ERENDIRA MEDINA CARMONA,"Para la aplicación nueva, cada vez que trato de poner mi fecha de nacimiento me saca de la página y no alcanzo a llegar a mi año de nacimiento, por tanto no puedo usar la aplicación",1,2026-05-21 11:04:00
8bec8eb4-4130-4ab9-836e-74220ad4a528,Marco Aurelio Nuño Maganda,"La app no deja hacer transferencias, pinche app mal hecha.",1,2026-05-21 10:24:52
6936bb4e-9bc5-4801-9356-5d542c2383df,José Roberto Aguilar Trujillo,"deberían de trabajar en hacer que podamos transferir en cualquier banco, no solo de en banco bienestar, así no tiene chiste",1,2026-05-21 10:20:53
d99bc43c-730e-49b1-8135-e1bf816774ce,PEPE RAMIREZ,"pésima actualización, ingreso los primeros datos y ya cuando estoy por poner la fecha (es muy difícil) me saca del sistema y después me bloquea el acceso. Desde la actualización no he podido ingresar",1,2026-05-21 10:19:11
6cd4fd13-57a6-41ec-91e7-977374a637be,José Paulino Rojas A,La aplicación de Banco de bienestar México. está demasiado mal. No sirve porque se traba.,1,2026-05-21 10:14:00
d1b08f4f-ef20-48c3-b88b-34c38bac615a,Emmanuel Poot,"es una mala aplicación no permite ingresar la fecha de nacimiento correctamente, se reinicia cuando lo quieres hacer borren está actualización no sirve es basura",1,2026-05-21 10:04:23
49022ba2-a0b3-46e1-a815-42ec73cf61e6,Eva Rivera,no acepta la fecha de nacimiento,1,2026-05-21 10:02:33
4130df4d-da36-4b09-85aa-c0ab3b81f793,Guadalupe Ramos Hernández,muy buena aplicación 👌,1,2026-05-21 09:05:50
1bdd4f23-6a59-42b0-8126-9bd482025170,Rosalia Reyes,"con la actualizacion; no me llega el msj para validar mi número de cel, no he podido acceder desde hace 3 días",1,2026-05-21 09:03:12
98260890-9cfa-44b5-91ce-1981cc6c0fc4,elda jeannette cevallos calderon,mal no da el código,1,2026-05-21 08:48:08
e063e362-246d-4fa5-801a-b780abdf4110,Isabella Cazarez,se me bloqueo las tarjeta y no se como desbloquearla,1,2026-05-21 08:35:20
40f4adc7-de21-4214-bc20-fbaebd6d947a,Romeo Suterlans,Difil entrar a la App para checar saldo horrible.,1,2026-05-21 08:30:19
7c963fd0-79eb-411d-b81d-ddaca1249ba0,Karla Vazquez,llevo todo lo que va del mes de mayo sin poder abrir la app... me pide todos los datos y para verificar mi número celular me envía un supuesto SMS que jamás llega,1,2026-05-21 08:27:54
24778977-3ffa-45bc-9065-1df4614c73c4,Enrique Rosas Cid,"No me permite realizar transferencia, de que sirve la actualización, mal y de malas.",1,2026-05-21 08:26:09
35512dae-4c68-452a-b562-b6e652112fb2,Miguel Santoyo,No he podido ingresar a la nueva aplicación porque no me mandan el código para validar mi número telefónico. Ya habilité los códigos de verificación por sms en los ajustes de Google y sigo sin recibir el código. Les pido que me orienten qué es lo que está pasando o qué estoy haciendo mal.,1,2026-05-21 08:02:00
0a9d2f3e-01c4-4c0a-bd57-76d7f3196db0,Gamer maxium,"Mal la actualización qué acaban de meter. todo muy bien, hasta que te pide el código de sms (con seguridad mediocre he de decir) Se traba y la aplicación deja de responder. si algo funciona, No lo cambies, y menos si es para empeorarlo.",1,2026-05-21 07:22:39
1f26c19d-fa30-4b73-9a57-6a60446f5f16,MM RG,No funciona no abre la aplicación,1,2026-05-21 07:21:34
a81fda1b-2cdb-4bf7-80de-853a3df80f47,Alfredo Rodriguez,Se actualizo el 20-05 y no funciona.,1,2026-05-21 07:02:28
8d540b2f-0cd9-49ff-9911-4bd558faa19e,Vic Tor,No entiendo porque todos dicen que es buena que mejoro si sigue siendo la mismo que antes no te deja entrar yo apenas. la descargue ingresé todo mis dados y contraseña y no me deja entrar llevo dos días intentando entrar y marca error es una porquería esta app,1,2026-05-21 06:33:07
981bf5ad-ddc4-4a77-9ef1-c1c4b6280e6f,Miguel Flores,"Como vas a poner la fecha de nacimiento, tienes q regresar Men x mes asta el año 1954 q asco de aplicacion",1,2026-05-21 06:19:11
3bb24d8a-ea6d-425a-b58a-9504090e2b59,erick garcia,"pues en mi caso ya es un fiasco total, ya que no permite hacer transferencias, indica que no hay saldo suficiente cuando si hay, al abrir la app, no nuestra la información del saldo lo cual genera desconfianza y creo que la versión anterior estaba mejor, supongo que al ser nueva la actualización requiere mejoras pero eso hace de poca confianza dicha aplicación",1,2026-05-21 00:32:31
454836bd-1113-4fca-9dec-651f91486b51,inain gonzalez,Ami no me da para actualizar la app por que será si me celular ese reciente alguien me puede decir cuando podré actualizar,1,2026-05-20 23:56:31
1ee5e5eb-47ad-471f-bea3-b78e0f061a77,amado alfonso rodriguez villegas,no me deja meter mi fecha de nacimiento y se tarda para el siguiente paso,1,2026-05-20 23:41:26
c374df84-f132-4653-a036-2f32886acc79,IdaniaCristhel Santosangel,no me sirbe no me yega el código para verificar la app,1,2026-05-20 23:14:59
1c4c856d-ebf9-49ec-8cd5-0ee6c45853eb,Eva Liliana Ochoa Rodríguez,"Pues al querer reactivar mi cuenta por olvidar mi contraseña, estoy solicite y solicite el código por SMS y nada que llega, para cuándo la activé hasta la 2da vez que solicité el código me llegó, pero para reactivación ya no funciona",1,2026-05-20 23:14:17
7e4eabbf-5bc3-41c5-8fcf-3bb4c99fa95d,Luz Elena Piñon,"Imposible hacer transferencias... aunque ya sale la opción de enviar dinero, pero no he podido, ya lo intenté mucho",1,2026-05-20 23:10:02
36c60d50-be26-4fa8-86be-e786b5ead7e7,Luis Rosendo,"Muy bien que ahora ya se pueden hacer transferencias y todo eso desde la app .... El problema es que ésta app mi madre la usaba en una tablet solamente para consultar su saldo, es una persona mayor que no sabe usar teléfonos inteligentes y mucho menos hace transferencias o pagos con el teléfono. Cómo dije, ella usaba una tablet para checar su saldo y ahora resulta que debe tener teléfono inteligente con número activo para poder usarla, cuándo sólo la necesitaba para revisar su saldo.",1,2026-05-20 22:49:48
878fb04f-6da1-4efe-a750-8c36238a9ce1,Jas Rojas,NO FUNCIONAN LAS TRANSFERENCIAS SIEMPRE MARCAN ERROR Y YA INTENTE COM DIFERENTES CUENTASZ,1,2026-05-20 22:48:33
c0f9b708-93c5-467e-ad24-5ee0e3600f59,victor gonzalez,Pésima para agregar mi fecha de nacimiento tengo que permanecer oprimiendo el botón de retroceso de la fecha hasta llegar a ella por 5 o más minutos y luego el mensaje de verificación del número de teléfono no se ejecuta el auto llenado del código enviado por SMS y no me permite hacerlo manual y si me equivoco hay que volver a empezar y otros 5 minutos oprimiendo la flecha de retroceso de la fecha,1,2026-05-20 22:45:10
75a75f41-f5bb-4bb9-91d1-61e0c01bdea5,Mauricio Reyes Santos,"no deja realizar las transferencias , a cada rato marca error",1,2026-05-20 22:37:51
90db9403-5e4c-4359-a3e8-e8a73149765c,elena del roxio arce hidalgo,"se me bloqueó mi usuario y ahora no puedo ingresar ya intenté con la recuperación de la contraseña y no funciona, no me envía el código de verificación,marco y me dicen que espere 48 horas, y nada que resuelven🥲 tal vez podrían agregar otro método de recuperación de contraseña por ejemplo con el correo electrónico, WhatsApp,o llamada e ingresar manualmente el código de verificación porfavor",1,2026-05-20 22:34:55
5d63311a-de68-4c6a-8fc7-5b33b1e0d2aa,Gilberto Llamas,cabiaron todo no salen como checar saldos,1,2026-05-20 22:27:44
32a0d81a-8490-4c13-a6fc-1315cf0d4edb,Guadalupe Cristina Marroquín Stevenson,depositan el apoyo muy atrasado,1,2026-05-20 22:23:42
7b6269b5-82ba-4397-8f6c-25d07b8404b2,lan López Espinoza,"Ami no me sirvió, no abre la aplicación bota un código de falla, y no se que hacer",1,2026-05-20 21:37:46
9a93a3b9-a6eb-4581-a948-3ea5c6fe99e3,Rafael Ortega,No abre la aplicacion,1,2026-05-20 21:37:16
0b9ecd27-e638-4f92-8ca6-21ffcbc7ca80,Tomas Reyes,mala app con esta actualización,1,2026-05-20 21:20:39
92b1ec32-72aa-4b31-8231-1d5edabfaa3b,Carolina Salinas,Ahora que se actualizó 2026 no puedo ingresar la fecha de nacimiento de mi mamá. Me dice que es incorrecto,1,2026-05-20 21:06:11
64223b88-e6e5-45a1-a669-23392ee5d47b,Alicia Galvez,"Está actualización está mal hecha, el ingresar la fecha de nacimiento es desesperante, para que al poder llegar a la fecha aparezca una ventana de error, una APP totalmente mal hecha.",1,2026-05-20 20:47:56
21882c87-143c-46b3-8c95-893065b5287e,Leticia Contreras Arreola,me marca error al ingresar mi fecha de nacimiento. llamé a Bienestar al Banco también se actualizaron los datos y nada. no se soluciona. ayuda por favor,1,2026-05-20 20:42:45
07278b9b-1b00-48aa-bd0c-203effe2e543,Marvik Yadir Rizo,Tardan en caer las transferencias,1,2026-05-20 20:29:09
65a8685a-aed2-4bdc-ad29-5e0b6502ebb5,Dog lover,"OK la app en si está buena (5 estrellas), le doy 1 estrella porque mucha gente tiene problemas para ingresar los datos que piden con la nueva actualización y no hay NADIE que explique cómo hacerlo. Para poner el año de nacimiento no le den click en la flechita para regresarse al mes anterior, arriba donde dice 2026 denle click ahí, ahí salen los años!!! Si les sale error en alguna parte o no les mandan el código de autenticación es porque está saturado el sistema. Traten más tarde/ en la noche.",1,2026-05-20 20:20:00
05aaaeea-6264-4f27-894e-4263bd5cbe14,edgar ramon ruiz velasco,"El código de verificación SMS, simplemente no llega, llevó 5 o 6 días intentándolo y simplemente no llega, antes lanzar una actualización y que actualizando automáticamente la app, deberían de procurar disminuir lo errores y mas como este, porque simplemente si el código no llega, no puedes utilizarla, de nada sirve que la nueva actualización traiga nuevas funciones, como realizar transferencias....",1,2026-05-20 19:54:10
563343b0-f969-4cce-9323-79c884801ead,Ismael Ramírez,no sirven para nada,1,2026-05-20 19:53:11
04918853-4a1d-41e9-996d-e34e4e28a377,Cesar ernesto Hernandez lozano,mal,1,2026-05-20 19:35:53
87a46e78-c89b-4223-ad99-eefd7dc43dad,ana Belem tolentino lopez,la aplicación no se puede ingresar la fecha te vota no sería más fácil poner manualmente los números que con las flechas,1,2026-05-20 19:27:05
702dbf5c-1555-4749-8300-c878886658c6,Flechador DEL CIELO,"La app es inservible, al tratar de bajarla, permite poner el número de tarjeta y el nip pero al darle continuar pide la fecha de nacimiento para lo cual abre el calendario con fecha sctidky, no da opción a digital día, mes, año, sino que hay que recorrer mes por mes todos los años vividos, yo llevo 83 años recorridos, debo tocar la flecha izquierda casi mil veces o correr el mes hacia la derecha igual número de veces, el sistema a cualquier distancia de recorrido de corta y vuelve al inicio",1,2026-05-20 19:19:47
de5ba180-d622-4439-8bb5-fb3294c3cad5,Fernando Perez Trejo,"no hay datos de las transferencias no dice si fue aceptada o no,no hay para aclaraciónes y tardan demasiado en salir",1,2026-05-20 19:14:55
52fbe3f6-661c-4db0-be3c-5521fca0ad44,Alina Velázquez,por qué no puedo entrar a mi aplicación del banco de bienestar solo quiero consultar mi saldo yo no quiero hacer transferencia,1,2026-05-20 19:11:17
966f3bf8-ca59-4317-9f4e-f448fb352915,yedeon6,"me funciono la transferencia al 6to intento , no guarda cuentas favoritas , maximo 1500 por dia , hagan cambios que sirvan no de 4ta",1,2026-05-20 19:10:18
6ce45b1d-4c2d-4f27-aa82-4aac27257d5b,Denys Balfred Villanueva Raviela,realice una transferencia y no se reflejó,1,2026-05-20 18:43:17
604149c9-80c1-48b7-8932-c03ef3abe784,kristtenlebasi65 torres,me pide ingresar mis datos y no me envía el código solo me dice que la apps no se encuentra funcionando bien a alguien le pasa lo mismo.???,1,2026-05-20 18:02:01
e331262b-b8b0-4a9b-afbe-9434d3b478bb,Angela Lucia,no llegan los mensajes con el codigo de verificación y tarda mucho en abrir,1,2026-05-20 17:40:43
5986bc38-f328-428a-97d1-1f80d2d4d8f7,Mhay Aquino,"Poco práctica para ponera fecha de nacimiento, mi familiar tiene 92 años y es imposible llegar al año porque se cierra la app antes de tiempo, tengo días intentando y nada",1,2026-05-20 17:15:14
fbf147fd-e1f4-49ef-a907-70892629e4fd,Lucy Rodrigurz,muy mala no me permite poner mi fecha de nacimiento lo intente muchas veces. y me invalido mi número de tarjeta,1,2026-05-20 16:51:48
9afa0fec-687a-4f59-a5e1-430d90c189f3,Ara Gonzaguita,"Pésima actualización no deja acceder, no está pensada para las personas mayores que en su mayoría son usuarias",1,2026-05-20 16:40:40
4730a055-2778-4f90-b5bc-81f0479f040d,Armando Fuentes,una aplicación muy esperada entre los usuarios del banco lamentablemente no se puede instalar los datos correctos en la fecha de nacimiento sobre todo en los teléfonos xiaomi redmi 9 versión falta terminar de forma correcta,1,2026-05-20 16:32:07
f63d1b67-8d66-4f3c-a345-e590293d3b83,francisco pineda,es mala.,1,2026-05-20 16:30:24
55236dc5-97f1-42b1-a8d2-e9c45594e078,Ibrahim Maximiliano Leal Sánchez,la verdad para esto espere hice todo lo que me pidió ni siquiera me deja haceder a mi cuenta y le meto la contraseña ni me deja hasta ya confirme varias veces la misma contraseña y me sale error,1,2026-05-20 16:06:36
a409c2a4-aa4a-4f7e-8afc-170a88117e17,César Guillermo Fernández Cid,"Al tratar de ingresar a la nueva versión de la aplicación del Banco de Bienestar, me pide ingresar la fecha de nacimiento y como no existe la opción de seleccionar directamente el año, entonces oprimo repetidamente la flecha ubicada a la izquierda del calendario que aquí aparece, con el fin de ir retrocediendo hasta llegar al año 1953; sin embargo, antes de llegar al año de mi nacimiento, me regresa al inicio y después de varios intentos, sucede lo mismo. NO PUEDO UTILIZAR LA APLICACIÓN",1,2026-05-20 15:28:33
d7eb9bb9-ef9b-4268-aee3-13823d3f33ca,Lucila Torres,"marca errónea mi fecha de nacimiento, de por si fue un show llegar a la fecha y cuando por fin la selecciono me dice que no corresponde conmigo, yo solo quiero consultar mi saldo",1,2026-05-20 14:42:57
35e9b53c-9893-4235-a68e-9fb470f0e64d,Nando M,felicidades a Mejorado mucho.,1,2026-05-20 14:40:39
d0a6d080-b2e8-4afd-b286-8346f8954d17,Jaime Nigó Mendoza,"el programa anterior es mejor, ahora no reconoce mi tarjeta, por tanta innovación obsoleta",1,2026-05-20 14:16:18
51dd828d-ad6f-48a8-95e3-4260c3280e19,Miguel Angel Rodriguez,"no puedo usarla,da error de identificación y no hay forma de avanzar, ni de desinstalarla, muy mala",1,2026-05-20 13:52:14
ead22f54-c867-4647-a8b0-64e89a950aaf,Mariaeliza Names,Esto ya no funciona aparece solo pidiendo que entres a la ubicación y ya no hay más,1,2026-05-20 13:37:35
f2896007-00fb-4844-8c27-72cbfa42c6ea,Veronica Pérez flores,no te deja abrir la,1,2026-05-20 13:34:33
0f0eedca-cfbf-4f56-ab20-721d23a76393,Leslye Gomez,muy mala no me.deja autualizar nada,1,2026-05-20 13:20:03
ea9b26d2-1e9f-458d-b163-8bc1aba33cd1,mario nava,No logré consultar mi Saldo,1,2026-05-20 12:54:02
162166e3-e003-4066-88b3-645490ab9327,Bertha Guadalupe Hernandez rivera,Pongan la fecha se el titular de la tarjeta porfa,1,2026-05-20 12:52:41
2390d3de-678e-4239-a207-06ab45169ff0,M.M. Maravilla,se efectuó una trasferencia y la descontaron pero nunca llegó a la cuenta que se envió contexto todos los datos a los que se envió están correctos,1,2026-05-20 12:43:05
58a0c70a-e024-4804-ac28-3118a0defac5,rene ordoñez,la hacen muy cansada con su fecha de nacimiento,1,2026-05-20 12:39:33
31794b7f-1840-4357-8d79-c1b04b48a8cc,Margarita Esquivel Quintero,está aplicación no se puede dijitar la fecha de nacimiento ya que no lo permite hay que pulsar muchas veces y en cierta fechas me saca de la aplicación y no puedo debería ser más fácil para poder poner la fecha y es por eso que no puedo abrirla está actualizacion no me gustó si se supone que la otra ya tenía los datos de la beneficiaria y en esta estoy batallando,1,2026-05-20 12:31:35
d5747e07-1502-432e-8611-f5ed9153e10b,Rosa Blue,pesima aplicacion intento poner la fecha de nacimiento y se borra 😡,1,2026-05-20 12:07:20
dee2e736-19f1-4bb6-aed7-df72b9a4c331,Elsa Puente,"No me deja entrar, dice que va a validar los datos y que intente más tarde, pero no creo que haya saturación ahorita, son las 00:48 horas 🙄, que les pasa? muy mal. actualización: con la actualización valga la redundancia, cuando entro todo bien hasta que u pide fecha de nacimiento no me deja avanzar, se regresa al inicio. ninguna estrella le daría pero debo escribir mi queja. 🙄😑😡 y todos los que escriben que es la gran maravilla, seguro son paleros porque aparte en el número ni contestan.",1,2026-05-20 11:54:54
8b75dd23-b685-4acb-9393-1b70d5d5f37a,Eva Romo,no puedo acceder pongo todo bien,1,2026-05-20 11:35:56
9a592e04-2f58-4fed-9ac1-c6f9709449a3,Lola Lozano,"ahora es más difícil ingresar datos sobre todo en fecha de nacimiento en el año. tenía la aplicación y de repente aparece que tengo que volver a iniciar y ahora está peor !!, antes cuando tenía que volver a ingresar cuando escribia mi número de tarjeta inmediatamente aparecía en nombre del cuentahabiente, ahora con los datos de la fecha de nacimiento me es imposible entrar porque no llega al año y se corta. Chequen eso porque mucha gente no podemos entrar 😡",1,2026-05-20 11:20:00
aabc2313-3f51-460b-aad3-5a07a037a250,Jorge Alejandro Leriche,excelente,1,2026-05-20 11:15:09
6b6b0756-bb35-4f14-887e-7cb173abad1e,Jorge D. López Cervera,"ya se actualizo la app, ahora es que actualicen para que pueda yo grabar mis contactos de transferencia y no tener que estar escribiendo cada vez que haga una, al igual que incrementen el monto de transferencia, ya que tendría que transferir en varios días con el monto mínimo y eso es una perdida de tiempo, esto es un banco no un juego para hacerlo paso a pasito",1,2026-05-20 11:12:02
b8628c48-2eef-42ad-abfe-117a71390231,Carlos Rueda Anaya,no funciona el año de nacimiento y no te deja avanzar te permite solo el día y el mes,1,2026-05-20 10:52:59
40e0e84a-f577-44d0-a658-4f8751ffd18d,Adrian Garcia,no me dega entrar me pide dar mi ubicación le puse permitir y me dice lo mismo de activar la ubicación arreglen lo porfavor,1,2026-05-20 10:30:43
24c8c771-0d33-49be-b0cd-677edf46cd2d,Ash Sedecrem Ash P,Mal diseñada. Al tratar de ingresar la fecha de nacimiento para seleccionar el año es inoperante. (1935) y antes de llegar se corta el acceso. teniendo en cuenta q tendría q dar 1088 clics. Ya lo eh intentado varias veces y no eh podido,1,2026-05-20 10:04:38
38983218-ed06-428f-b74b-689b24b6fac9,Todo Poderoso,"tengo la aplicación actualizada y no me permite hacer transferencia marca error (x40), (h03) y más errores",1,2026-05-20 09:59:53
506c3639-1c6a-4b1c-9ba3-9d22f3d0237b,Ana Gaby Bahena,"con la última actualización no puedo ni abrirla pesimo, ya desinstale y baje de nuevo y nada",1,2026-05-20 09:55:31
2a05a43f-ee70-417b-aef5-06290a4eef7e,Iktangabo,"Con la actualización ya no abre la aplicación, se queda en un bucle en la pantalla de inicio. Mi dispositivo es un sony xperia 1 iv",1,2026-05-20 09:40:23
c9f74d56-0e76-4899-a943-aa997b922eb9,Máximiliano Chávez,excelente app,1,2026-05-20 09:26:08
2109fe1d-bddf-49b0-bfdd-9fa0ad088f7e,Cecilio Nava,"muy mala experiencia al bajar la aplicación, debido a que para poner la fecha de nacimiento es muy complicado, pues solo aparece la opción por el calendario que aparece en la pantalla, y empieza con el año 2026, para regresar a 1952 fue complicadisimo, pues se acaba el tiempo de sesión; debería de darnos la oportunidad de escribir la fecha de nacimiento; creo que la mayoría de adultos mayores, no podrán poner su fecha de nacimiento así como tienen el calendario; por favor pruebenlo y verán.",1,2026-05-20 09:25:59
ccd410c6-135c-4e53-9694-84fc3ec3e70f,Esperanza Navarro,"no sirve de mucho por tantas limitaciones, quiero transferir pero su tope no me es funcional",1,2026-05-20 09:16:11
652097db-5e75-424f-a91a-5b8c83124845,Jesus Solorio,no llega mensaje de verificación aun teniendo activado auto llenado de msn en las herramientas de Google muy mala actualización,1,2026-05-20 08:01:30
b97d5c31-d9e6-48da-a359-ca6a85adf681,Juan Manuel García Pardo,no me permite continuar ni poner poner el código de autentificación,1,2026-05-20 07:50:07
5fc7b3de-154c-40a4-b830-4c6ab42230ec,Anna Ramirez,desde que la actualize no puedo entrar a la cuenta solo me marca error 201 ya llevo 3 días así arreglen eso por favor,1,2026-05-20 07:07:12
57469da2-5108-4881-9835-bfdd9a6aca9d,Lorena RL,"Esta peor, apenas se me actualizó dice inicializando y nunca abre, dice error, comunicación no disponible. La operación no pudo realizarse. Y nunca abre.",1,2026-05-20 06:29:55
2c2093f8-23d6-4a87-b071-82a0f5ec806d,Carmita Perez,me está fallando no abre la aplicación ya lo desinstale y lo voy a instalar otra ves a ver si me funciona que coraje,1,2026-05-20 05:57:42
99570206-5824-495b-bbd1-2e8a4420968c,Rosa nelly Martinez,no me deja hacer la transferencia me manda error,1,2026-05-20 05:11:46
27ff1841-f8d8-40eb-94b9-fa4aecdf66d7,Ma Ga,"No le doy cero porque no hay manera, Pero ni siquiera una estrella se merece. Es una basura de aplicación. Picarle 800 veces para llegar a tu año de nacimiento, y que te marque error y que no es correcta la fecha y luego te bloquea por intentarlo tres veces. Un verdadero asco de aplicación. Parece que la desarrolló un niño de pre primaria. Ahora no puedo ver ni mi saldo ni mis movimientos. Ya ni hablamos de hacer transferencia. Pésima! Mejor nada que eso. Ya la desinstalé.",1,2026-05-20 05:09:25
d3f86c78-46c5-4bfa-96fb-9c81bef340eb,Daniel Piña,"no se puede dar de alta. marca error, y la fecha de nacimiento, es absoleta, tiene uno que picar ciento e veces, aparte, como por que tienes que meter el Nip en la alta, de la aplicación si ese es confidencial, esperemos , lo solucionen. y sea funcional la aplicación",1,2026-05-20 04:01:41
c1163ffb-aaa2-498a-8959-76ba8d68282b,Jorge Bautista,"Mal, al ingresar la fecha de nacimiento de mi familiar dice que no corresponde y si intentas varias veces se bloquea temporal mente el acceso a la app",1,2026-05-20 03:59:19
76693bf8-6754-45ec-87f1-80d742fbfaef,Jazmin Parra,"estaba muy bien la aplicación, empiezan hacer sus ""mejoras"" actualizando y hacen cochinero 😡😡",1,2026-05-20 00:18:53
4a1115ef-f75d-4973-ae1a-bd5f26172e76,Porfirio Pérez,no he podido hacer el registro y el tiempo no dura mucho en lo que busco el año de nacimiento,1,2026-05-19 22:57:11
322d2bc8-ba6e-4af8-bd08-2c70ad38c551,Fernanda Ramirez,en la actualización 2026 no se puede elegir el año de nacimiento,1,2026-05-19 22:43:34
66c01c48-87e2-4bd5-b0d0-239891659482,Martha Acosta,"no me permite meter mi fecha de nacimiento, no salen los números y solo sale el calendario del mes actual",1,2026-05-19 21:28:30
d5aff20a-fe6b-4244-b980-c249aae03f65,Leticia Quintana,"no es funcional, me dice que mi fecha de nacimiento no coincide con el de la información de la tarjeta",1,2026-05-19 21:22:00
7031acf3-b07b-45f6-b9ed-922b14e4a71e,Carmela Gomez,no me permite ingresar con mi contraseña menor con el nip y ahora resulta que está bloqueada la tarjeta,1,2026-05-19 21:02:20
2fe637c5-87f2-4355-852e-6ab15e34839b,Cristina Navarrete,"A partir de la última actualización no funciona. No pasa después de poner la fecha, marca error.",1,2026-05-19 20:45:57
800be12b-52e4-4186-9a96-ec3a49dca9ec,Nischikata Hernández,me puso error entrar y asta hora delo demás está bien ❤️‍🩹😔,1,2026-05-19 20:41:45
65279d07-997c-42e2-8ca9-30b5bdefbe4e,Sandra,no jala,1,2026-05-19 20:40:17
8925e49c-df21-4098-b110-4e7e72c5c974,Alan Marin,"Nunca me había sucedido nada malo hasta hace unos dias que transferí dinero a otra cuenta y sigue sin reflejarse, les mande mensaje al mail de ayuda pero no contestan. De que sirve que tengan funciones de ""ayuda"" si no van a contestar, es molesto cuando uno necesita ese dinero y suceden estás cosas",1,2026-05-19 20:36:32
7fb8cd4d-a49b-493c-aa94-af5ef477705f,Aliss HM,Horrible actualización no deja ingresar metí mi contraseña y no la reconoció y bloqueó mi tarjeta pésimo todo,1,2026-05-19 20:24:07
d1e16c03-e138-4f59-b99e-1fac3cb14b83,beatriz leticia perez,"Es Malisima no puedo entrar, y si entro dice que no se pueden cargar mis datos",1,2026-05-19 20:15:23
21200d5b-19f6-41c7-ba19-80c72eaec9d4,Julio Gutierrez,"Esa actualización es algo frustrante, cuando buscas la fecha de nacimiento tienes que regresarte mes por mes hasta llegar a tu fecha de nacimiento, fastidio total.",1,2026-05-19 20:14:34
d36571ff-9a9d-4a00-a980-f2120bac3014,Rapp Rapp,"Definitivo, la aplicación no es suficiente, te manda error y error para registrarte",1,2026-05-19 20:13:37
2335dcfa-de81-44f9-8ed9-af220fcd5ba5,Lore Jazmin osorio,tengo problema al abrir me pide la fecha de nacimiento pero no se puede escribir el año me regreso al la fecha de hoy,1,2026-05-19 20:10:33
246e6074-ce7b-462d-9ab5-1fe56826e576,Maria del carmen Floriano martinez,"porque no se puede activar con la fecha de nacimiento de mi hijo, tiene la beca Benito Juárez",1,2026-05-19 20:04:38
0de9be23-12ea-44d7-97bd-c884dc068ff5,Ray Guzman,a mí con la nueva actualización me pide registrarme de nuevo y arroja error cuando estoy haciendo el registro😡,1,2026-05-19 19:36:20
1a5d754f-4ed1-48e1-9206-93647bcda0dd,Alonso Patricio,la aplicación es pésima deberían mejorarlo,1,2026-05-19 19:07:59
d6afe3c3-70c2-47c0-bb41-bffe2a3b7196,Eimy Barco peralta,buen app,1,2026-05-19 19:03:53
e2f90d56-c17a-4464-a168-9915e8b789f8,fausto cortes flores,esta app es muy pero muy mala no hace bien las transferencias y no manda el dinero al destinatario,1,2026-05-19 18:45:22
c94ded27-23db-4c19-a41d-fc1870d89ffe,Pablo Isaac Castillo,un poco complicado la fecha de nacimiento,1,2026-05-19 18:35:56
cbea462c-69e3-44c1-ba89-aaa8a73791e2,Angel Ibanez,Llevo 2 días tratando de activar la app sin resultado. El SMS que debería recibir para terminar la instalación. Recibo SMS de manera normal excepto el de validación de esta app. Ojalá puedan resolver este problema a la brevedad. Tengo un Google Pixel 6 Pro con Android 16.,1,2026-05-19 18:14:58
b25c1b72-a07b-49d1-924f-e7c34f7088df,Ana Ocampo,"deberían poner otro método para aplicar la fecha de nacimiento, si es un apoyo para adulto mayor tienen que pulsar muchas veces y la app te saca antes de poder llegar a tu fecha...no la puedo dar de alta ...esto molesta",1,2026-05-19 18:05:45
f790c343-af96-4b83-9ad6-dfc24c49f408,Angel Israel Martinez Sanchez,es horrible,1,2026-05-19 17:10:39
f1af10ee-4bff-4051-8b4d-39af21521a67,Dora Maciel,necesito que me digan porque no entra el calendario,1,2026-05-19 17:05:15
c1737696-621a-411a-a585-cca2ff23120c,Arturo Badillo,En esta actualización es complicado activarla sobre todo al ingresar la fecha de nacimiento del titular ya que pusieron un calendario el cual se tiene que recorrer hacia atrás hasta el año de nacimiento,1,2026-05-19 16:59:22
1e07d502-aeb0-449d-8340-172766ed9586,Candelario Pech,esta modificación no sirve,1,2026-05-19 16:57:23
362b4d7a-9dc6-4b32-af06-5d02db6a84eb,Victor Montemayor,"No funciona, no manda codigo sms",1,2026-05-19 16:21:46
257de33a-cb62-4e01-941f-091b6cb601cf,Gerardo torres anaya,"no me deja abrir la app del banco bienestar, nomás día y mes pero el año no",1,2026-05-19 16:20:31
eba55e19-5443-4fc9-b881-4a28802e65c4,Mantonio Rivas,"el calendario para seleccionar la fecha solo llega hasta 1955. mi abuela nació en 1942 ,no hay otra opción",1,2026-05-19 16:09:02
f1010c85-a024-45df-a167-bea5b188c845,Gerardo Ramos,no se habre esta aplicacion del bienestar,1,2026-05-19 15:37:38
6d1c4fc7-83f7-4d7c-81ac-4c6d5389c4de,Vianney Ortiz,estaba muy bien la aplicación. Me pidió una actualización y ahora no puedo entrar a realizar mis consultas,1,2026-05-19 15:01:21
fdaf6c3d-26ff-4714-85e1-a70d4fd9681a,Blanca Gómez,"me parece, que esta muy mal diseñada esta página, tengo 80 años y cuando voy a poner la fecha de nacimiento tendría que pulsar más de 800 veces para poder llegar al año que es 1946, cuando logro llegar a 1960 se reinicia el conteo...hace imposible poner fecha",1,2026-05-19 15:01:20
61fa595d-9029-45f4-a45d-4ff648e2e520,Marie de la Torre,"Pésima actualización, no hay una ventana accesible para poner la fecha de nacimiento y menos el año, tomando en cuenta que todos los usuarios son de los años cuarentas o cincuentas, tiene uno que pulsar muchas veces para llegar al año que corresponde. Y aún así cuando lo seleccionas marca error, ésta nueva actualización fue diseñada con las patas.",1,2026-05-19 15:00:52
9f605558-3c83-450d-afb9-eb2ca8655af7,Claudia Fermin,"Es inoperante, es increíble que en pleno 2026, a un desarrollador no se le ocurra poner algo más accesible para la fecha. Es una app que pareciera diseñada por una persona que no está actualizada.",1,2026-05-19 14:59:00
de72c728-0279-448b-9a27-5994a48db12d,Alexa Sayeg,Está terrible la actualización. No manda el mensaje SMS qué ganas de hacer las cosas más complicadas!!!,1,2026-05-19 14:55:45
92106272-2d0a-492b-afbe-dcd75d2990ed,Jeronimo Basilio Rodriguez,"pésima la actualización,no puedo ingresar la fecha de nacimiento de mi papá que es de 1932 cuando voy llegando a 1970 me saca de la selección de fecha , se les olvidó que está aplicación también la utilizan adultos mayores",1,2026-05-19 14:53:51
0907fb10-fa25-4a3d-ba74-650bb3de68d7,Maria de jesus Delgadillo,para poder poner la fecha de nacimiento ay que pulsar el calendario asta la fecha del beneficiario por qué no la modifican para poder poner solo los dígitos de unos 4 movimientos,1,2026-05-19 14:42:34
49296dab-2bb0-4a85-b39f-30f8caeb62b2,edgar escobedo,no me llega el código por SMS y de ahí no pasa,1,2026-05-19 14:37:05
12d87792-a6a5-4cb2-a95e-27a48e6e0742,Jacob jasiel velazquezlopez,eh we mi beca 😔,1,2026-05-19 14:24:07
53606b4b-723c-4026-950f-b4d3717082f8,Adriana Rocha,actualice la aplicación y para volver activar obvio piden datos pero los pongo bien y sale que la fecha no es correcta que desesperante: y para poner la fecha de nacimiento el no permite manual imagínese del año actual ir hasta la fecha de un adulto mayor. po ahora es pésima quizá más adelante pueda mejorar mi opinión.,1,2026-05-19 13:44:08
ce7c9fd5-a6f0-4a87-bea5-f84786b25040,Yoselin Olguín,por qué no funciona mi aplicación no se abrir por qué no abre mi app,1,2026-05-19 13:11:05
4da11dfe-750d-4750-a6cf-ecac23ee3f29,Erick Manuel Arana,"Todo bien al poner los datos de la tarjeta, el código SMS y la nueva contraseña, pero empezó a empeorar cuando me pedía mi huella para ingresar, no se porque no me daba acceso, solo me marcaba error, lo intente varias veces y opté por desinstalar e instalar nuevamente la aplicación, cuando intenté poner la contraseña me marca error y no me llega ningún código SMS, además me dice que mi cuenta se a bloqueado por intentar varias veces y no me da acceso. Arreglen la aplicación, por favor.",1,2026-05-19 12:33:33
be458d9a-09dc-47ad-a68e-5baa4203d188,Alondra Catalan,"No puedo abrir la app ,no me llega el código de verificación.",1,2026-05-19 12:20:08
90dbe93f-6bfe-44fa-94cc-8da7c93837fa,Silvia García Cardoso,"Es muy incómodo que tenga que picar tantas veces para poner mi fecha de nacimiento y si me salgo de la flecha hay que iniciar otra vez, además quise hacer una transferencia y me dice saldo insuficiente cuando me acaba de llegar la pensión y no se pudo, además solo se puede transferir un máximo de $1,500 por día, tampoco se me hace práctico",1,2026-05-19 12:17:05
de3c11da-97a4-499c-83d8-d528e21a36f9,Melchor,No puedo activar mi cuenta,1,2026-05-19 12:11:45
a8426640-137c-43c4-b3e7-374a155972ba,Asa Cruz,A mi no me deja ingresar ya que te pide los documentos que tiene q llevar y cuando estoy poniendo la información me dice que hubo un error y que tras varios intentos fallidos no puedo y no me deja acceder y pues era mejor como estaba y no con esta actualización 😡,1,2026-05-19 11:38:52
2d102c26-9dc9-41a5-9096-5a1a5b735975,Wendisol Lopez,"su actualización está fatal más para poner la fecha pasar mes por mes comenzando 2026 y el año es 1957 cuando llegó el mismos sistema me saca , tengo varios días intentado activar la aplicación ojalá y la actualicen para poder escribir la fecha , sin tener q ir mes con mes .",1,2026-05-19 11:13:07
953a37f3-9340-4bc4-a85e-dfabb5546ac6,Rafael Aleman Franco,no funciona,1,2026-05-19 11:01:52
97af08d8-e7c2-45eb-9aec-2ded728dfeea,Jose Antonio Moreno,"Actualice la App y ahora ya no abre da código de error,no sirve su actualización",1,2026-05-19 10:58:15
b30d0ac5-4fee-4780-86c1-5e18ab513b69,Veronica Perez Ochoa,ya la tenía instalada y ya no pude acceder y para volver a registrar la fecha de nacimiento está de locos. tengo que ubicar 1952 y se bloquea. terrible,1,2026-05-19 10:18:45
37eaf5aa-9cde-4927-b10d-a6b9c30dd844,Luis Rivera Morales,"que app tan mal diseñada ni los niños de secundaria harían tan mala aplicación, después de dar más de setecientos toques para cambiar de mes, de momento se cierra y hay que empezar de nuevo a ingresar datos y nunca se puede poner el año de nacimiento, en fin nunca la pude configurar que mal trabajo de sus diseñadores y no se puede esperar más que pinche pena si no corrigen esto no tiene ningún caso ponerla al público asco de trabajo, ya cuando la corrijan y pueda estar disponible veré si la bajo",1,2026-05-19 10:16:35
c3fd2f0b-625b-4955-922a-817f0373dc55,ANA BANANA,no llegan los sms,1,2026-05-19 10:12:18
7bf8c727-6aec-4a19-a4ec-e5799dbfcaaf,MARTHA CUPE,"Cómo estaba antes era mejor la app , con el cambió nos piden # de 💳 tarjeta y nuestro Nip",1,2026-05-19 09:41:53
7e1a0883-73b5-4719-89f3-2f9814bc9c17,Enrique Martinez,cada que quiero checar algo se debe estar ingresando todos los datos es muy incómodo y molesto estar haciendo eso ya con una vez ingresado la información más que suficiente no entiendo por qué debo estar reingresando todo,1,2026-05-19 09:22:55
43419819-e8ba-4048-a0df-62bd59971861,Laura Ramirez,una actualización qué no da los años bien busco 1930 y llega hasta 1981 debe mejorar por separado día.mes y año,1,2026-05-19 09:13:12
c1dd900c-8da4-43e7-a268-821fc5f863cd,luis aguilar,no hay actualización disponible y no se puede hacer nada solo consulta de saldo,1,2026-05-19 08:42:07
06f86230-39f1-4447-8572-eb96613b78fb,Arturo Hernandez Garcia,"Muy mala experiencia, las operaciones aparecen con un día de diferencia y eso esta mal, para un adulto mayor es complicado una contraseña larga y por huellas es difícil por el desgaste",1,2026-05-19 08:27:15
86cef833-1c4c-4d8b-a2a5-76dc1ddfac09,Rutilio Silva,no te deja poner tu fecha de nacimiento,1,2026-05-19 08:07:12
17d994d9-88fd-4bbd-84d0-103b8075a338,Vero Vázquez,tarda mucho para poner la fecha y se regresa al principio mejor la des instalé,1,2026-05-19 08:03:05
44fc44f0-608d-477b-827f-bf951ed71ef3,José Luis,"he desinstalado y vuelto a instalar la aplicación y sigue igual solo puedo ver saldos, Ami no me da más opciones , no puedo hacer transferencias ni nada solo ver el saldo",1,2026-05-19 07:57:22
28552a05-051d-4e63-92cb-406a872173a6,Delfino Dominguez,"no me deja colocar la fecha de nacimiento de forma manual, tengo que usar el calendario para poner la fecha y no te da tiempo para ponerla se reinicia la aplicación sola",1,2026-05-19 07:49:43
207a4b32-80fa-4215-958b-35c9691e83ad,Anabel Sotomayor Parra,"no se puede actualizar la app. ya que para poner tu fecha de nacimiento tienes que pulsar muchas veces para llegar a la fecha de nacimiento, y cuando vas a llegar a tu fecha 📅 te saca y te regresa al principio, lo intente muchas veces y es un fastidio estar repitiendo para seleccionar la fecha 📅.. una forma de actualizar los datos sería favorable...",1,2026-05-19 07:43:37
2a6f821f-94e8-4491-9f12-2bd9a02fce0f,Alfonso Quezada apolinar,descargue la aplicación en mi cel y no esta actualizada y no puedo hacer transferencia a que se debe que no esté actualizada.,1,2026-05-19 07:30:21
64a84cfb-c77c-4d0a-8e2c-092c05938bf2,Marisol V. Rojas,"es un gran fracaso está app. la actualización está deplorable. No te deja iniciar sesión, no te manda msjs de texto con código. ¡Ay no! espantosa actualización. 19/ may/ 26.",1,2026-05-19 07:20:33
d9e68aa4-878e-4cbb-aa45-53c6c54666e0,gilberto sanchez olan,"No me permite actualizar la aplicación, tal vez sea mi celular",1,2026-05-19 06:52:10
8faf4f4f-b29b-4d11-8e9f-934580258896,Sus Ruvi,"muy mala la actualización , hoy quise entrar y ya me bloqueó, no la pude ni siquiera abrir porque me pidió registrarme de nuevo y es muy difícil poner la fecha y cuando por fin pude me sacó y lo intente de nuevo y de plano me bloqueó que según los datos incorrectos , ojalá y arreglen ese desperfecto , ya otra vez me había pasado de volver a registrarme pero no me pidió fecha de nacimiento que es difícil llegar al año desplazando hasta estar en tu año dado que son muchos...",1,2026-05-19 04:22:50
cb5a714a-32b2-40c9-9575-b0e6b8c729f0,Leticia Hernandez,no me dale actualización para transferencia,1,2026-05-19 04:08:38
37c01512-4f9e-4e02-a372-a3b7ee5dcd52,Patty Monroy,mala,1,2026-05-18 23:44:19
0716b5cc-2a40-455c-a466-b828302a7011,Enrique Ledesma,Excelente 👌,1,2026-05-18 23:40:21
5b308911-fe54-4011-813d-3644632704b6,Néstor Nieto Zamora,"Pésima actualización, ahora no permite entrar a la banca porque pide un código que enviaran por SMS el cual nunca llega. ""Pide que des los permisos de autocompletado, los autorizas y aún así no llega el mensaje""",1,2026-05-18 23:15:37
d44666cf-f4c4-4426-8213-bb040f63d01b,Carlos Duran,"es pésima no permite enviar el importe recibido ni el autorizado de 1,500",1,2026-05-18 23:12:41
0f30e150-e344-4668-896b-59f7d2946c4f,Maria Ofelia Alfaro Martinez,muy muy bien veo k ahora si ya tiene para transferir exelente,1,2026-05-18 22:54:19
fbd669aa-b6ee-41b6-a8f4-8efb4913cf76,Marino Moreno,no sé ha actualizado no me deja hacer transferencias,1,2026-05-18 22:38:37
4ffa7cbb-f8aa-402c-8c7a-3dfa7bff60b3,Osmar Verdugo,"con la nueva actualización mayo 2026, al ingresar mi fecha de nacimiento me dice que es incorrecto. a qué sebe esto?",1,2026-05-18 22:27:00
15c7de4e-2ab0-4d7d-852e-9d48d7d7bf5c,Erika Rodriguez,no se me actualizo con la nueva app Ara tranfer alguien sabe XK,1,2026-05-18 22:16:21
8c564572-26ff-42c7-bcce-5ac3b9996cba,Sandra PeRs,"Es una aplicación muy mala, de entrada no permite llegar al año de nacimiento de un adulto mayor, es imposible activarla.",1,2026-05-18 22:15:16
aa679603-6405-49b8-9d20-bffea565af31,Alma Patricia Hinojosa,mi cuenta no sale como está en la app..no se actualiza y solo me aparece el saldo y lo que gasto..pero no me da opción de transferencia ya la desinstale y volví a instalar y no se actualiza,1,2026-05-18 22:03:39
1c4b9bfb-86ce-4bab-bdb9-ca58acc25005,Efigenio Ruiz,pésima,1,2026-05-18 21:58:00
d8396679-baa8-4a15-9828-777f794cff2f,edgar carbajal,"Mala aplicación, no es nada fluida 😞 además de que no te permite ni entrar, borrenla mejor es una app sin chiste ni utilidad NO SIRVE ,de nada sirvió la actualización llevo más de una semana sin poder entrar además de que las transferencias solo se puede 1500 por día, que mala app.",1,2026-05-18 21:36:44
d92dbf08-f06f-481b-b53d-02bd337a3480,mario lavadores,"No accede, se queda cargando y da error al final.",1,2026-05-18 21:13:03
80b0ecb8-302e-4d30-968b-d198d57669d9,bunny luluand crochet,la aplicación no me funciona desde que salio la actualización para trasferencia no me agarra la huella digital y no puedo abrirla ya reparen eso,1,2026-05-18 21:11:55
b7ea5fc4-e744-4549-881a-828756d42de6,Esteban Delgadillo Perez,me saca de la aplicación para empezar desde el inicio no llega a mi año de nacimiento tiene que arreglar los años de nacimiento entonces como puedo ver mi cuenta,1,2026-05-18 21:01:31
8b93531c-6e31-47ea-89db-286cdcb2c2ec,sara Esquivel,"es muy buena , pero hay un detalle con las trasferencia ya que realce una y no se fue reflejada a mi otra cuenta y no me ayudan las personas de atención a clientes solo me comentaron que esperara 24 horas y aquí sigo esperando más de 3 días y si ponen esas funciones debe de saber y asegurar que si va a funcionar 100, ya que no soy la única con este problema y necesito que me solucione gracias",1,2026-05-18 20:57:55
c9f7c972-4e44-4abf-a297-ae56caa4c4fd,regina medina,No me permite poner mi fecha de nacimiento,1,2026-05-18 20:52:31
9e82ec2d-5437-436a-8813-c5d2206b8c6d,Gerardo Sandoval,"no deja poner la fecha de nacimiento , que hago porque ya no tengo forma de saber los movimientos,tengo que esperar un tiempo, ir al banco o que pasos doy",1,2026-05-18 20:47:46
b903668f-3f85-4d3b-9b69-58861ec13bf1,Elida Diaz,no deja entrar desde el principio,1,2026-05-18 20:46:58
6dc7798d-0378-4678-8871-387bd900cd49,Manuel Gomez Caballero,no sirve . sale la Nora iniciando un rato después sale que no se puede ojala reparen esta falla antes si funcionaba,1,2026-05-18 20:34:33
e2057f62-7b8e-49b6-b574-6b6619190e67,Criss Gómez,A mi no me aprece así la aplicación cuando la abro,1,2026-05-18 20:21:11
69395ebf-8b9c-4be6-8fce-7fda8b934ddf,karen Magdalena lopez mendoza,"ni siquiera me deja acceder,el número de verificación no me llega,¿que pasa? es horrible mejoren esto",1,2026-05-18 20:13:02
f1fa86dd-acef-4954-937a-9aa407682e2a,Maru Medina,"es absurdo tener que introducir una fecha de hace más de 70 y 90 años, recorriendo mes por mes. El tiempo que toma llegar al mes y año de la fecha de nacimiento es tanto, que la aplicación se cierra y no es posible activarla.",1,2026-05-18 20:07:09
4d9885aa-0d0f-43ec-a52d-d35853fce126,Fausto Flores,mal su modificacion mas al ingresar la fecha de nacimiento de mi mama es del 1950 y pulsarle muxhas veces y se corta para poner la fecha de nacimiento,1,2026-05-18 20:03:02
241f8d4b-7b8d-427d-ae88-55014febd0d5,Hrrlim Rosales,son una burla 🤣 según muy inovador y ni para eso sirven muchos errores la aplicación no te reconoce la contraseña y te bloquea después que espéres 48 y luego 74 hrs y no te desbloquean pides el sms y no llega que según un error Pero como se que les vale y no hacen caso aplicación pitera,1,2026-05-18 19:49:11
74e8a252-2935-4675-9901-2237dec367bd,Fco. Javier Ramos Cano,no puedo activar mi banca móvil de mi tarjeta Bie estar,1,2026-05-18 19:26:09
a731d309-f580-425b-87a5-acfa6bbd7dcc,Angeles Suarez,No funciona correctamente no admite la fecha de nacimiento dice que es error... Pésima,1,2026-05-18 19:15:54
bd19f755-2904-4afa-9ffa-96615a56da41,Jaqueline Ramirez,Falla la aplicación al poner tus datos..,1,2026-05-18 19:14:50
1d50afe9-a60a-4597-8db9-a6d1e29152d1,sary L.G,a mi en esta actualización de Mayo no me.aparecen los cambios sigue la aplicación igual,1,2026-05-18 19:14:29
b9f57d30-5fd6-4d9e-9d40-124585111151,Gerardo M,no me deja ingresar ya accedí los permisos de ubicación y me dice que no se puede,1,2026-05-18 18:56:38
ed9b3ac2-636b-47e7-a6f5-34eb57d72fd6,Olga Barragan,"no acepta la fecha de nacimiento, mala",1,2026-05-18 18:54:59
2235297d-f88e-4296-b4ee-c945ffef6788,Alonso Palomares,es un porquería no deja entrar y no la hacen nada para corregir esto...... ....,1,2026-05-18 18:31:18
dad43622-6686-47a7-8750-07aea6554d23,Malena Mendoza,La aplicación me bloqueó y no puedo vér mi cuenta situación qué tuve que ir a una sucursal bastante lejos de mi domicilio un rumbo qué jamás había ido bastante peligroso. Ahora no sé cómo voy a saber las aplicaciones de mi cuenta.,1,2026-05-18 18:29:46
e76167c0-dd8d-4408-8b09-ce7a43832494,Dánuri Mancilla Acevedo,error X40...,1,2026-05-18 18:26:48
92559fbb-815e-4ca8-9ed6-bdac3d2b26cf,Alberto,"no sé puede ingresar la fecha de nacimiento al tratar de colocar el año tiene que regresar mes por mes y ocurre que te deja fuera haciendo imposible el ingresar dicha fecha , por lo tanto no puedes continuar , cargando tus datos , favor de corregir ese detalle",1,2026-05-18 18:24:13
ed7e732f-b268-4e82-83a6-1796677c2666,Maru Gálvez,"No puedo ingresar los datos de la tarjeta de mi mamá, con su actualización pedía ingresarlos de nuevo y nada, primero era la fecha de nacimiento, q su manera de ingresarla es pésima y difícil para las personas de la tercera edad, jamás la pudo ingresar. Y ahora solo pide los datos de la tarjeta pero dice q no se puede procesar y q lo vuelva a intentar. Así lleva varios días y nada q podemos ingresar ningún dato. Pésimo.",1,2026-05-18 17:47:53
0ba19278-44c2-482d-a217-97213d1ce52b,Yamirka Gonzalez Puerto,No se actualiza la última versión,1,2026-05-18 17:45:00
73394778-80e0-49e7-89c2-455bc2be1da4,Gustavo,"Falso que ya se permita transferencias, aunque según eso es actualización de mediados de mayo y aquí dice que la versión de octubre 2025... se me hace que alguien poco perspicaz se le ocurrió sacar la actualización en pleno día de quincena y seguramente hubo diversos errores...",1,2026-05-18 17:41:59
0503bd93-9a06-4b2f-9ec8-7d04aa33efb6,Antonio Robertos,"De varios intentos por descargar la app del banco del bienestar, no me arroja la versión actual, ¿abra una actualización? Por que no me permite actualizar",1,2026-05-18 17:40:20
a8e3fed5-2106-4caf-abc7-1f5bd744b0b2,Gerardo Contreras,"Me doy cuenta que no brinda la más mínima seguridad, tanto la tarjeta como la app lo de las transferencias es lo de menos cualquier fintech las realiza, en pocas palabras no tiene nada de especial, solo una más del montón 👎",1,2026-05-18 17:38:25
e7419c61-09dd-427a-af3b-77aea8bceacd,Diana Mon Mtz,"tengo dos semanas queriendo ingresar a la aplicación y no he podido acceder, no me deja actualizar mis datos me marca error en la fecha de nacimiento",1,2026-05-18 17:06:44
8d1439c2-4323-4349-8e37-ccecea44bbc0,Lizeth Chávez sanchez,con la nueva actualización no se puede acceder ala banca pésima actualización,1,2026-05-18 16:58:04
07bd1795-101b-4b25-8ab3-98f3c306eec0,Jessica Salas,"a mí no me deja hacer transferencias y ya está actualizada , aún no sirve",1,2026-05-18 16:53:28
98ed86a2-2667-42d3-a63a-25f64763d811,Carlos Aguilarzul,esta app no está muy bien qué digamos porqué al querer acceder ha la fecha de na cimiento se corta mucho antes de llegar ha la fecha de nacimiento imagina ir hasta la fecha del 17 de abril de 1941 puez olvídate está difícil porqué se corta nesecitan arreglarla para que no batallen los adultos mayores y puedan acceder más pronto ha su fecha de nacimiento estaba bien la anterior porqué consultabas él saldo más pronto espero qué solucionen el acceso ala fecha de nacimiento gracias,1,2026-05-18 16:51:48
16cdc6c5-d53a-42c6-8361-bdf3e01619ed,MoOnLee,a mí no se me ha actualizado con la nueva interfaz.,1,2026-05-18 16:49:23
b55c754a-6b9d-4249-8464-0f00db692224,Maria de Lourdes Melo Pérez,"muy mala aplicación,no te deja ingresar te quedas en los sms y no puedes ingresar el código de verificación",1,2026-05-18 16:40:22
1c8c2497-e0b0-4bd5-8e79-34cef612a7ff,Victor Ponce,imposible descargar esta nueva versión d aplicacion,1,2026-05-18 16:37:36
fefb0ae5-7967-4682-a36a-e9b947b1d197,Diana Lara,"tengo 2 dias intentando ingresar desde la actualización no se puede ,todo marca error",1,2026-05-18 16:04:43
ef6022ac-192b-40b5-b79c-180ba05b6be5,Amparito Reyes,no abre la aplicación,1,2026-05-18 15:54:09
6f3ca827-617a-428c-acf2-5086efea9db6,Sin-ko,Despues de actualizar te saca de la sesión y al querer reingresar te pide nuevamente el registro. Y no reconoce el NIP. Finalmente te bloquea la tarjeta. Al menos tengan cuidado con los datos de sus usuarios.,1,2026-05-18 15:33:54
7f0ef07b-aa12-4eea-8adf-81d92e43b3ac,Juan Francisco Gregg,"pésima para regresa a mi fecha de nacimiento debo regresar el calendario 79 años o sea más de 800 regresos al llegar al año 1959, 1964, 1967 se borra el sistema debiera poderse teclear la fecha de nacimiento.",1,2026-05-18 15:30:53
2daff662-e8f4-4aae-86e9-ab31adbf9570,Jc Ruiz,Con esta actualización no me deja poner correctamente la fecha es torpe. Tras el tardado tecleo para poder acceder a la fecha para que luego te saque de la aplicación por demorar. Y al ingresar finalmente la fecha de nacimiento del usuario me sale que no corresponde a la del cliente. Estaba mejor la aplicación antigua básica pero fácil de usar.,1,2026-05-18 15:16:35
b5e31346-f0db-478a-a24e-d0183a95a0af,Chaparrita Lopez,No permite transferencias,1,2026-05-18 15:14:18
b7880bc6-69fe-46e8-b5c6-e2ea19033d7b,Ingrid Perez,"está mal diseñada la página, no se puede poner la fecha de nacimiento.",1,2026-05-18 15:01:52
4c67fbf8-1ef3-4128-902c-5978e3880cd6,Felipe Resendiz,no me da la actualización,1,2026-05-18 14:59:37
71003026-c255-40ab-82f8-43ff115017f1,josue daniel perez moreno,a mí no me salen las nuevas opciones de transferir y todo lo que agregaron,1,2026-05-18 14:46:09
0994896b-d811-4435-af78-d5f0e7665e3d,Lucila Brito,"Esta mal la actualización no me deja poner la fecha de nacimiento necesito llegar al 1942 y nada más llega a 1980 y se quita el calendario, porque no hacen tan complicado?",1,2026-05-18 14:27:55
7aa432e4-aa8b-409c-baaf-0901a22e7502,Mona Mely,"no he podido actualizar la app, es mentira. no se porque dicen cosas que no cumplen",1,2026-05-18 14:08:06
5a1dd02e-9ab5-4801-bc07-38c3e540a1e8,Gladis Hernandez,por qué mi app no se actualiza?,1,2026-05-18 14:02:53
f1d891a2-c697-4b95-be76-a01a09a48b5f,Mario César Nava Fernández,"No permite ingresar la fecha de nacimiento, hay regresar muchos años mes por mes, y la aplicación te saca, hay que empezar de nuevo. Pudiendo la persona ingresar su fecha de nacimiento digitalmente ¿por hacer las cosas tan difíciles como ingresar la fecha de nacimiento más fácil?",1,2026-05-18 13:16:18
ca2ee019-9170-471f-9e09-2f90ea0c0c41,Elizabeth Mares,"Acabo de descargar la aplicación, no puedo registrar la tarjeta, absolutamente todo marca error.",1,2026-05-18 13:15:01
3d997532-192b-42ac-9733-c37586e8128e,David Paez Esquiliano,no es fácil y complica todo,1,2026-05-18 13:10:30
13b2b03f-cfe9-4915-b96a-723a6060c730,Antonio Villanueva,no me aparece la versión nueva y checo la aplicación y tiene última actualización octubre año 2025,1,2026-05-18 13:10:23
2188bf16-2e5c-4c45-a30f-74e0c74d0714,Grace Ros,"La mínima edad del usuario es 60 años, para registrar la fecha de nacimiento tienes que gresar mes por mes esos 60 años de mínimo. Hice una transferencia de prueba y está perdida en el limbo, no ha llegado a su destino. Además no guarda el destinatario, tendré que volver a pegar la clabe para volver a hacer una transferencia, pq además no te da otra opción más que la clabe, cuando otras apps bancarias te dan opción de número de tarjeta. Mucho que mejorar.",1,2026-05-18 12:54:01
e23c2424-1510-401e-9ee8-60c0d87ad99f,Efrén Sánchez,para poner mi fecha de nacimiento tengo que recorrer el calendario manualmente y aún no llego a mi fecha y se cierra. no es práctico,1,2026-05-18 12:34:04
d20a14fc-5146-4240-b9b7-a6534ca4f5a4,Alfonso Marrufo Gómez,"Horrible experiencia, por algún motivo al actualizar la aplicación los datos de mi cuenta ya no están, es necesario ingresarlos de nuevo y el problema es la dinámica para ingresar la fecha de nacimiento, debo hacer clic una vez por cada mes desde el día de hoy hasta 1942 y al escoger la fecha, se regresa al principio. Por favor, corrijan la forma de ingreso de fecha. Puede ser una lista por día, otra por mes y otra por año.",1,2026-05-18 12:29:42
47d5b6ad-fd7b-48fd-83af-fed4870d5a7b,Consuelo Garcia Lopez,aún no liberan para todos la actualización,1,2026-05-18 12:23:35
21dd728b-58a0-44dd-b43f-8bc3ca6449f5,María Teresa Alemán,no me deja continuar mi reactivación,1,2026-05-18 12:08:57
069178d6-aa45-4cdd-80c8-eab25782a135,Caramelito Dulce,"pésima actualización al ingresar la fecha de nacimiento hay que estar pulsando y se corta que mediocres son Fallas constantemente,al iniciar sesión ya en mi caso lleva 3 días y tendré que ir al banco a perder el tiempo ⏲️⏱️ espero tengan la capacidad de solucionar.",1,2026-05-18 12:03:11
277b165a-5aa6-45d4-95f7-eb5ca05819d9,Jose luis Torres,"No funciona, simplemente no me permite entrar a mi cuenta .",1,2026-05-18 11:49:03
f4a28d6a-7638-4e56-aa95-d221120fda23,Héctor Rea,"No sé puede hacer nada con esta app. Estoy esperando la actualización que dijeron, para poder hacer transferencia.😡",1,2026-05-18 11:35:54
9271cdc3-9fc8-41e4-9e8b-89b2a13cf6d1,Roberta Ortiz,Alguien le está fallando la aplicación no me deja abrir sesión,1,2026-05-18 11:18:40
3921ec3f-7e30-400c-9aa4-42468759c007,Isa Morales,por qué no me deja poner mi fecha de nacimiento me saca al ponerla,1,2026-05-18 11:16:37
e29a7144-5052-4cf4-a561-4f45450366d7,Emilia Hernandez,"pésima la actuación de la app no me permite entrar a ver mi cuenta, marca error",1,2026-05-18 11:09:56
4c66014c-2af4-48d5-ae6c-f09dbbb5835c,Carlos Gonzalez Pimentel,"no funciona, no permite el registro, en el último paso no recibe el SMS para validar el número telefónico. la anterior versión limitada pero funcionaba.",1,2026-05-18 11:08:29
73ee8f05-5953-4b03-9bb8-50688de66297,Fernando Reynoso,No se puede meter el año de la fecha de nacimiento. No hay función manual. Muy Mal.,1,2026-05-18 10:58:34
89fb2c48-c656-4f6f-a408-d1ddd0d048ad,Jazmin Moreno Beltran,no sé actualiza,1,2026-05-18 10:56:56
d24e9e6c-bff9-47b8-8a8c-fed463f55659,Karina Gomez Rivas,y para cuando la actualización a iphone?,1,2026-05-18 10:53:49
d43079bc-bbe3-40bc-913f-4359b85e91a5,Julio Duran Hidalgo,no se puede transferir dinero,1,2026-05-18 10:49:16
238e5f8b-31fe-44f2-b7bb-a476bedb3f6d,Celerino Ortega,"No se quienes sean los desarrolladores de esta aplicación, pero no se aplicaron, es imposible dar de alta mi cuenta, no se puede ingresar la fecha de nacimiento, tal parece que dijeron, vamos a hacerles la vida imposible, sobre todo a los que nacimos el siglo pasado, simplemente no se puede dar de alta la cuenta",1,2026-05-18 10:33:04
8b07618f-6013-4a36-b177-31483132e9da,Saul Lopez,con la nueva actualización no me deja entrar solo marca error,1,2026-05-18 10:30:04
19997397-02eb-4cbd-8f92-03f348ee948b,Sandra irene Dzib,No se actualiza en mi cel G3y,1,2026-05-18 09:40:28
73eb4a40-769a-4e98-a3b4-94e17766dde9,gaby lopez,no se actualiza,1,2026-05-18 09:36:30
b7057ed9-9eaa-442b-9e82-74ce614fe110,Ma. Guadalupe Delgado Alvarez,se salió mi aplicación y ya no pude entrar y para instalar no me da aseó a poner mi año,1,2026-05-18 09:36:09
34e52f1f-0865-47b7-9999-405dffb179b5,Molina Joselyn,No se me actualiza la aplicación la verdad es muy pésimo necesito urgente que se me actualice,1,2026-05-18 09:30:25
d7d958bc-3ab2-45d7-958b-e1f5e20a1905,Lucía,no se puede poner ni fecha de nacimiento . soy del año 1948. pésima actualización,1,2026-05-18 09:11:00
c93d1567-2736-46f3-84c5-ea7700b58b0e,dora alicia ramirez,no me deja acceder no pasó de la dónde está mi nombre y no se cómo entrar,1,2026-05-18 09:03:00
6dc2c9fa-2664-4a19-b74a-be9ee4e6cabb,Norma Leticia Rodriguez De Los Santos,desde que la actualice tengo una semana tratando de ingresar y no puedo dice que la fecha de nacimiento no es correcta y no me deja avanzar,1,2026-05-18 08:51:54
20996cfc-a28e-4782-a502-68bac8a29497,Ervin Miranda,no puedo entrar en la app me marca que active ubicación y ya lo tengo activado aun asi me marca error y no puedo entrar alguna solución,1,2026-05-18 08:36:12
209ba747-ea1f-4e53-9564-6fb481d97399,ilian Rangel,no he podido actualizar la aplicación en mi teléfono es un honor 6,1,2026-05-18 08:03:26
25ab937e-42da-40ba-a28c-f7265aa06c87,Mirian Lopez,no me llega la actualización a un Samsung a17 por q será,1,2026-05-18 06:43:39
7e216056-ef76-4bd2-b225-303ac88f410a,Victor Mezquita,"Desarrollo mal hecho, muchos problemas para realizar transferencias emite errores de que no se pueden realizar las transferencias y limitada a 1500 por dia muy mal por los que toman la decisiones de controlar las transacciones, siempre las apps de gobierno son nefastas hasta cuando contrataran personal calificado y que nos faciliten las cosas, ninguna fintech que yo conozca tiene esos problemas por que las transferencias funcionan muy bien entonces por que la de bienestar no funciona.",1,2026-05-18 06:42:24
73498705-baa0-4714-aa54-9aba12a77f4b,Maribel Navarrete Fanjul,se cerró y ahora ya no puedo ingresar,1,2026-05-18 05:45:10
d5a54a4b-6bf0-408a-baac-52ad889ed680,HEREDERO EN GLORIA,"jajaja, después de varios intentos inútiles para ingresar mi fecha de nacimiento debido a un mal diseño, me bloqueó el acceso por meter seg ún ellos, datos equivocados, me parece que si el ingreso de la fecha de nacimiento fuera bien diseñada no tendría tantos problemas, hay algo más que decir?",1,2026-05-18 03:28:51
92c04325-a00e-48c9-8bf5-ae349671f04f,Aldhair Perez,horrible apps falta de interfaz de desarrollo de software como el programador me gustaba la anterior versión sin tanta encriptacion y más sencillo (el front end y back end). ni las 5 estrellas se merece,1,2026-05-17 23:39:32
a92d9e44-16f1-4f3a-9456-172264515d3f,DjJaggercito Robles,"Tiene muchas fallas, me costo trabajo volver a dar de alta mi tarjeta y ahora no puedo ingresar, todo esta mal.",1,2026-05-17 23:24:59
46811e67-441b-48e1-8e89-7dfffddf0fdd,Evelda De La Cruz Aguirre,Por más que la actualizo no me da las opciones nuevas para transferir y demás.,1,2026-05-17 22:32:03
26774f1a-1c1a-4765-9f88-66a3925d34eb,Rosa Martinez,pésima,1,2026-05-17 21:52:15
275fda47-7bdc-4ab0-90c4-d95fa11ba07c,Virginia Ruiz Guzmán,es una porquería su nueva actualización no puedo ingresar mi fecha de nacimiento por lo cual la aplicación no se abre estaba mejor la primera,1,2026-05-17 21:43:50
6c8c2384-9730-4e22-85cf-cfefa5e57803,Arlendhy Cárdenas,no me deja abrir app 😏,1,2026-05-17 21:01:56
757b1ec8-ecdd-4771-a562-f5c3224e042e,Silvia Sanchez,no acepta mi fecha de cumpleaños,1,2026-05-17 18:58:08
c3f9cd9d-4665-4a7e-aba8-ff51107fbeb6,Will Fdz,"arreglen el registro, para selecionar la fecha de nacimiento",1,2026-05-17 16:52:05
2c966769-0679-4c7a-b6ea-7448f9758426,Fernando Vazquez,no me llega ningún código se me hace muy mal eso,1,2026-05-17 16:30:04
821bb96a-4b39-491b-8c24-669c12771fd5,Mari Hernández,Por qué le pusieron la actualización es más difícil ingresar era mejor como estaba antes 😢 ahora ya no puedo saber si ya tengo que depositar o no,1,2026-05-17 16:16:55
50e294f0-f32d-49be-bfdb-010c11b5bca3,Delguin Selene Ordoñez,al momento de hacer la transferencia no te deja sale error,1,2026-05-17 15:44:03
a87f3d05-7708-49fe-acf5-610d389fe505,Guadalupe Pérez,"Para poner el año es súper pesado le tengo que picar millones de veces para poner el año, aparte se corta y hay que volver a empezar, sin contar que el sms no llega y debo volver a empezar, llevo 8 veces tratando de activar una tarjeta ya activada. FATAL BIENESTAR.",1,2026-05-17 15:38:52
372e10fa-b316-430e-902b-717a90ec199a,Antonio Hernández,"esta nueva actualización tiene muchas fallas, al ingresar sale un mensaje de error, cuesta mucho ingresar",1,2026-05-17 15:34:50
7539dcfd-67a5-410f-bca1-17a803f0afee,Jose Diaz,"tengo oppo 7 con android 14 y aún no se actualiza, es normal ?????????????",1,2026-05-17 15:01:58
31ef21bb-d4bc-4bee-950e-17320557bbb0,Dolores Alonso,es un lio a la hora de meter los datos de nacimiento y para acabarla no me da el código nunca llega el mensaje ya lo intente varias veces y nada me da coraje por que a duras penas puedo llegar a mi fecha de nacimiento como para que falle no se vale por eso le doy una estrella,1,2026-05-17 14:59:03
9eac27e1-60cc-4536-865d-686c618d6eaa,Leticia Mendez Cendejas,no acepta mi fecha de nacimiento dice que no coincide con los datos de la tarjeta,1,2026-05-17 14:54:14
51eba0e3-11b5-4427-8398-5037179240ec,Oralia Ipiña Martinez,no se puede descargar,1,2026-05-17 14:39:44
6aa04208-ded4-4fcb-a58e-778aad23a5dd,JOSE MANUEL IBARRA,"la fecha tienes que estár pasandola para llegar al año de nacimiento y se sale mucho antes no se puede, ya lo he intentado muchas veces",1,2026-05-17 14:13:25
c5e5d628-48f1-4ac3-b31c-c8b48ce3fcdf,Silvia Gan,"Fatal la nueva actualización, hay que poner la fecha de nacimiento, la cual si se puede hacer fácil, si se selecciona en dónde aparece el día, pero al darle continuar marca error, y como.mencionan otros usuarios, se bloquea después de tres intentos, ojalá lo solucionen pronto.",1,2026-05-17 14:09:10
b7083196-80f9-4aa5-8d9c-098555b85773,Emily Flores,no me gustó esta actualización ya que me pide mi ubicación y no puedo poner mis datos por que me dise que tengo que contar con mi ubicación... en mi opinión es muy mala actualización,1,2026-05-17 13:46:50
c86123af-c7f4-4372-92e7-3cf675787a19,Frank Cruz,Estoy intentando ingresar pero a la hora de meter el número de teléfono no me llega el código de SMS para seguir con el siguiente paso.,1,2026-05-17 13:38:31
23106bdb-a461-4010-9f64-d3b99338ba48,Gael Belmares Sánchez,Pésimo,1,2026-05-17 13:29:11
aa42cd3a-cf0f-4edf-b59f-be3a8037eca9,María guadalupe Pérez martinez,nunca pude entrar,1,2026-05-17 13:21:00
8d520ba7-c5a7-4eee-802b-64d937b163ca,Pattzy Salcedo,"Desde su última actualización ya no puedo entrar , volver a registrarme lo hago y disque mi fecha de nacimiento no coincide???? ...borre y volví a descargar y nada. Pésima su actualización y función!!",1,2026-05-17 12:45:19
40979786-3dad-4fb9-bdc4-0f4e588757bb,Omar Enriquez,"al actualizarse se pierden los datos se tiene que volver ingresar todo y no da la opción de poner la fecha de nacimiento manual tienes que regresarte todos los años atrás en el calendario, que tontería",1,2026-05-17 12:37:20
80aa99ab-d7b5-49fe-ad46-f1c547cf30ae,Azul Hernandez,que solución dan??? sino llega el código y está bien en la configuración xd auto completar ???? den soluciones no soy la única que tiene ese problema,1,2026-05-17 12:33:33
e168668e-e407-4042-b172-0dcfb4cf834a,Sonia Hd,no sirve,1,2026-05-17 12:30:59
6456169e-02c8-4afe-8e10-642082028c8b,Jose Cruz,no me aparece la nueva actualización 😞,1,2026-05-17 12:22:20
4a2262de-89e9-4bc2-97ed-c6b0350bc309,Jane Red,No abre la aplicación y muestra error de autentificación cuando intento iniciar sesión,1,2026-05-17 11:52:11
5691b196-4bf8-4da1-b637-5379530515d4,Lucia Baez,"es una pésima aplicación, es para adultos mayores y te piden la fecha de nacimiento y debes recorrer mes por mes desde el año 2026 hasta 1960, 1958, etc y al final te dicen error en la fecha de nacimiento, no sé cuánto les pagaron pero no debió ser lo suficiente",1,2026-05-17 11:38:18
fea98acb-c3c4-46b3-b338-0fba6053d688,Rey DLC,pésima actualización,1,2026-05-17 11:32:57
86f28c16-65f3-4a2a-bb77-ddbf115e401e,Rafael Quezada,"deben de eliminar el auto completar, mi celular tiene un error y simplemente no me deja pasar de esa parte mal diseño tiene la aplicación",1,2026-05-17 11:30:18
549a4121-f0d9-4bb3-b83e-42cb65c0a8c2,Gloria Izaguirre Medrano,"modifiquen la opcion de fecha de nacimiento, tuve que picar 12 meses por 53 años, ya que hay que elegir en forma de calendario y no por dia/mes/año",1,2026-05-17 11:16:19
e7559c53-6be4-47fe-ab86-7196ae202f2b,jorge fajardo,no me deja ingresar a la app,1,2026-05-17 11:12:12
b22439cb-921d-4016-ab1e-27c4eadc2107,Guadalupe Samchez,"no acepta mis datos la actualización, como la puedo desactualizar?",1,2026-05-17 10:35:06
c409edbf-4a03-4c41-97d5-9d9ad930f190,Erika Lizania,basura manda la actualización,1,2026-05-17 10:25:52
d7e8f7a1-6e0a-42fa-ae63-3afcb2cda5db,Sergio Díaz Ramírez,"Las imágenes se salen de la pantalla, hay ""botones"" que sólo se ve la orilla y no puedo activar esas funciones. Por ejemplo: no puedo usar el""botón"" para establecer el límite de dinero permitido por operación.",1,2026-05-17 10:24:52
8a95b56f-5753-47ed-9f42-97690e0bd5a9,Daniel Corona,ya me bloquearon el acceso por qué no me aceptaban los datos,1,2026-05-17 10:16:12
0a65fc17-a32c-4852-9cde-19c1fbf0b391,JR. X,"no he logrado que me envíen el menaje con el código de verificación para que se autollene y supongo que el próximo paso es crear la contraseña, así que no puedo opinar.Juaaaaaaaa",1,2026-05-17 09:23:53
1316ff5f-933f-4215-af0c-9d6178e97c1d,Carmen Garcia,no se descarga la nueva versión,1,2026-05-17 09:20:56
c31d4e03-676e-4e46-ac5b-6268bfb653d9,Kandy Fragoso,"baje la app para poder hacer transferencias,pero no me salen esas opciones! 😞",1,2026-05-17 08:52:51
397df9f8-5106-4b71-b444-203ef5f5131b,eduardo perez,realice una transferencia bancaria y no ha caído y ya lleva 3 días .,1,2026-05-17 07:37:12
098c590f-4262-4a03-a077-93ec421a2630,Guille Mendez,No sirve para nada xqria,1,2026-05-17 07:21:31
f2312a41-63e0-48ba-a56c-a937a80b3bd8,Fernando Mercado Reyes,"no abre a veces, cuando más la necesita uno",1,2026-05-17 06:58:02
6c36ae1c-f753-42c9-95da-04bbcba693a0,Gael Muñoz,Los depósitos nunca funcionan,1,2026-05-17 04:33:39
dc583367-8640-44b9-9c35-c708d5e17b8e,chechito23,me aparece última actualización 24 oct 2025. No aparece la nueva que habilita las transferencias.,1,2026-05-17 00:51:13
a1c9c9f0-124a-46ef-b88e-6c15fc7199b2,Leny Magaña,no me gusta me gusta más la otra porque para poner fechas como el 48 es mucho no alcanza el tiempo y te saca estaca mejor la otra por las mayores,1,2026-05-17 00:23:37
24c84a0b-7b2b-4232-a7bf-863b2df52f86,Pilar Medrano,hice una transferencia y no la han depositado,1,2026-05-16 23:56:32
038c12c1-62f4-433b-8bbf-af296d6f4111,Felipe Orduña,"Intenté hacer un envío de dinero, nunca llegó a la cuenta destino pero sí me lo descontó de mi capital.",1,2026-05-16 23:22:13
83ff44ed-fbd3-4036-816c-965c635eaf62,Belîtö LG,"Porque a mi no se me actualiza, nada nada",1,2026-05-16 22:04:47
07792a40-6606-4f93-80f4-703b29b9661b,Luz aymar Olivares,"disculpen,, alguien me puede ayudar a actualizar la aplicación o como le ago esque me dice inicializando configuración y despues me marca, la operación no pudo ser procesada inténtelo más tarde nuevamente..y puro asi nomas y no se como aserle ni me agarra para nada",1,2026-05-16 21:35:08
318d7589-f0f6-4639-9cf8-5eef201006b8,Cristian Manuel Sanches Cahuich,ni puedo hacer tranferencia,1,2026-05-16 21:16:35
acd11eca-8a94-4009-8c3e-dcfb20e14f0f,Juan Antonio Perez Chowell,no puedo cambiar la fecha de nacimiento,1,2026-05-16 21:09:33
81203237-5104-4d70-b07b-bd7ac7d9e1ec,Juana Bermudez,muy mal no deja poner la fecha te tienes que regresar varios años atrás,1,2026-05-16 20:53:32
96c9c8b8-c322-434d-adc4-015e02e07b83,Enrique Rodriguez,"todo bien, necesito la actualización para hacer transferencias. estoy esperando la actualización espero me llegue pronto",1,2026-05-16 20:49:40
f2a8e820-6844-4c85-9021-0c7f2a46541e,Margot Gonzalez,Es una basura de aplicación. Ni porque es del gobierno tienen para hacer una aplicación digna. Que vergüenza,1,2026-05-16 20:14:26
204793b4-6f79-4b84-973a-af819ffce5bd,Eymi Macias,es muy lenta y sigue siendo obsoleta hice una transferencia y nunca llego a mi banco,1,2026-05-16 19:20:07
97a91f64-1ee1-4596-aea2-b05949a816a3,Conchy Martinez,no puedo descargar la actualización,1,2026-05-16 19:10:18
40675dc4-56cd-419f-b2e3-63d4b1cfa4ed,Alicia García,actualizar,1,2026-05-16 18:25:10
156c03f4-8327-4a1b-813e-0a432bd33714,Joseph Ronald Méndez González,"la aplicación es demasiado mala hoy se actualizo y me hice una transferencia de dinero que tenía a mi cuenta y no me ha llegado a veces tarda demasiado tiempo para que llegue una transferencia a este banco, la transferencia no me llega y la hice hoy 16 de mayo del 2026",1,2026-05-16 18:12:23
d16c6f10-83fb-4d4a-a340-a79afdd8d8a3,JOSE Mendoza,pal perro no me deja entrar me pide datos confidemciales.,1,2026-05-16 17:56:12
b520a8a1-4511-44e0-9f40-d5284c5281f8,Leonidss Herrera,"casi con la actualización no me gusto pide mucho, prefería el de antes era mas fácil en fin.",1,2026-05-16 17:52:13
49917e31-f642-4345-9ad3-808944504346,elena luna,"A mí no me aparece la nueva actualización, no me aparece nada sobre transferencias lo cuál me resultó inconveniente porque tardan mucho en reponer la tarjeta",1,2026-05-16 17:44:26
d56773a3-2c5d-45c8-8486-9558109b65a6,Margarita Martinez,"asco de app, como comprenden que no se pueda colocar la fecha de nacimiento dígito por dígito, si no solo buscarla en el calendario, si ya saben que los que la usan son personas de la 3 edad. Que estupidez",1,2026-05-16 17:20:15
18d329cb-4e10-4464-9698-ea438a88218d,Usuarioant,aún no me llega la actualización,1,2026-05-16 17:16:39
00411b3c-e7a0-40b0-8220-f6808668d932,Mia Lore,no te deja a puntar la fecha y es tedioso estar pica q salga la fecha y tebota,1,2026-05-16 17:14:07
c11491a7-4cc4-41db-b5da-c94f4112059f,Cinco Vaughan,no puedo registrarme con la nueva actualización me dice que la fecha de nacimiento ingresada no corresponde a la fecha de nacimiento del cliente,1,2026-05-16 16:29:46
b51aef5c-447b-4284-afa5-7ddffc296cc3,Cristian Hamid Pech Cano,"la aplicación es un asco con cada actualización muchos errores haber si los ban corrigiendo, en el apartado de agregar día,mes y año muy mal haber si van corrigiendo eso.",1,2026-05-16 16:20:26
19562370-3b25-4de5-b3c4-aa682beba8e5,Norma Ceballos,la apps no sirve no cumple con la revisión de la tarjeta creo que necesita un arreglo y que no sea por SMS por qué muchos no vivimos en la ciudad y no tenemos red movil y internet al mismo tiempo,1,2026-05-16 16:17:34
235dc026-b3a5-450a-bd93-e810f9ebcd81,Margarito Negrete,una vil basura la actualización es vez de mejorar la empeoró,1,2026-05-16 16:12:51
cea61ed5-5855-4416-988e-1c3d27998833,dah,"cuando quieres realizar la transferencia marca error, y te saca de la app dice que tú sesión no está activa estaría bien arreglen ese error",1,2026-05-16 15:42:37
9816e412-0bf6-4c86-8be5-52bac68748c9,NAVIDAD Martinez chaza,pues no sé actualiza nada está de no entenderse expliquen bien y no carga la app de la play atore es un reverendo relajo,1,2026-05-16 14:08:07
dd7a3920-4003-4786-a48e-7014b7ef1e40,Daniel Muñoz Quiroz,Todavía no me llega la actualización,1,2026-05-16 13:34:50
e88b4102-3602-4e89-b255-c576964c5108,Ervin Rivera,"deberían arreglar todos los errores que tiene la app, te bloquean, no puedes ingresar tus datos correctamente, marca error etc",1,2026-05-16 13:32:57
76753e8a-1de8-4167-9a1f-a948a34cc7c7,Iraiz Arias,No se. Me ha actualizado la app y ya lo desinstale y lo volví a instalar y nada aun no me sale actualizada,1,2026-05-16 13:30:42
7e64c0eb-34ac-4308-a08b-dee5a7d940c1,Francisco Javier Martinez Caballero,no deja transferir dinero tan chafa como López Obrador y Claudia,1,2026-05-16 13:22:53
b4ab2475-3961-4695-ba75-7f6273180902,America Lora,Cuando se me va actualizar,1,2026-05-16 12:50:32
a305de14-4652-4d47-88ea-99e55882c2d1,Guillermo Gomez,"no sirve su sistema, para poder poner los datos personales.",1,2026-05-16 12:34:37
5fff0897-2bc2-434d-aa84-c43c5d405159,Pedro Velasco,es una aplicación pésima... le pones contraseña y luego sale con q es incorrecta... sucede una y otraves... definitivamente no la recomiendo,1,2026-05-16 12:18:59
767ebf97-b7c8-4fd5-901c-a2fd6a431f2c,Marcela Garcia Duran,realice una transferencia y no se refleja en la cuenta de destino,1,2026-05-16 12:13:58
8ce564b8-27a4-45d8-ab7e-7c5051fc1043,pablo rdz,problemas para fijar fecha. de nacimiento,1,2026-05-16 12:06:41
834c1925-87fa-4e40-9f3a-56ca1b271352,Leticia Cantú,"ya no puedo entrar a mi cuenta, pongo los datos y el nip y me dice incorrecto 👎",1,2026-05-16 11:51:59
fdc40956-c34b-47e0-a71e-1d320dd8b3e9,Héctor Manuel Flores Sánchez,es un pedo con la nueva actualización no por la interfaz Pero si con el funcionamiento la optimacion de la app parece que estuvo encargado un chango se traba no entra la tarjeta no te deja recuperar la contraseña con el mensaje que te envían a tu celular es un desmadre muy mal,1,2026-05-16 11:51:12
3b2e0980-6e36-42e6-8fc8-6d2b3d5c4dfd,M.T.G. Antonio López,"Pésima aplicación, después de la nueva actualización tengo más de 20 días y no puedo entrar, marca error A46 Hasta la fecha no puedo entrar a ella, muy bonita la presentación pero de nada sirve pésima......",1,2026-05-16 11:31:50
8f867ace-f3aa-40a8-ada2-aaba64ca1f19,Fatty Cruz,no se puede acceder a la aplicación 😡,1,2026-05-16 11:30:36
e0c6f869-662b-439b-95c2-df6fa7303835,Marbelia Reta,quien fue el idiota que diseño esta aplicación que para ingresar la fecha de nacimiento tengo que desplazar la pantalla más de 750 veces? porqué no da la opción de poner día mes y año de forma independiente?,1,2026-05-16 11:20:43
75dd7d52-fed2-48f1-bb73-f927c170e360,Blanca Isaias,no me dio mi saldo,1,2026-05-16 10:52:51
dc9f82db-efcc-47af-9eb8-af949e677e0d,Jovana,todavía no tengo la nueva actualización 😔,1,2026-05-16 10:52:21
0da587de-5691-4401-8a4d-d2f3d91fa619,Olga lidia Macias,No se actualiza pesimo servicio,1,2026-05-16 10:40:40
ede1da52-8560-41e5-baf5-bb105234d45b,Nereyda Medrano,no se actualiza,1,2026-05-16 10:21:29
b0d24a89-13cf-435c-8551-5af901ce2028,eloisa reyes,"la verdad de la App es lo mismo en la información no ha cambiado en nada, te muestran ""las nuevas funciones"" y es mentira ya que solo puedes ver tu saldo y de ahí no pasa... se necesita en verdad una buena banca digital No se cuales son los bombos y platillos de la actualizacion",1,2026-05-16 10:07:11
6289094c-b182-4358-82c5-f80f6f2568e6,VICTOR GUERRERO VALLEJO,imposible acceder,1,2026-05-16 09:52:42
51a030c7-ce52-4cc4-a626-f4dfcb1bd685,Andrea Rebeca Ramos Ortega,"No me deja acceder a mi aplicación, dice que la fecha de nacimiento no es",1,2026-05-16 09:37:35
059e6ca3-9e1e-40c7-be64-0e3c998b9d1d,Luis Santini,no se puede poner fecha nacimiento,1,2026-05-16 09:33:17
742169dd-482b-4693-85dc-5f226348a1fc,Polo Santiago,No puedo hacer transferencias,1,2026-05-16 09:32:29
9cae8079-04d6-4810-b149-0061450142d1,JG León Viejo,"Uso fatigoso: bajísimo limite de transferencia y faltan funcionalidades, como registro de beneficiarios o pin para no tener que escribir dos veces una clave de seguridad alta (diez caracteres que incluyan mayúsculas, minúsculas, numerales y especiales) para cada envío.",1,2026-05-16 09:29:39
750e2363-d695-466c-907d-16598c56b3a3,MIGUEL DAVALOS U,Falso la instalación. No hay opción de retiros.,1,2026-05-16 09:21:47
5e8adee4-2c9e-4447-b541-e2352693761b,Fátima Luna,pésima aplicación ni siquiera puedo entrar por una o por otra cosa siempre me niega el acceso aunque este todo correcto,1,2026-05-16 09:07:14
3a2ada8f-5a58-4545-bb0f-4914e5ce72d9,aida lili cruz hernandez,muy mal. me dice saldo insuficiente al querer transferir y error. pésimo servicio,1,2026-05-16 09:05:53
d3be0c37-c636-4414-a7bd-bc3a265d86e1,Alberto Galvan,"desde la actualización de la app no se puede editar la fecha de nacimiento,mi papá es del 29 y con el nuevo formato tarda mucho en llegar a su fecha,la aplicación se va a inicio antes de llegar",1,2026-05-16 08:23:48
2e0b8ad8-3aa9-4106-b74c-76a8ced95235,Nathan Prado,La app falla mucho,1,2026-05-16 08:15:56
db7a4033-5e0f-43bc-b24a-165a77c9db6a,Teresa Contreras,A mí no me permite acceder me dice que la fecha de nacimiento es incorrecta,1,2026-05-16 08:15:23
9958bbbc-7010-4cfa-a9a9-4e1844c70a7b,Malu Mendez,"No puedo entrar, no se puede poner la fecha de nacimiento, llevo días tratando.",1,2026-05-16 07:19:31
0e0a4df5-0f11-40e0-9968-b10c8026994b,Ivonne López Bonilla,pésima no deja hacer transferencia siempre hay un error,1,2026-05-16 07:12:01
1af816a5-1f71-422d-bb9b-ccaa2a4cb032,Nora Robles,"Una porquería la última actualización, esta pidiendo el registro de la tarjeta y no se complementa el proceso porque no sirve la verificación por SMS",1,2026-05-16 05:34:22
193710f8-56db-4457-89e2-b3af623c26ac,Gabriel Vázquez,No transferencias,1,2026-05-16 02:26:28
c4b2159a-9832-4660-a9d5-2733f5c54fd6,cesar,tiene muchas fallas y no se puede hacer el registro correcto en la nueva app prefiero la versión anterior,1,2026-05-16 02:13:02
6eda570b-a1e2-45aa-b38b-4c55f0b2e295,Yoselin Espino,estoy batallando mucho para entrar en la aplicación es muy molesto podrían solucionar este problema porfavor 😢😔,1,2026-05-16 00:30:40
67b045d3-e9f6-489d-ae97-845fc9c5bf94,Colorado,si van hacer las cosas hagan la bien que bueno ya puedes transferir pero no friguen solo 1500 se puede transferir no manches eso no saca d apuros,1,2026-05-15 22:31:44
41187688-95b0-4d93-87e3-1c7a0bc962a3,Emiliano Lopez Munoz,"la app es una basura por completo, por qué se traba al iniciar o hay veces que no te deja ingresar a tu cuenta y solo te manda error.",1,2026-05-15 21:33:14
74dd0af6-6ef2-4736-ab76-509c8f9ce49b,admt T,"Cambie mi número de celular y no me deja quitar el anterior, ni siquiera me da la opción de cambiarlo, además de que no me dejaron cambiar esa información cuando me obligaron a registrar el anterior.",1,2026-05-15 20:31:23
6e61f851-8041-442d-b37f-a39e0259605b,Teo Perez,no sirve la aplicación nosé puede activar..la contraseña.,1,2026-05-15 20:23:28
9dd8857d-6a75-419f-80dc-bdb0f22e2e7f,Irene Grijalva,en la fecha de nacimiento no tiene cero cómo está no entiendo.,1,2026-05-15 19:51:17
034ae16e-b2c1-4511-951d-ef0460a1901a,Betzy ayala,No puedo abrir la app porque no me llega mi código de verificación,1,2026-05-15 19:35:23
2d2b747c-fc42-4470-8277-e512d0f407ed,Luna Córdoba,la actualización nueva está muy fea pide número de teléfono para mandar el código de verificación y no llega nada aún que le intente más veces no puedo acceder a la información de mi tarjeta,1,2026-05-15 19:16:26
34995081-f949-4c60-91d4-63d716b3b297,Adriana X,"no me deja entrar, no puedo poner mi fecha de nacimiento debo de recorrer 63 años y me saca mucho antes",1,2026-05-15 18:58:39
617fc727-5924-4a8d-a278-560c28c80f9d,M H,"NO SIRVE, ES UN TORMENTO PARA DISPONER DE TU DINERO YA QUE ES RARO CUANDO LA TARJETA FUNCIONA, NO PUEDES HACER PAGOS LA TARJETA ES RECHAZADA EN TODAS PARTES Y NO EXISTE NINGUNA ACTUALIZACION PARA TENER LA OPCION DE TRANSFERIR, OJALA Y CORRAN AL RESPONSABLE Y PONGAN A OTRA PERSONA QUE NO SABOTEE AL BANCO DEL BIENESTAR",1,2026-05-15 18:30:48
69076c40-c50a-4238-92c0-88ab43fc147b,Maria Juarez,"no me es posible actualizar la aplicación, nací en 1929 y al buscar fecha de nacimiento no logro llegar a ese año. creo que deberían facilitar la opción de teclear la fecha de forma manual",1,2026-05-15 18:21:26
b50b736d-c231-4fff-80a9-ed65d6777f5e,Beatriz Hernandez,no puedo accesar a la app. Me dice que hay un error.,1,2026-05-15 18:17:08
cf6cf16b-858b-462c-98e0-1eeafa6eb63a,Andrea Maxil,"Pésima actualización, a pesar que solo deja ver el saldo era una app sencilla, que funcionaba, pero ahora no se puede ni entrar. Al momento de activar el número celular no manda el SMS para auténticar el número. Al momento de poner la fecha de nacimiento hay que retroceder mes a mes hasta la fecha de nacimiento, es retroceder mínimo 65 años mes a mes! a qué clase de programador se le ocurre hacer eso!? En fin, estaba ""bien"" ahora ni siquiera sirve.",1,2026-05-15 17:11:57
b0933048-378d-466d-9c5b-424df01bdbbb,Said Hernández,acabo de poner mi huella y ahora no me deja entrar!! ni deja poner contraseña!!,1,2026-05-15 16:40:53
1ce0ecdf-d6e1-4360-8a47-afa529157947,DORIS GARCIA,no me deja entrar con esta nueva actualización,1,2026-05-15 16:30:59
688f34ab-3442-4de7-9035-4f918037c4c3,Un usuario de Google,me pide registrar nuevamente y marca error x50,1,2026-05-15 16:24:24
040cc5a4-f56f-4d84-985d-f431f62dc3a3,Guadalupe,"pésima aplicación no sirve la versión nueva tienes que tener el teléfono de la persona para poder acceder que le tienen que enviar un código sim para pasar la esa etapa,es mejor ir al cajero automático",1,2026-05-15 16:01:37
36d4159c-eaba-4ca1-8a7a-57a18051c9ca,Fede VJ,"No sirve, no se puede ingresar con huella y tampoco deja poner contraseña. Al registrar el año de nacimiento es lo más rústico que existe, no es práctica. Nada le funciona.",1,2026-05-15 15:53:01
818beef5-798e-4568-82ad-151148739bae,Kaponka X,Ya no me permite el acceso me pide permiso de ubicación el cual ya tiene,1,2026-05-15 15:50:49
a914c370-67fe-46e8-acb9-d651d7a18682,Noe Hernandez Betances,"tenía la app y me funcionaba, hace unos días ya no me aparecio y no la he podido volver s instalar",1,2026-05-15 15:15:05
3e7f63ac-55d2-4d52-a6ac-046ac9abfb9d,heny adriana rodriguez,no puedo entrar no me envia el código de seguridad para entrar a la aplicación,1,2026-05-15 15:12:14
27c42b61-efc5-4dd2-ae7a-31e25f1487f7,Gabote Mtz,no hace transferencias,1,2026-05-15 14:47:27
b650ea74-40fc-4d52-944f-d3a957608390,diangy cehz,"ATIENDAN RÁPIDO LA AUTENTIFICACIÓN DE DATOS 😡 ya van varias veces que intento acceder y me pide siempre el nombre tarjeta y nip, pongo mis datos correctos y dice que no son correctos, ya hasta me bloqueó el acceso 😠 no es la primera vez que eso sucede.",1,2026-05-15 14:45:39
cb1eccd9-6ae7-4d58-a640-9fbf62be6cc0,Mauricio Moreno,no se puede acceder si no sabe uno,1,2026-05-15 14:30:53
05f1c756-0d03-454d-b3ef-04872a30290c,Flor Mier,"no es la última versión, no permite transferencias",1,2026-05-15 13:59:11
ef5b95f9-86fa-477e-9140-f9241e8bdfb7,Gaby Picasso,no me sale la version para transferir,1,2026-05-15 13:45:57
8e5e2a2d-8970-44e6-bbeb-db22f5baf489,Luis Alfonso Mata Martínez,no funciona falla demasiado con la nueva actualización a ves no puedes entrar te marca error de que sirve tenerla si funciona bien,1,2026-05-15 13:42:02
376aacb6-26a1-40ff-a691-de2b3066ec1c,Inocencia Rodriguez,Hola buenas tardes yo descargue la aplicación pero no agarra la huella digital para abrir la aplicación alguien me puede ayudar 🙏,1,2026-05-15 12:56:27
3b44fa23-7680-4317-acde-1536e57d491b,Ing. Javier Ayala,se actualizo y nunca llega el sms de verificación y es el mismo número telefónico que registre .,1,2026-05-15 12:40:03
c8f9543a-4302-4535-ade4-3a7eb9a275a4,Luz maria Betancourt,no me da la opción de hacer transferencia y ahi al momento de hacer la descarga indica que ta se puede,1,2026-05-15 12:29:44
a2f1aa24-ee25-4a3b-a54e-5507768ae9b8,JESUS ESTEVEZ,no manda el codigo de verificacio al celular registrado,1,2026-05-15 12:09:19
779927ea-e3a5-431f-9c89-73f358a12a0a,Gerardo Marcial morga,no quiere abrir no termine la ubicación GPS y ninguna actividad desde hoy en la mañana apareció así como solucionó el problema,1,2026-05-15 12:07:15
9d1d0183-5334-495d-92cf-f838d63e5fea,GUSTAVO SAAVEDRA LOPEZ,no tienen porque pedir tu número de NiP,1,2026-05-15 11:36:33
2966e20b-5741-480e-aec4-aad87d0548b5,adriana morones,"Desde que lo actualize no me deja entrar ala app, dice que me están enviando un código a mi celular por mensaje de texto y jamás llega... No puedo entrar a la aplicación.. Al final me sale un mensaje lo sentimos tuvimos un problema técnico al enviar el mensaje de texto inténtelo más tarde y sigue igual.",1,2026-05-15 11:27:43
4e865f80-a395-4857-a59b-76d8b3ea59dc,FJ,"La app no está diseñada bajo un buen criterio de análisis; para activarla, al tratar de meter la fecha de nacimiento, pueden digitarse fácilmente el día y el mes, pero la ventana que aparece para ""seleccionar"" el año es inoperante para un usuario como yo, nacido en 1947, tengo que pulsar 948 veces para regresar y elegir mi año de nacimiento, pudiendo digitar solamente 4 dígitos; no obstante, antes de alcanzar la fecha se corta el acceso. Les hacen falta estudios.",1,2026-05-15 11:25:26
ecd80362-a7fb-4e21-a9ae-7d7fa8ac4f61,Yaneth Martinez,por q no agarra mis datos,1,2026-05-15 10:59:52
87a668cd-ea5b-40f6-bc51-84661df5abd7,Silvia Hernández,"no puedo entrar, dice que mi fecha de nacimiento no corresponde.",1,2026-05-15 10:51:51
321ea5d7-46f1-40fe-8780-7811d91beeaf,Alexa Barrera,no me gusta,1,2026-05-15 10:47:13
20992924-eab6-4ff7-97e3-50afabde9c3c,María Refugio López,NO SIRVE TE PIDE TU NIP Y NO PUEDES INGRESAR TU FECHA DE NACIMIENTO,1,2026-05-15 10:24:02
64d34b11-f922-46ba-a38c-401a2bd4a9d6,Fernando Jimenez,"No se a que genio se le ocurrió hacer una actualización de la app que incluye el número de tarjeta y nip que ya tenía, pero eso no es lo más grave, porque para poner tu fecha de nacimiento es por calendario!!!! en lugar de dd/mm/aa debiendo pulsar 780 veces para encontrar mi fecha de nacimiento que es de 1959, y cuando voy en en los años 70s se cierra, para ser una app tan sencilla y cometer un error tan garrafal de programación me hace pensar que hacen las cosas con las patas.",1,2026-05-15 10:18:38
7ffbc56f-8b8d-4751-a08e-9a3bde97d602,jorge zúñiga,"Pinche app no sirve , no puede uno poner el año 1942 te saca...vake madre!! Impotencia.",1,2026-05-15 09:45:23
904b6d9b-9bae-4a34-aaf3-4f32e73fb764,Guadalupe Fernandez,me saca de la aplicación y no me deja consultar saldó muy mala,1,2026-05-15 09:44:37
44faa85d-63c7-4d66-8168-65f954d3f7cc,Esteban Loaiza,es imposible anotar fecha de nacimiento ese formato no permite,1,2026-05-15 09:20:30
9f95569b-2e37-481a-b2b2-4d4be621be17,Catalina Beatriz Mendez Martinez,Excelente.me enoncantó.no me deja entrar y mi fecha de nacimiento tampoco,1,2026-05-15 09:06:03
77d732f0-dcad-4fc4-b3ca-e34408930566,Vania Cra,no me sale la nueva actualización y eso que tengo la app actualizada,1,2026-05-15 08:33:48
7d60f346-e078-45ee-abca-362db7ca087e,maria rasgado,aún no se puede actualizar para poder hacer transferencia cuánto tiempo tarda para esta actualización,1,2026-05-15 08:22:01
b3832602-adf6-4a0e-b3e4-fa67a876f3ec,Guadalupe Garcia,"la app no sirve para hacer transferencias, ni puedo retirar dinero en cajeros de otros bancos y es muy molesto tener que ir a la sucursal porque las filas son de hasta dos horas y los empleados son muy groseros.",1,2026-05-15 08:19:12
38303b44-3d58-4e9b-b609-27a086a8ae5a,Kala 0,no me ah llegado mi beca 💔,1,2026-05-15 08:04:11
49bd275b-728d-4e54-b4b2-b26825c69831,Jimena Murillo,"pésimo , según ya se actualizo Pero ni se puede ver movimientos , ni realizar las transferencias, marca puro error",1,2026-05-15 07:04:04
0b1bfac2-8df4-4c02-9a03-37555711a1e2,Andrés Ríos Muro,"Se actualizo al aplicacion y ya no puedo ingresar, al momento de ingresar los datos del titular, no me reconoce la fecha de nacimiento, siendo que ya usaba la aplicacion para consulta de saldo, al fallar tres intentos, me bloquea temporalmente hasta el dia siguiente",1,2026-05-15 06:00:54
d559555b-9a55-473a-8b55-db7c752e16a6,Naomy Torres,"cerro seción de mi tarjeta del banco del bienestar de la prepa osea porque se cerró seción,aparte de que nunca me llegó mi deposito que me tocaba",1,2026-05-15 01:05:22
e39c6103-f161-4f93-afae-9bdd088c4fa1,Dalia Chable,ya no me abre la aplicación,1,2026-05-15 00:25:32
e963146c-9e15-4828-b76f-5d6b084e13a3,Celina Becerra,"antes de la actualización ya tenia problemas ahora con ma actualización esta peor, si se pueden hacer transferencias peeeeeeroo tardan un buen para poder hacerla, siempre hay algún problema, algún error y o no me deja entrar o no me aparece saldo o algo del sistema siempre, según es para llevar mejor tus finanzas pero me ha estado dando bastantes problemas hasta ahora, ojalá lo resuelvan pronto",1,2026-05-15 00:21:33
5617c51d-8e44-4186-904b-a0ee404058f7,Claudia Lizet Rodríguez Turrubiates,"la acabo de actualizar y no funciona , no me deja entrar 😞😣 dice que error con mis datos, se queda cuando manda el mensaje a mi celular y dice error 😞",1,2026-05-14 23:42:06
1f9fbdfd-51ce-4ca5-896f-234ae1c19a3b,Flor Jimenez,esta horrible!!..,1,2026-05-14 23:37:00
45e76fa8-9c39-44ad-9a75-84057a3e8d0d,Leebi Balrras,cada que la quiero abrir simplemente me dice que hay un error y abre cuándo se le da la gana.... Mala muy mala App,1,2026-05-14 23:35:17
2e763ab3-d1f7-4fab-80e9-074748863a09,Valery C.,"Arreglen esto, no sale de la pantalla de inicio, se queda en bucle con el logo apareciendo una y otra vez.",1,2026-05-14 23:17:51
9b5ea96a-b3cd-432f-969e-f6a31209decb,Mecatlán Hgo- Phoenix,"Pésimo jejeje, malísimo",1,2026-05-14 22:44:20
e6d05cc2-f400-431e-a39a-0648f8da966a,Diana Serna Aguilar,no puedo abrir las cuentas de mis familiares con esta actualización 🤦,1,2026-05-14 22:24:19
2fad1ee3-ee8d-4fe3-afe3-3c86fb45c926,Mauricio Valdez,no se puede hace transferencias y acáda rato se cierra,1,2026-05-14 21:54:42
ac25745e-cbd9-4795-a7cc-1ad4b4eba853,Gela Casso,no puedo ingresar a los datos que se me solicita en mi fecha de nacimiento,1,2026-05-14 21:37:07
a5a97d67-63d9-4729-8a92-a091f4aa1de6,Leovigildo Garcia,el día de hoy por la mañana hice una transferencia y hasta este momento no se ha reflejado,1,2026-05-14 21:21:30
936266f5-7fbe-44f7-818b-275faa90bb21,Roberto Pintor,ahun no se me actualice,1,2026-05-14 21:21:27
0eef8203-71c0-4a2e-8b8e-f0ec93479cf3,LSM Lily Medina,La aplicación no tiene opción de realizar transferencias...y en el banco NO te permite hacer depósitos. Serviría de mucho el autorizar transferir porque se evitaría las enormes filas cada mes de abuelitos y PcD que necesitan ir al cajero o al banco a retirar su pago.,1,2026-05-14 21:19:33
dd137aa6-b471-4a3e-a327-38223d73aee5,jorge hernandez,"para instalar la aplicación no puedo anotar la fecha de mi nacimiento, sale un calendario con la fecha de hoy y no me deja escribir",1,2026-05-14 21:01:04
ef49402f-ce5c-4247-b9d2-636f168cb74c,liz Perez,"me comentaron que ya se pueden hacer transferencia.. pero en mi versión no me deje ,, ya la desinstale y la volví a instalar pero no se veo que se actualize alguien sabe cómo hacerle ??",1,2026-05-14 20:59:18
96bd4ba9-2c88-47a5-ab83-e4295b57699f,Juana Hernández,Es mentira que se actualizo y se pueden hacer transferencias y todas las funciones de un banco.,1,2026-05-14 20:51:26
0955dfaf-9790-478e-8a63-d629928e2eff,Benito Martinez,no funciona,1,2026-05-14 20:24:51
368f07b2-c067-45aa-a33c-7ce587d8fdf0,Luis Samuel Hernández Gómez,me sale error cada que quiero ingresar mis datos,1,2026-05-14 20:12:42
61b4034e-c773-44ba-80e0-48de359211e0,Susan Sure,se actualizo y no puedo ingresar que mi fecha de nacimiento no corresponde y se bloqueó temporalmente y ahora no se que hacer o a dónde ir,1,2026-05-14 20:10:30
f297eaad-c95d-45d7-867d-300a347d97d9,Teresa Chiquini,"No deja ingresar con esta última actualización marca error ""la fecha de nacimiento ingresada no corresponde con la fecha de nacimiento del cliente (005)""",1,2026-05-14 19:59:36
c23c5f8f-5f6f-4b9b-8bd9-0eb765b69c59,Carlos Mendoza,no se puede consultar saldo,1,2026-05-14 19:53:05
1fae9988-d4df-4838-90a9-4bbb11c24db0,Arturo Bermúdez Herrera,"la nueva actualización no deja entrar el código para abrir la aplicación, tienes que estar llamando para saber tu saldo o depósitos",1,2026-05-14 19:46:35
4e93bc51-af7d-4e21-92c1-f812782c5c86,Sara Alva,"dice que mi fecha de nacimiento no es, entonces?",1,2026-05-14 19:41:37
9759850c-e08c-4171-8bc2-c4919006b039,Heroshima Hamada,en la última actualización borro mis datos y por más que ingreso tal cuan está en mis papeles me dice que mi fecha de nacimiento no coincide con el titular de la tarjeta,1,2026-05-14 19:34:58
b3bbbf72-7045-4b89-abd7-8af6d3ddc955,erendira cacho rosales,no regalan dinero 😢😢😢😖😖😰,1,2026-05-14 19:23:27
67165e31-1dee-4d4b-9490-3c06c868d7df,David Espinosa,está mucho la apk anterior yo en esa apk ayudaba Ami papá mi mamá y mi abuelita no se vale ni mu abue ni mi papá tienen celular y nunca les gustó deberían de quitar está actualización pobrecitos de mis viejos ya no les puedo ayudar quitenla,1,2026-05-14 18:29:59
75b157f1-0645-4678-8cc8-e7b32790a015,Clara Moreno Lopez,no me deja actualizar la aplicación para poder hacer transferencias,1,2026-05-14 18:27:50
481594e1-9fa4-444b-bd54-3b1f084811c1,Martha Rivera,Le doy una estrella porque no abre la aplicación,1,2026-05-14 18:15:36
a48d9ceb-15e1-4c25-a8dc-e8d032e08c6d,Gilberto Contreras,No abre en Android 10,1,2026-05-14 17:36:07
fb8ec789-d6ce-4421-b40f-99f5fe69a848,Miguel Angel Monreal Rocha,puras habladurías para transferir a otros bancos,1,2026-05-14 17:35:15
64127b31-9a97-4614-b1e4-4548ad33b92d,Patricio Perez ruiz,"se actualizo y ahora ya no puedo entrar, me pidió todos mis datos y alo último ya no pude entrar, me aparece error de autenticacion 201",1,2026-05-14 17:31:04
59aeec67-0f0c-4622-940d-6b93bb8663b0,russ mexican,me da error al enviar el mensaje a mi número ¿alguna solución?,1,2026-05-14 17:17:06
65bb03b1-0d93-43bf-bbcd-9adbeb6e89a7,Master Cruz,a mí no me da la opción de actualizar la app alguien sabe x k????,1,2026-05-14 17:06:32
03f30fd6-9681-4bc4-90bf-90982007c101,Jose Jesus Rojo,la última actualización no me deja ingresar me dice q va a enviar un SMS para ingresar y ese SMS no llega chequen ese detalle,1,2026-05-14 16:49:10
744da03a-8f4b-4962-9b5e-19b6eff56522,Maria Gricelda Pardo Ramírez,"la actualización no me permite ingresar, me dice que no es mi fecha de nacimiento, soy de 1961 y me dice que no es correcto, llevo 2 años con la tarjeta y la aplicación y apenas ayer me metí a checar si ya me había llegado el depósito y no me permite entrar, el porque no lose, me dice que no es correcta la fecha con el usuario, es mi Teléfono, la tenía bien hacia unos días antes de que se actualizará que sucede?",1,2026-05-14 16:47:05
75eb4132-2313-4e07-84a6-57a1aa092d75,Alfredo Barcenas,"No instaló la última versión 7.16.0.52217, instaló la 3.2 que solo sirve para checar el saldo básicamente. 14/05/2026",1,2026-05-14 16:45:48
9219355b-e48b-457e-84ca-4686f2757144,Jorge Salinas,A mí aún no se me actualiza ☹️,1,2026-05-14 16:27:39
b3146791-5269-421d-895c-5f119a86f4af,Marco Tehuitzil,"la nueva actualización me saco, vuelvo a meter los datos de mi mamá BIEN y me dice que están mal AYUDA!!",1,2026-05-14 16:25:38
4109af5f-a89e-4324-b450-70ecde93b6d3,Yahaira Camarena,la mía no se ha actualizado,1,2026-05-14 16:22:45
430f9830-9370-499d-8ccf-712f05b88dc9,Guadalupe Puerto,"pésimo, aunque ponga mis datos correctos, dice que hubo algo mal, acceso bloqueado después de tantos intentos, error de autenticación, contáctanos, y al llamar dice que la llamada no puede ser procesada, es un asco. Ojalá pronto den solución.",1,2026-05-14 16:08:26
43813e73-28b7-47c5-a0c0-f0239695e83c,Patricia Marmolejo Velazquez,por qué en.la de mi papá no aparece así que tengo que hacer,1,2026-05-14 16:07:25
142aa639-58a3-44ca-b53a-c950104cef5a,Daniel Corral,no me da la opción de la fecha de nacimiento,1,2026-05-14 15:34:55
cdcaf2a9-e2a0-4c7d-b44d-f33306f58407,MahiSergio,q frgaos hicieron .. nací n 1959 y es un pd ingresar fecha... si hay gente p.,1,2026-05-14 15:00:03
2a06bafe-b5ab-4e17-8d0d-7bbc9f34fc42,Manuel Palacios,La actualización es malísima.,1,2026-05-14 14:45:06
d06698a2-6904-4225-9990-3867937ab0e1,Rafael Posada Carrera,"si dieran medallas a los más inútiles, éstos se llevan todas, no sirve la app",1,2026-05-14 14:31:19
a1bd86ab-6d2d-4007-8b72-f05fe49f2ae5,MUJER EN PAUSA,la actualice por la opción de tranferencias y ahora no siquiera puedo entrar a la app nunca carga dice inicializando y marca error,1,2026-05-14 14:25:48
7e3d54ae-6799-4c3c-839f-2bc99a71ee2a,Lucero Aguilar,pecima app no puedo entrar a la aplicación me dice datos no correcto está muy mal no la recomiendo al principio todo bien y después hay problemas,1,2026-05-14 14:02:40
50dc8bfd-47fd-417b-8249-29184384c0fa,Jose Guillermo Rodriguez R.,No la puedo actualizar para hacer transferencias y otros movimientos.,1,2026-05-14 13:47:35
b7baf764-6474-4762-9fa0-14923f98d4b1,Lupitha Yañez,"Ayer lo actualice y hoy hize una transferencia de hecho 2 para probar y desde las 11 am no más no llegan las transferencias a las cuentas, que paso con el dinero enviado.",1,2026-05-14 13:40:52
22f5fea1-393b-44dc-a96c-1bdc53e9e9ae,gabriel campos,mi aplicación no se actualiza ya la borré y volví a instalar y sigue igual ningún cambio,1,2026-05-14 13:40:16
0ae46bdd-3eaf-48d5-bf9a-94a35063f216,Mauricio Cruz,no me deja acceder a mi cuenta,1,2026-05-14 13:35:30
e65d9342-a155-4551-8b0a-bf5477527f55,alejandra guadalupe de la cruz perez,no funciona la aplicacion,1,2026-05-14 13:21:38
1e8dd363-95a2-4777-89c5-db51b8bcf4c1,Rocio Minganti,"La nueva actualización me arroja error al poner mi fecha CORRECTA de nacimiento (se registró con CURP y Acta de Nacimiento). Al tercer intento, me la bloqueó. Espero lo arreglen rápido 😞 ... parecen nuevos 😱",1,2026-05-14 13:11:25
45dabc77-1214-4a96-ae90-0899a0972f5c,Cecilia Ibarra,"pésima esta nueva versión. para ingresar la fecha de nacimiento de inicia en el mes actual, mayo de 2026, para llegar a abril de 1955 tengo que recorrer cerca de 90 meses!!!! he intentado 2 veces y no he logrado llegar!!!!",1,2026-05-14 13:02:58
5d6c1dcf-c4b8-4d2f-ab32-2043fe072d47,Yulyet De la cruz aparicio,no me deja entrar a la app,1,2026-05-14 12:55:58
dfe61e26-daa9-4cd3-b10f-328c0c8c3662,Mily,no sirve. no se ve la app con el menú de las imágenes,1,2026-05-14 12:54:02
6ad9fe73-d325-4f0a-9d24-7b11ee9e10aa,Tito,no se puede ingresar,1,2026-05-14 12:23:42
b9a78af1-60fa-4920-9676-e6d15993543c,Ana Alarcón,"Llevo días intentando entrar pero al quererte verificar mi número no me llega ningún mensaje, que puedo hacer ?",1,2026-05-14 12:22:37
58681b98-218b-4743-ba41-f4bed7bf08c0,Ernesto Díaz,"La actualización pésima, no manda el código en mensaje ya mas de una semana intentando y nada ,horrible app",1,2026-05-14 12:22:32
b5993398-208f-4585-876b-0c3ef601235a,Lucina Larios,no le funciona,1,2026-05-14 12:16:36
cf026551-ce23-43bf-b1e8-331d3262ec50,julio olmedo,muy mal la actualización el calendario para poner la fecha de nacimiento muy complicado son personas de la tercera edad nacidas hace mucho tiempo y el calendario no es nada agradable,1,2026-05-14 12:13:34
3dafa6ef-315c-41e3-8d0a-7f41a7a8f6f1,Aida Lemus Quintana,no me acepta mi fecha de nacimiento 😔,1,2026-05-14 12:05:21
ea7377f9-9dfa-40c0-843c-2204f5579ab0,Mayra Anayeli Flores Leyva,"muy mal ahora que se actualizo la aplicación,ingreso mis datos y me arroja error que mi tarjeta está bloqueada,cuando en la aplicación antigua yo tenía mis datos y todo estaba bien",1,2026-05-14 12:01:48
3ee85766-e303-43f4-98a6-04d546eeadc3,david laredo,hola todavía no me llega la actualización 14/05/26,1,2026-05-14 12:00:41
3c9e0073-9863-4832-b0ab-dbb164c117e8,Robert Garcia,Con la nueva actualización apesar de introducir los datos correctos detecta que están equivocados ahora está bloqueada la app y tengo días tratando de desbloquear y nada e intentado hablar por teléfono y nunca contestan 30 min en llamada y según todos ocupados ninguna solución que sea más fácil El dia que se supone depositan siempre deja de funcionar por lo menos deberia haber una forma de ver el saldo en la pagina oficial ya que la aplicacion es solo para ver el saldo,1,2026-05-14 11:55:33
11e84a0a-54bc-47c6-9157-d70a001f784c,Nicolás Méndez,"ahora no deja pasar de la fecha de nacimiento, es horrible",1,2026-05-14 11:40:45
0e61ba1d-075d-45a6-824f-82cef26518d3,E. xagaat garcía,"Es la gran estupidez, para ingresar la fecha de nacimiento hay que deslizar, mes por mes, desde mayo 2026 para llegar a 1950.",1,2026-05-14 11:33:36
dad82c0e-6029-4314-aca4-2311623ecc12,Antonio Manriquez,no funciona borre la app que tenia instalada e instale la que me da la pagina de apps y me deja la misma no es la que aparece en la playstore,1,2026-05-14 11:29:56
9a006eca-2264-4204-a0ed-7ecf6b459a41,Elizabeth,"con esta nueva actualización al tener que dar de alta de nuevo pongo los datos tal cual los pide y me sigue marcando error, ya intente todo y no puedo abrirla",1,2026-05-14 11:26:24
574f6c50-7d7d-4a5a-8f3a-8dbff5afad8d,Gabriel E. Martinez O.,"quiero inscribir mi fecha de nacimiento 1957 y me saca , ya lo intente más de diez veces y ocurre lo mismo al llegar a 1980 podrían corregir éste paso gracias.",1,2026-05-14 11:17:56
2820324a-1f2c-492c-87ae-5dc0434aff69,Isaac francisco Ibarra,A mi todavía no se me actualizo,1,2026-05-14 11:12:26
eec6b0c8-8b68-4745-8f97-7ad02c1dc5d1,Elizabeth López,"Actualizada si,te permite hacer transferencias pero solo $1500 diarios,para dar de alta tus datos teléfono pide código no llegan, para iniciar sesión te pide permiso de ubicación aunque la tengas te sigue marcando error,no puedes acceder de nada sirve actualizar una aplicación si no es funcionable y para las personas de la tercera edad está complicado,muchas de las funciones no saben.",1,2026-05-14 11:00:28
4c9992b8-c6a8-40f3-ba6c-fdced18d70de,Angelica Acosta,"Se actualizó la app y ahora no me deja entrar, marca un error de autenticación, validar el proceso de autenticación 201, y ahora que hago si ya no puedo ni ver el saldo, ayuda por favor",1,2026-05-14 10:54:07
9c8ac611-5bef-4248-b57e-8cef068fb62c,loverprincesa1 C,a mí no me ha salido la nueva actualización así que mmm tampoco me ha salido para actualizar,1,2026-05-14 10:53:56
1c6e7a36-9076-4256-9dec-93d8f1503acf,felipe diaz guzman,"se actualizo y ahora no me deja consultar mi saldo, ingreso los datos de la tarjeta y el nip pero dice que no son correctos, es lo mismo cada actualización.",1,2026-05-14 10:49:21
604fe380-858d-4eb1-9abe-1e406bdb1aba,Elsa Carmina Gonzalez Apodaca,"está aplicación, dificulta su acceso, porque pide la fecha de nacimiento y es muy largo el proceso para ponerla, más cuando son de años más atrás",1,2026-05-14 10:33:36
4c51dcbd-979b-4001-bec7-d1071ce6750b,Suvey García Pérez,no puedo actualizar,1,2026-05-14 10:31:23
bea2cb92-e5f1-4656-90e5-6232ff2ff9f1,Oscar Lavalle,le.doy una.extrella esa.actualisacion tiene falla no me deja registrar mi cuenta envía error en todo,1,2026-05-14 10:23:29
2252766b-55bf-41d0-ba15-c8a476432ce8,Jesús Alberto Cruz Hernández,"No me deja ingresar me sale un error al ingresar a la app, solo se queda en inicializando y después marac error",1,2026-05-14 09:59:46
f0b286bd-3bc9-4bf3-ba8e-bfc8b09fee0e,Olga Cardenas,es mala no permite tener dos cuentas en un mismo celular,1,2026-05-14 09:57:18
4bd2a870-7975-4dc1-8b65-e087372cdba2,Candy Martinez carrillo,no sé puede abrir mi cuenta,1,2026-05-14 09:51:31
6d365509-10f8-46f2-85e7-e54483dddc03,Juan Manuel Escobedo Cruz,Por qué no puedo actualizar mi app?,1,2026-05-14 09:34:55
a275c98d-c7f2-4dfb-9c52-09700c4e9c33,Raquel Jaime Mtz.,"Noe permite entrar a ver la información. Aunque mi ubicación está activa, me indica que no.",1,2026-05-14 09:29:32
8f207b8f-c670-4fa5-a8a2-a18481fda21d,jorge lopez sainz,déficit,1,2026-05-14 09:24:37
fea8b861-c816-4f4f-8fec-c9bf57cd8125,A M,Ya se actualizo la app pero no me deja hacer transferencia marca error 🙄🫪,1,2026-05-14 09:19:19
8354d177-52c5-415d-aae8-1e3b3ec9cd01,Sheila Escamilla,"No es cierto, no deja transferir",1,2026-05-14 09:18:20
ef2aeefd-dcfd-4074-8bbf-6a59e9c984a9,Javier Torres,Una pesadilla de aplicación. Errores frecuentes en cada actualización. Ahora pide ubicación obligada pero no abre 👎,1,2026-05-14 09:11:42
59c48785-d330-4ffd-a7a2-1419f8ca4205,Veronica Alvarado,pésima la actualización de la app no me permite entrar apesar de ingresar los datos correctos nomás no me llega el código de verificación ✅ Amis.mensajes 😡😡😡😡😡😡😡y ahora como vere mi saldo y todo,1,2026-05-14 09:00:19
74bd87d1-ed47-42c1-8cc4-5ec1a3a4e568,ANTHONY ROUDRIGUEZ,"horrible como pones tu fecha de nacimiento si no da, la opción de escribirla y luego solo llega hasta 1949 y ya no deja años atrás como ponemos nuestras fechas de nacimiento entonces?????",1,2026-05-14 08:55:52
ea14eb27-8e46-4110-9fd3-a78775dd5fa0,NegritaViko M,"con la nueva app/actualización, ya no puedo ingresar, pues me pide nuevamente el registro y a la hora de validar el número de teléfono no me llega el mensaje con el codigo para la validación. tengo 3 días intentando y nada",1,2026-05-14 08:52:49
807be7bb-6f89-472c-8772-bc001ed39e31,clemente garcia,"no se cuando fue la última actualización pero ya no me permite entrar, me pide dar permiso de ubicación lo hago y me sale un mensaje de error 004",1,2026-05-14 08:40:10
4b4beddc-2b2e-427c-900b-3257c7c399b3,Jesus Alonso Burciaga Martinez,no sirve para tranferir,1,2026-05-14 08:24:46
f3af5e8d-4865-4c35-acce-c30f31a168ea,Hector Padilla,Se supone que actualizaron la aplicación pero no se puede activar el servicio porque nunca mandan el SMS de confirmación.,1,2026-05-14 08:21:16
eeaac737-ec55-4041-be4d-495eb527fc00,rey mtz,horrible le cerro la sesión a mi mamá y marca error en sus datos que dio,1,2026-05-14 08:20:52
4cf85e08-5db8-4a8a-a856-ba133b563274,Romelia Hernández Guzmán,no es como era antes está no me gusta,1,2026-05-14 08:04:54
f4dcc849-e12b-4f54-93bd-7e096b1c715b,Abraham Martinez,se activo para opcion para transferir pero marca error,1,2026-05-14 07:13:38
d8bca2a5-2688-43ee-bf2f-88911d11100d,Claudia Gonzalez,no sé puede actualizar la aplicación 😞,1,2026-05-14 06:50:22
b4abcd0c-a5d5-4325-ab4c-db271fe75376,Manuel López,no deja hacer transferencias,1,2026-05-14 06:47:08
cdc2847a-71e8-40b0-8cbc-69fac34cb8fe,Hector L,¿A quién fue el idiota que se le ocurrió que de esa manera era más efectivo colocar la fecha de nacimiento? No mamen.,1,2026-05-14 06:36:45
651799b3-19dd-4efb-add1-c2eed2abcc6a,Lol Lol,"no sé pueden hacer transferencias, ni pago codi, ni dimo, como lo anuncian",1,2026-05-14 05:16:40
7e15b69b-821f-48fb-9d8c-3bcc88f7e2c3,Axel Torres,si no fuera por la beca jamás usaría tal app,1,2026-05-14 04:57:47
200a0a99-7091-4c7a-86ab-d3065f7e5a8e,Li Jim,ya descargue la app y no me aparecen esas opciones nuevas que dicen,1,2026-05-14 02:31:49
8eefe4b6-345a-4320-b911-81f0ea934faa,Hector Lopes,con esa nueva actualización no me deja registrar la tarjeta de fecha nacimiento,1,2026-05-14 02:27:21
311486ac-131a-423a-883f-9f96b438930a,Martin Ang,"tengo la última actualización y mi teléfono es reciente, no me aparece todas las herramientas de la tarjeta como la transferencia bancaria, solo me aparece el saldo actual y del mes anterior",1,2026-05-13 23:11:55
a1a5737e-ba9b-4dee-a407-02149a96e8bc,wendy melgar,Cómo hago para que actualice la aplicación??,1,2026-05-13 22:55:08
6dbfe8df-12ce-49f0-be2b-544b2acf819f,Lalo Mejía Díaz,"La app no es para nada accesible con lectores de pantalla. Siendo una aplicación bancaria la accesibilidad debe estar pensada desde el inicio para ser usada por cualquier persona, y más porque en ella se distribuyen programas sociales, pero en esta actualización los elementos no están etiquetados, lo cual afecta a la experiencia de como lee el lector de pantalla talkback las opciones de la interfaz. No se leen los diferentes servicios con los que cuenta el usuario, tales como las transferencias.",1,2026-05-13 22:32:30
16b3b3a8-493d-4890-ac8c-584feeb47595,RUIZVELAZCO RODRIGUEZ MARIA LUISA,horrible,1,2026-05-13 22:26:20
4d645a62-df2f-40d4-ba3d-b1af57f532c9,Guadalupe Guzmán,"Pésima aplicación después de la última actualización no permite validar los datos para entrar a la aplicación, no envía el mensaje de texto.",1,2026-05-13 21:37:58
177fb5ac-22c3-4ccd-9e1e-2c170062fad9,Sergio Martínez Hernández,No funciona ves deficiente el servicio de Internet donde esta lo s datos en el banco dan pena,1,2026-05-13 21:26:32
ca9609c2-9a03-43aa-804e-2809a3eb1c48,Elizabeth Garcia gonzalez,no se actualiza mi aplicación la actualización no es para todos,1,2026-05-13 21:09:39
d7c55b0c-fced-42bc-b534-8ce8ee893656,Alejandro Hernández,"No he podido completar los datos, no avanza, no llega SMS",1,2026-05-13 21:03:54
b47c58cb-e761-444e-9f33-9bab6a3ca5e4,chiva Ortiz,no funciona,1,2026-05-13 20:39:34
651e6b8e-332b-4d97-b83b-71d19f76f75f,Alfredo Samuel De Lira,"no deja entrar, pidio registro de nuevo y dice que mi contraseña es incorrecta, intento corregirla y no me llega el sms",1,2026-05-13 20:36:18
aab1713d-da42-4e07-9800-ef2ee39e41e0,matilde manriquez,muy mala aplicación,1,2026-05-13 20:20:41
9017b727-c625-4f87-aaf2-d22471fea807,Minerva Lopez,No me deja ver mi saldo,1,2026-05-13 20:09:59
3dda01e4-a44c-4deb-a7c4-66732b73e5e3,Lidia Ortiz,instalé el apps y no me deja poner la fecha que puedo hacer,1,2026-05-13 20:00:17
8f9ebb7a-1e5c-4d44-803f-57a1349eb06e,Nita RH,yo no puedo actualizarla aplicación,1,2026-05-13 19:59:12
06f3783a-75c3-4124-b5a6-4f5ab50948ea,María Jiménez,"el fechador para poner los datos de nacimiento es un porquería, nada funcional",1,2026-05-13 19:57:43
96bd238b-d4fe-4682-af68-9d64f696ff01,Pedro Aguilar,no sé actualiza,1,2026-05-13 19:43:48
555dfd58-d89e-4f5d-b3a2-dac2a307a772,PEDRO JIMENEZ BENITEZ,"la aplicación no está actualizada , no aparece que se pueda hacer transferencia esta igual que antes",1,2026-05-13 19:08:01
6f2c607b-18da-4ea4-a9c7-d2f442aa618a,Jorge Garcia,una muy mala aplicación pésima está llena de errores muchos mensajes de error se queda truncada pésima para el manejo de personas de la tercera edad que no pueden ver muy bien las instrucciones mejor dejar la aplicación como estaba,1,2026-05-13 18:51:30
b0bd5cd5-99e8-4163-8c16-18c2dc7af03e,oscar jose munguia,no abre la aplicación actualizada soy de Guadalajara que permiso ubicación y números al final 003,1,2026-05-13 18:46:47
6b44c826-e25d-4256-a118-2ea63cdbb046,Lixbethz Luna,no me ha llegado la actualización cuándo va a llegar para mí,1,2026-05-13 18:44:33
d3c4595c-191c-49e2-9209-283ae7065545,Rosaura Gonzalez Cruz,No se a actulizado mi app y aún no aparece para hacer transferencias,1,2026-05-13 18:18:49
2eb6f064-ffff-4029-9365-58c6483870e0,Emilia Arcos Lagunas,no he podido hacer nada con el calendario,1,2026-05-13 18:11:22
e3d0839d-0f68-426e-88f8-0f5b807961c4,Christian Mqz,malísima app nunca funciona bien,1,2026-05-13 17:55:15
641efc87-2bbd-4ebe-a9b9-e6c6475d0efc,Raul Zanabriga,tengo una semana tratando de introducir mis datos y no me deja finalizar no recibo el código de verificacion sms,1,2026-05-13 17:38:15
3a9add7a-fd07-49a7-bcc0-aea4c9a68f2c,Thelma lorely Jiménez Aguilar,mi app no se actualiza ni nada,1,2026-05-13 17:12:18
1b159331-2f90-4ce3-b477-971ac40984ec,Vianey Aguilar,no sirve se reinicio,1,2026-05-13 16:37:12
b2e1a332-55b4-48d8-b9fb-e37d9d1a624c,Jose Alfredo Lopez Navarrete “AE Comunicacion e Imagen”,Pésima,1,2026-05-13 16:36:06
854c591c-8ae4-4ac9-8006-34a26a5abf3e,Lupita García,la aplicación está muy mal quise entrar a la aplicación con mi huella y me la bloqueo ahora dígame cómo se desbloquea que se debe hacer,1,2026-05-13 15:39:12
1e22a544-0346-4ab1-9a44-825f0247e98b,Memo CF,No puede ser que llevemos esperando 1 año y medio para que le repongan la tarjeta a mi Papá... Para cuando nos llegue seguro tendrá solo 1 año de vigencia.,1,2026-05-13 14:59:51
cb9d770e-cd37-4650-97e6-000406062ec3,zuniii,"no se que sea pero desde que se actualizó no me permite entrar, todo el tiempo me marca error):",1,2026-05-13 14:58:43
8acb2ffe-0b3b-4c3d-8795-212baf6a7733,Gaby PereZ,a mí no me llega la actualización por qué ?🫤,1,2026-05-13 14:56:30
49be76cd-5a24-4ee0-be4c-82ab2a512f81,amra 1974,"No hace tranferencias, no tiene la opción",1,2026-05-13 14:50:19
0f39f358-521e-4d14-af7c-feeae553b370,Javier Wright,"desde que llegó la última actualización me pidió la ubicación en el inicio, después de permitir el permiso, me enseña que hubo un error y la mamada y ya no puedo acceder a mi cuenta",1,2026-05-13 14:44:23
e47b116a-19e8-4b92-876c-56a546574e3b,Rosario M,"al día de hoy no se ha actualizado la app, que se necesita?",1,2026-05-13 14:40:16
f7017fb4-ecfa-4006-ba76-b95370b5b0f1,CHRISTIAN TG,"Está teniendo varias fallas, no me deja registrarme,no puedo ver mi dinero,solo aparece puro error.",1,2026-05-13 14:36:52
b7a302e1-a54e-43a3-b54c-f825cbf83214,Delia Salazar,"no sirve, no deja poner mi tarjeta, y es muy muy muy sencilla como para que marque error en casi todo",1,2026-05-13 14:28:37
24ccb081-4cc3-467a-894e-d700b2fba975,Katy Galindo,"horrible era bastante facil usar ahora apartir de la última actualización muchos errores, desconexiones y en el apartado de sms debería tener para uno ponerlo no solo la autorellenado",1,2026-05-13 14:18:19
5fccbc88-f1ab-45b4-b2cf-4a107f07ff93,Katsuragi Yukito,existe un error donde no deja activar la tarjeta apesar de que ingreses bien la fecha de nacimiento,1,2026-05-13 14:14:51
b2a881c8-8801-41e9-9c65-840c7fa8b15c,Maximiliano Peñaloza,"no me deja transferir, me dice que es error",1,2026-05-13 13:54:22
61b133f9-8f03-4833-b916-463a9be51c52,Susy Luna,pésima actualización no me deja ingresar y marca mal mi fecha de nacimiento,1,2026-05-13 13:44:06
7d3f7298-7791-4967-99f5-8c9ef32b4582,Karina Hidalgo,"Desde que la instale noe deja acceder, me dice que debo activar el permiso de acceder a mi ubicación, pero el permiso ya está. y siempre me marca ese error de ubicación.",1,2026-05-13 13:32:22
dcf4a77d-89d4-4d86-867e-6570acdb9310,Williams Salvador,una verdadera Porquería! hoy 13/May/20026. no funciona solo sirve consultar saldo. no más,1,2026-05-13 13:27:07
92706b37-d686-42e0-9f13-c0de88b5c343,Claudia Ramirez,Esta peor no me dejo registrar la contraseña,1,2026-05-13 13:19:53
c21bf81b-9a3d-4339-93c1-409e1f6d8ed0,Ma.antonia Luna cortes,no entiendo qué pasa con la aplicación funcionaba muy bien cuánto era lo que tenías en tu cuenta Y ahora resulta que no te deja ni registrarte ni Deja que veas ni nada,1,2026-05-13 13:13:20
858b0627-c1d2-4c22-9832-0fa12c343a25,Angel Jesús Alguera,"pésima, con la nueva actualización no se puede acceder, además de que el código SMS no llega",1,2026-05-13 13:09:02
f61f8b65-88d8-4443-94c1-72eff19f621c,Gaby Garcia,No m da bien,1,2026-05-13 12:46:43
0e7586f3-1237-4255-bcdb-ce213378c253,Zadkiel Ocaña García,"está aplicación es una basura desde que se actualizo, no carga te pide más cosas, nunca carga, intentas pedir ayuda a el número que te dan y no contestan, te dejan esperando casi media hora,",1,2026-05-13 12:27:48
9c555d86-84a1-4692-af78-2258ff4273a6,Luis Antonio Garnica Schacht,pésima,1,2026-05-13 12:22:58
b113a358-fda4-49c4-891f-9e2a6119f653,Ernesto Avila,la nueva actualización no me deja entrar ya otorgue todos los porque es lo que me pide y no me deja entrar a la nueva actualización app.,1,2026-05-13 12:22:07
7e37d4ac-1925-4876-a51c-26079ebcd519,Rafael Lopez machuy,"para poner la fecha de nacimiento, es muy complicado",1,2026-05-13 12:05:29
21dc9d15-afc3-4767-bae4-81720e2bc1b0,Jessica Franco,nunca me dejó ingresar,1,2026-05-13 12:02:02
e758d6c0-1944-490c-8731-abc91d07107c,José Luis Martínez,Con la nueva actualización ya no puedo entrar a la cuenta. Dice: Comunicación no disponible. La operación no pudo realizarse.,1,2026-05-13 11:18:32
b5798890-f961-42a1-8426-d870ba2441f7,Fj A,"ya hice todo lo posible, desinstale, volví a instalar y me sigue apareciendo la versión anterior, porque",1,2026-05-13 11:17:03
90bcbee2-069b-4b67-b6c4-f6a4e731cf8f,Angel Kantun Gonzalez,servicio malisimo,1,2026-05-13 10:41:27
1af54101-d0a2-4a1d-a5d1-b19e4bd7b965,Federico Aparicio,no me sirve no deja yegar así que está Muy mal el servicio no sirve,1,2026-05-13 10:37:56
aadbc113-54a8-40ec-83fa-604646767c60,Cinthia Caamal Cime,no me deja descargar la nueva versión porque?,1,2026-05-13 10:36:01
9d2fc058-eb41-496f-9d25-a2c9a82452c6,RODOLFO HERNANDEZ GOMEZ,no me deja instalar la nueva actualización,1,2026-05-13 09:33:15
54306350-542d-450c-b625-7fd22ef8fc5b,Vianey Garcia,no se me ha actualizado,1,2026-05-13 09:30:41
4741c574-2b9d-40a9-abb3-c4edac487a8c,sandra luz chavez lopez,Aún no está actualizada mi App 🙂‍↔️,1,2026-05-13 09:21:33
c7cc5200-89a7-4263-8342-e6982adb228e,Amadeo Lara Hernández,"una porquería esta aplicación si es que se puede llamarla así para ingresar los datos del titular de la cuenta es un martirio, pareciera que estamos en la época de las cavernas, les falta actualizarse para agilizar y ser más rápida el registro de los datos, ahí para que tomen nota.",1,2026-05-13 09:08:10
bca8ee6a-e212-4fb3-b16a-4a2b81cf8fb6,Fernando raul Morales,debería de dejar de poner el código de verificación manual con el rellenado no se puede hacer bien en otros dispositivos,1,2026-05-13 08:27:17
a5208b04-61da-4b07-b4cc-fca72f515b9f,Lily Martinez,cómo es que se actualiza la app???,1,2026-05-13 08:18:39
18e62463-cf51-47f8-a940-a2dcf93d25b0,Jorge Ayala,"con la última actualización dejo de funcionar, no se puede hacer nada, sale un error 201",1,2026-05-13 07:53:16
774e5877-449f-4d31-9f61-213cbcd357f0,Tesis e Investigaciones SAS de CV,"Es pésimo el servicio y funcionamiento; con envios máximos de 1,500 por día; que nunca se pueden concretar...",1,2026-05-13 07:46:35
bd62d4a9-0150-4a54-88c1-b09c4ed73647,ROBERTO HERNÁNDEZ LOZADA,"Mi app no cuenta con actualización, corríjanlo.",1,2026-05-13 07:25:57
61dfb518-9bf3-4295-91e9-57cc9ce78611,Brandon Emir,"Que onda con la nueva actualización, sa mamada, si saben q hay señor viejito que apenas y saben perder un teléfono?, porque piden tanta confirmación de seguridad",1,2026-05-13 07:10:45
cb80a004-26a6-43d5-9d2a-2ea420d2b6cb,Delia Jiménez,"en mi table android no funciona, y en mi celular marca error.",1,2026-05-13 07:06:28
908fbc26-3db3-47e8-bb1e-d08f5f67c8ca,Lennis Ochoa,A mi aun no se me actualiza la app😟,1,2026-05-13 06:22:18
afbf442d-8867-46d7-890e-ee4ec6169970,IRMA CHIQUINI,NO PUDE REALIZAR MI TRANSFERENCIA,1,2026-05-13 06:21:49
9ab23d4c-52d9-4f00-854f-dc8b89c6ba5a,Rogelio Vega lobato,todo me borro por aponer todo de nuevo,1,2026-05-13 00:59:43
f5aa418e-6a3d-4fdc-8a56-c43514be7df5,Beatriz GONZALEZ JUAREZ,"intento entrar a consultar si ya tengo mi depósito pero me manda a ingresar nuevamente mi tarjeta, según para activarla pero al ingresar los datos me marca error",1,2026-05-13 00:49:31
d33a4a3e-54c7-450b-b316-449ec48cea15,Ciro Hernandez,no 😞 la pude instalar,1,2026-05-12 23:19:07
19724c7e-ef0a-47e1-9095-44c2c60d86c9,eun jin mx,Pésima aplicación no se puede agregar fecha no pasa y te saca de ahí estaba mejor la anterior fácil para un adulto mayor,1,2026-05-12 23:16:48
56c57c86-1c5d-48fa-921a-91c1b01962c1,Alejandra Briceño,a mí no se me actualiza jajaja,1,2026-05-12 23:11:21
0e0555cf-8ff4-459b-ac10-6d52bdf80cca,Jesus Rodriguez,mala la actualización no me aparece para hacer transferencias,1,2026-05-12 22:57:11
0faa85b8-c74f-40ac-b5f0-13da793bd371,Isabel Hernandez,"No sirve este banco, no sé pueden hacer transferencias, y tampoco puedo recibirlas, tengo la tarjeta solo porque mis hijas cobran la beca, aparte que no puedo comprar con la tarjeta ni retirar en el cajero, tiene q ser a fuerzas en ventanilla y es molesto cuando es fin de semana.",1,2026-05-12 22:38:51
6822d595-0ab6-40e7-a3d7-a46f014f25b7,Sol Gonzalez,yo no lo puedo abrir me dise q tengo q autentificar pero no me da ninguna opción de como ya la desinstale y la volví a instalar y sigue igual que puedo hacer,1,2026-05-12 22:23:05
759c5adf-32f6-4c9d-a4a5-8b5dd232ed96,America Perez Hernandez,no sirve el inicio de sesión biometrico,1,2026-05-12 22:21:01
babc54d3-f5e8-4ae1-8c39-180710bc3c6a,Sofia Luna,no sé me actualiza la aplicación,1,2026-05-12 22:20:41
7a31ed3b-6ffb-428f-bd4b-cfbef7816b1e,Sergei Siriosha,"no existe la actualización de la aplicación de banco del BIENESTAR, solo palabras,es mentira",1,2026-05-12 21:48:12
27a0beba-67f7-4280-82e7-c8977364413c,Sergeit Balan,desde la actualización no me abre bien la app al querer cargar datos me tirar error X40 y no avanza,1,2026-05-12 21:38:12
6a018582-5368-45a5-94f3-91a8780152f6,Ana Laura Yañez,"Hola, a mi aun no se me actualiza ni aparece que deba actualizarse, por que?",1,2026-05-12 21:30:03
0d6329df-eadb-4ea1-b90a-d6572b6257b3,Edgar Sanchez,no deja poner la fecha de nacimiento tienes que ir hacia atrás mes x mes si la mayoría de los usuarios son de la 3 edad para llegar a 1945 no deja se reinicia la app,1,2026-05-12 21:18:41
734265b8-38b7-4276-9b7d-566f1be91f44,Angel Lopez,"se actualizo la app pero ahora ya no me deja entrar , cada vez que entro me pone ERROR DE AUTENTICACION, validar el proceso de autenticacion 201 ¿ qie significará esp ? 🤔🤔",1,2026-05-12 21:13:43
a1617e2e-dcd1-478c-8e56-9d27a1773d59,Xø Ricø,"las imágenes de actualización son mentira, no se puede transferir a otras cuentas.",1,2026-05-12 21:07:26
9ed409a1-0ea5-47f1-ba4d-58187a2b80fa,Omar Jimenez Romero,no sirve! quién programó esta cosa! parece que usan el teclado con los talones!,1,2026-05-12 21:03:56
2063d7a4-16e5-464d-a509-b883cc3dbd65,Juan Carlos JUNCO,Es peor ponga la fecha por teclado no por calendario por qué da flojera está picando asta encontrar la fecha y también quiten el auto código de sms por qué es más fácil ponerlo a qué esperar que se pongan solo ni aparece nada y tiene demasiados Bugs que te sacan de la nada,1,2026-05-12 21:00:35
b89de154-cd5d-4d58-afe5-cceb82000509,Tomas Ivan Arellano Uresti,"Al día 12 de mayo del 2026, no tiene para hacer Transferencia es mentira",1,2026-05-12 20:33:05
ae80d5c1-f5fb-4c47-9fdc-a26618c43779,Raul Herrera,no sé descarga bien es una fea aplicación,1,2026-05-12 20:13:43
ca7ea033-82d1-4c86-a26b-129eccaff9d5,Fernando Tentle lozada,no me deja meter mi cuenta,1,2026-05-12 19:47:17
de509a01-a26f-4672-8787-7f8a663470c8,Angel silva Esparza,hice 2 transferencias y no se reflejaron en la cuenta de la otra persona,1,2026-05-12 19:39:32
62a72dd7-218d-4a87-81e6-e756b3311cbf,Yareisi Rivera,no me aparecen opciones de transferencia... no deja actualizar,1,2026-05-12 19:38:43
27cd2a9f-45d7-4002-933a-83ab7a36a7c6,Silvia Maleni Molinero Corona,a mi no me deja avanzar por que no me llega el codigo por mensaje,1,2026-05-12 19:37:01
4d81e961-77ec-4412-aab5-dd6fdc3a97fb,Andy Ramirez,no me aparece así como lo muestra las imagenes,1,2026-05-12 19:25:59
6d39ae13-8a2a-42b2-969b-7e3a8ea96be9,Martha Salas,la aplicación esta fallando no le manda mensaje de verificación,1,2026-05-12 19:02:21
16da10b0-3136-4c41-b548-63670bac002c,Yasari Razo,no sé me permite la última actualización,1,2026-05-12 18:17:12
ca72f1e2-7eb2-4332-af32-c2486cd63ee9,Angel Hernandez,con la nueva actualización no es posible hacer el registro ya que para poner la fecha de nacimiento hay que pasar de mes a mes hata llegar a 1950 y cuando por fin llego la app me saca..,1,2026-05-12 17:47:43
b2d2578d-426e-486f-bbf0-d2ca377cecba,Ri GN (rulo),"No se puede poner la fecha de nacimiento, cuando vas a llegar a la fecha se pasma y tienes que poner los datos de la tarjeta y el nop de nuevo, porque complican las cosas debería poner la fecha directamente 29/01/1958 en lugar de estar recorriendo más de 50 años moviendo el calendario",1,2026-05-12 16:56:40
f5ef42d4-9af1-4236-aad9-797c54ba9243,Anahi Herrera,no se actualiza eso nadamas,1,2026-05-12 16:24:42
314355a6-5c48-4d89-bbbd-e10949856bea,Veronica Ramírez,no tiene odcio es para transferir,1,2026-05-12 15:10:06
0a9c7b64-a1c9-44ca-8779-4595edfd98e5,Charly Guzman Leon,No me aparece aún la actualización para hacer transferencias.,1,2026-05-12 14:19:27
c29fc174-712c-4917-a581-8fb464a4dd0e,Alma RBR,No aparece la opción de actualizar la app 🤔,1,2026-05-12 14:13:53
402d8ff9-3e44-4b71-b0df-54ae0833ade3,Yesica Gutiérrez,Me aparece con la version anterior,1,2026-05-12 13:59:07
0bedefe3-851d-43dd-bd98-4d960f716758,Aurelio German,cuendo manden una actualización verifiquen que funcione mínimo al 80% la contraseña no agarra después te bloquea la cuenta esperas 24 hrs y no funciona sigue igual después pones enviar sms y nunca llega lo que hace su mugre app es cerrarse mínimo la anterior app era eficiente sin tanto problema quisieron ser novedoso y quedan como payasos,1,2026-05-12 13:47:27
5cfc63da-732a-4e4b-a901-be1826794812,Jonas Salazar,"Se actualizo la aplicación y no permite poner la fecha de nacimiento tienes que ir buscándola manualmente y después de tantas páginas se reinicia y nunca puedo poner fecha de nacimiento, considero está mal la App porfavor Corrigan ese error que nos pone es imposible !!!",1,2026-05-12 13:20:12
507cd299-953a-4833-a41b-8df427b876ac,Agustín De León Betancourt,"tengo 7 días que no puedo registrarme,me quedo en que me. envíen un código.. ESTABA MUCHO MEJOR LA ANTERIOR..",1,2026-05-12 12:47:33
235ed132-ccd9-4296-b788-ca9ac5f80b4b,Valeria Figueroa,no sirveeeeee,1,2026-05-12 12:37:05
a4ef3c13-7b68-4020-adb0-4ba7f92f5f16,Eladia Loredo,No hay actualización. Todavía no se puede hacer transferencias ni movimientos en la aplicación.,1,2026-05-12 12:17:03
07021171-7757-40f9-a662-2cf73e693676,Mary Torres,"a mi no se me actualiza la app, sigue igual, y eso que la desinstale y la volvi a instalar",1,2026-05-12 12:10:48
69d9967c-892b-416b-8df6-ee7387a4a9a9,Abelardo Molina,no tiene ninguna opción ni para transferir. solo consulta,1,2026-05-12 11:59:20
e60b0749-a662-4b28-82ae-a3bf38cbf8c8,Lizbeth Ledesma,ya en todos los celulares se puede actualizar excepto en mi celular,1,2026-05-12 11:42:54
852f8df8-340f-4573-8f02-9422486f70cd,Araceli Olachea,aun ni me da opción de actualizar,1,2026-05-12 11:12:23
aee69eec-1a87-45cf-955d-7d2b150488b4,Doris Victoriano,super bien,1,2026-05-12 11:09:20
88c40d9e-fde4-4bff-8435-5631f7a49908,Janett Ramirez,tengo 5 días que la instale y no abre,1,2026-05-12 10:59:51
54b8c82c-fbe1-428b-8110-1f6749154626,Nidya Sánchez,"se actualizo la aplicación y ahora no puedo acceder, llevo 5 intentos y dice que la comunicación no es efectiva o algo asi",1,2026-05-12 10:57:07
5c9bd6cf-1244-45c2-a782-5bd2882b26a5,cecilia mendez,no se puede transferir a otros bancos,1,2026-05-12 10:46:02
89f4d4cd-24e5-4128-8917-94f04d9dde22,Teerry Plan B,no me sale la nueva actualización,1,2026-05-12 10:37:14
e8c2d3eb-83f9-4250-9bc3-1cd5f2e183ad,Adriana Clemente,todavía no me parece asi,1,2026-05-12 10:29:58
cb181d4e-b7d7-4ec2-8e93-33c3a256c4c7,Rubí Estrada,"la app está muy mal, solo intenté poner mi cuenta y eso y me apareció que se bloqueó por demasiados intentos, cada vez peor estás cosas",1,2026-05-12 10:05:22
ceb64906-dc46-4785-829b-c21667c45d8b,Juana Preciado,"la aplicación necesita más seguridad,instala aplicaciones montadeudas,la instale y después de uso ,instala juegos que no quiero jugar instala aplicaciones de préstamos, credmex,instala juegos de dudosa procedencia que no son de la play store lo bueno que aún no pongo mis datos de mi tarjeta porque sino ya me hubiesen vaciado el deposito que ni siquiera me han dado porque fui el 7 de mayo al banco bienestar porque no me han mandado mensaje y me dijeron que hasta el 25 ahora hasta el 25 a ver si d",1,2026-05-12 09:44:53
80534544-8958-465f-b317-41fcd760e48a,J.ALEJANDRO ROJAS CARDENAS,No dejá ver el saldo que uno tiene,1,2026-05-12 09:38:55
395fc126-439a-4967-ae10-3811e1894a30,renato martinez,no actualiza a la versión 3.2 ya la desinstale 20 veces y nada urge la actualización como la puedo obtener?,1,2026-05-12 08:19:05
fa9d5f92-00ed-439b-bff0-554cf01f2716,CIBER Y KEVIN Y COSTURA MULTISERVICIOS,mala app no se actualiza en todos los teléfonos y se nada sirve solo saber los saldos sin poder hacer movimientos.,1,2026-05-12 08:08:51
00bc4c74-a842-466c-b43c-5ecbf772e10c,Nani Garcia,ya la actualice y aún no me aparece el apartado para hacer transferencias,1,2026-05-12 07:53:40
4dddc1b9-f050-4579-a532-030e7e62beef,Jose Tejeda pineda,alguien sabe porque a mí aún no me aparece la actualización?,1,2026-05-12 07:41:28
f2780dc9-2a05-4f73-8c98-c8a54263ac52,María Dolores Peña,a mí no me aparecen las actualizaciones,1,2026-05-12 07:15:10
2be2b3da-1190-4e4b-bb99-b22e605ce41b,Marime Estrada Ramos,es una aplicación malísima está más horrible que al principio,1,2026-05-12 06:44:12
dfe8f8d7-93f8-4cdd-bd1d-3d535a0c0948,Panchita ocon,dicen que ya se actualizo pero el mío sigue igual,1,2026-05-12 06:37:50
7fcfb66f-bc68-4d2a-b127-8d20cd81ce48,Idaleth Moreno,a mí ni siquiera se me actualiza,1,2026-05-12 06:18:50
d2985b34-6514-40c0-8c90-bb1a0fba7153,Ruben Alberdin,no permite ingresar da error y error cada día esta peor esta aplicación,1,2026-05-12 04:24:29
b75acf46-6664-40a4-9849-e4bc49e4e4c1,KROMUZ,"LAS IMAGENES QUE HAY EN LA APLICACION SON ENGAÑOSAS, TODAVIA NO HAY ACTUALIZACION PARA HACER TRANSFERENCIAS, SOLO PARA CONSULTA DE SALDO",1,2026-05-11 23:19:06
24cda05a-72e2-4bdf-8956-f21866a934ff,jaime alberto reyes rosales,"Es una aplicación malísima; 10 intentos de poner la fecha de nacimiento y tiene una opción lenta, mal diseñada y ya estando cerca... Te saca. Mala de verdad.",1,2026-05-11 23:13:22
17875196-04de-4ee8-a248-f090e7f30ff4,luis guzman,por qué todavía no se me actualiza la app ???,1,2026-05-11 23:06:51
838519c1-f082-499a-abab-2fe4a00abfec,Miri Tino,no he podido descargar la última versión,1,2026-05-11 22:49:49
86441a5d-b45d-4708-aa74-4c852118b5d9,Maria de la Paz Rangel Martinez,No me deja actualizar la APP del banco de bienestar,1,2026-05-11 22:46:33
606a88b2-d91a-4a6c-89e3-30b3db1b64a6,Laura Gaytan,desde el 2025 no me deja actualizar,1,2026-05-11 22:33:46
ad3c466e-b48f-4d84-80a2-3c86eecae327,Fernanda Lopes,a mí no me deja entrar me pide mi número de teléfono para enviarme un codigo y no me mandan nada yo necesito mi cuenta como le hago para no tener está aplicación actualizada no le doy ni una estrella está muy mal en todo lo que pongo dice que es error y todos mi datos que estoy poniendo son corretos yo necesito mi banca para saber cuánto tengo,1,2026-05-11 22:31:47
2daf78f1-448e-402d-8c02-92f53eb4cc64,yohan,MALISIMA,1,2026-05-11 22:26:14
4808a9a8-ecc4-4d1b-b329-fb52c5e056c1,Kira XD,"antes funcionaba bien pero después de está actualización no me deja entrar a mi cuenta, me sale error tras error, espero que lo arreglen por qué así no puedo ver mi saldo.",1,2026-05-11 21:54:36
8f061484-f5b7-4154-b8da-4369ac3a5175,Liz González,no se me ha actualizado,1,2026-05-11 21:46:52
048d6d3a-7248-4000-8a83-d8dcd05d653c,Luis Leonardo Valeriano Lona,No aparece ninguna opción solo una Clabe,1,2026-05-11 21:06:59
180dacf6-9434-4750-9049-83d5cceb18a2,Sandra Morales,no me deja actualizar la aplicación sigo con la primer aplicación 😞,1,2026-05-11 20:47:41
cab024ed-2eba-4753-9b62-a6c9fddc8076,luis jose reyes garcia,con la nueva actualización ya no me deja entrar me volvió a reiniciar y pedir todos los datos y cuando los pongo dice que ya no está habilitada la cuenta pésimo,1,2026-05-11 20:44:33
00b38ee3-42ae-4481-99fa-45302ce370c4,Antonio Méndezpadilla,pésima,1,2026-05-11 20:02:57
eb5f911b-c14b-4e08-bcd6-a14fee19d762,patyy ixmatlahua,no más no actualiza la aplicación para hacer uso de las transferencias,1,2026-05-11 19:53:41
f9ee42b6-5eac-4ccf-b335-4cd6932e877a,Gloria Santiago,"esque no deja entrar a la aplicación,dice error y también dice que intente después pero lo intento y no se puede,para mí era mejor la versión anterior,y pues ya no se que hacer, salió chafa la aplicación 🤬😡🤬🤬🤬😡😡",1,2026-05-11 19:09:41
f1d39d54-aadd-4600-8893-233c82c4f6b5,Karina Aguilar,No puedo obtener la actualización Que puedo hacer desinstale la aplicación y la volví a instalar Aún así no lo puedo actualizar,1,2026-05-11 18:12:26
5180b88b-c297-49d2-bdea-6d75424b0400,Alfredo Coiffier,no sé puede instalar en tablet muchas deficiencias,1,2026-05-11 18:02:58
ef912e32-d960-40db-ada4-953e123fe144,Antonia Pérez,Yo no tengo las opciones actualizadas de transferencias como se le hace??,1,2026-05-11 17:37:11
17aa5821-2318-44c6-a5e0-4005b75f8a45,Margot Espinoza,ps mi aplicación Monse actualiza como dicen 😡😡😡😡,1,2026-05-11 17:30:32
43ed9546-bf2d-44f9-adbf-086c4088c597,Saytec,a mí solo me dice error y no me deja hacer nada no me deja entrar a la aplicación,1,2026-05-11 17:27:04
f0eaec5c-326f-477f-bda1-e10294a465e9,César Eduardo Banda Gopar,no sé actualiza sigue igual que siempre solo da el saldo,1,2026-05-11 17:09:31
1619d08b-d2fc-4647-b0f8-e1565b3471c2,Efren Figueroa,complicada,1,2026-05-11 16:50:09
3bbed398-5061-4b7e-bb8c-754ed36b2c5e,Yosbel Hidalgo,"Tengo descargada la aplicación y no me muestra la opción de transferir, sin embargo a otras personas si. La he desinstalado en varias ocasiones,borrando incluso el caché de la aplicación en el teléfono y se instala igual. Ni siquiera muestra las opciones que vienen en la play store",1,2026-05-11 16:26:53
8c3cf505-9c14-4e10-bd89-1965985fd7ee,Mithril Lrs,"con la actualización se pasa negando la fecha de nacimiento, cuando es correcta y luego sale con que se exceden los intentos para dejarte entrar, aparte que es una tontería el que cada actualización salgan con la tontería de activar una cuenta cuando ya se tiene desde hace 2 versiones",1,2026-05-11 16:26:52
7c67ba56-951b-478d-a3ad-07c2e76724e2,Cristina Gonzalez Perez,ya actualice la aplicación y no me sale así como muestran en las actualizaciones,1,2026-05-11 16:04:44
7ffd01ca-f66b-4e52-85b4-99f5fe2f0fb2,Martha Aguilar,no podemos entrar a consultar nuestro saldo no es la misma aap que teniamos ya hasta los dedos me duelen de buscar como entrar,1,2026-05-11 16:04:16
bb7108c6-af6b-42d4-a5b7-6e8c8effa142,layla layla,AÚN NO ME SALE LO DE LA ACTUALIZACIÓN.,1,2026-05-11 15:51:42
b93672cf-0a80-41e3-a96b-ec06314f5524,Martha Maria Celaya Alejandro,"porque todavia no llega la actualización, la necesito urgente por favor",1,2026-05-11 15:46:01
f945b8e1-de07-4660-9182-fe40f5859a98,laura Yanez,yo no tengo la dichosa nueva actualización. sigue igual solo se ve mi saldo y movimientos.,1,2026-05-11 15:44:38
1cdabac9-c298-45e7-ac60-249764e26438,Alma Ahumada,¿porque a mí no se me ha actualizado?😫,1,2026-05-11 15:31:58
74adbe8b-cb54-4ced-9ab0-d26b7c63b7a7,Zared De zarate,Aun no me llega la actualización,1,2026-05-11 15:27:36
11c15161-7478-4a99-be26-83cf8ae6fed4,Gabriela Morales gomez,no actualiza automáticamente,1,2026-05-11 15:25:20
74953c6a-4edd-45ba-bf09-b1b4f9018e61,domingo martines,no me llega la actualización,1,2026-05-11 15:24:06
783980ff-3d4a-49c0-b84a-e2b290e9d133,Ana lopez,No me aparece ninguna opción de las que se presentan 🙄,1,2026-05-11 15:21:35
bf600291-1228-4cb7-bdb9-8c2b8b820ea5,Eva Mendoza,"A mí no se me ha actualizado en ninguno de los dos celulares que tenemos Monse porque tardan tanto, lo debieron hacer desde antes.",1,2026-05-11 15:15:26
85dbbaa0-96a7-4c07-b794-d2081c8953f3,Berenice Flores,no sé actualiza como. dice Ami me sigue apareciendo solo para checar saldo,1,2026-05-11 15:08:16
4afccb1b-db48-42d5-a7c8-10260c607231,ARTURO ANTONIO CORDOBA HERNANDEZ,no se puede poner la fecha de nacimiento,1,2026-05-11 14:37:01
815d85ea-e79f-494d-bb6e-0920e367f74a,Alejandra Corea Sansores,no se actualizado mi app,1,2026-05-11 14:06:16
d7b6c429-62e4-4d65-b1ab-0a45fb979c43,Xeloma Amy lizzet,aun no se actualiza mi app para hacer transferencias,1,2026-05-11 13:58:03
85511d20-2795-4412-bcb5-8a2682a50650,Paola Collazo,pesima aplicación no se pueden hacer transferencias dice saldo insuficiente aunque si tenga dinero la tarjeta y se traba demasiado,1,2026-05-11 13:55:39
574d36e4-3f4a-44fc-90f2-0e4c2d92b6a0,Raquel García,Mi Aplicación no se actulizo de hecho no carga los datos bien,1,2026-05-11 13:28:30
cf7b048d-e0eb-4f34-845e-b996f0a95e9b,garcia cruz abraham,no se actualiza cómo la versión más reciente que deja transferir dinero a otras cuentas,1,2026-05-11 12:57:02
6f89ad0e-48d2-40f7-90b3-0f47cadb2d51,Jany Hernandez,Se supone que ya esta actualizada pero a mi no me deja hacer la actualización nueva donde los deja hacer el movimiento a transferencias a otra tarjeta,1,2026-05-11 12:50:43
6a7fc9c7-52d3-47d5-bf5c-b3a108e12530,Erika Bernardino,no tienen nada solo puedes consultar saldo,1,2026-05-11 12:10:32
26a4b641-d0d3-4fbb-89af-02d9ea02fa62,Albina Gabriela Ocañas Ponce,"no se me a actualizado, para hacer transferencias??",1,2026-05-11 11:30:29
142a3080-3a50-4377-891e-362887f64819,yeraldy Jepsen,a mi no me sale para actualizarla la aplicación,1,2026-05-11 11:20:42
aacc762f-cd43-4f32-8f6b-854f63e65648,sley HS,"por que a mi no me sale la nueva actualización,la desinstale y la volví a instalar y no me aparece la actualización:(",1,2026-05-11 10:53:39
23604703-9bd4-47a6-9d97-25cdf544b25a,Mary Chavez,No se hacen transferencias 😞,1,2026-05-11 10:04:31
82819ed6-6f6f-404a-a56f-a4dafb9e77e5,Maribel Guadarrama,"actualice, y sigue exactamente igual no puedo accesar a las ""mejoras"" mi Android es 15 entonces no se,",1,2026-05-11 09:45:03
77d35208-0966-4bdc-991c-be3e47c1e774,Luis,"no se actualiza la app, para que dicen cosas si luego no cumplen 🤷",1,2026-05-11 09:12:12
1e987f12-7319-42d3-911d-f4ab5aa98b31,Victor Diaz,no me aparece con las opciones que dice así solo permite ver el saldo nada más,1,2026-05-11 07:58:45
5c1fa2ec-e4a4-415b-a1cf-27f5241565e1,Ana Dinero,no buena,1,2026-05-11 07:54:46
90d07fe0-0d46-4f55-9186-aed3b250ed85,OSKAR,no tiene la opción de tranferencia solo para consultar saldo muy mala aplicación,1,2026-05-11 07:11:53
98165195-395a-47d5-aa03-e1b5869b14e6,Valeria Oronia,No sirve para transferir como dice hay ni nada solo para checar el saldo pésimo!,1,2026-05-11 07:11:46
79ed3071-fa0e-4a34-9a83-6bd2ec953623,Leydi Jimenez,se necesita tenga para hacer transferencias.,1,2026-05-11 07:08:47
7d660c9a-ac6d-4483-8269-49420070b4d7,Melody Zamora,"A mi no se me a actualizado la app hoy la borre y luego la volví a instalar metí los datos y todo igual que siempre, ninguna novedad",1,2026-05-10 23:46:29
11ee3040-1f23-4d69-b06b-fe29763c248b,Hector Mar,No se quiere actualizar la aplicación según ya se pueden hacer transferencias pero es una mentira,1,2026-05-10 22:39:28
b93e825a-1e72-46d8-8fdb-d06a1fc6caf5,ROCIO VAZQUEZ,Al día de hoy sigue sin estar actualizada la aplicación.,1,2026-05-10 22:04:20
4870e82b-372e-4734-a14e-ade9840fcd9b,Alicia Guzman,no sirve para hacer transferencia,1,2026-05-10 21:25:23
1545c906-cf65-4387-8d8c-8af8dfc4376b,Eduardo HERNÁNDEZ,aún no me llega la actualización,1,2026-05-10 21:14:53
1403bde9-e462-45ae-82bb-d96792404229,Aby Salomon,Como se actualiza la app no me deja y quiero saber que tan sierto es que ya se puede hacer tranferencia a otro banco desde la app de bienestar Y,1,2026-05-10 18:44:31
b81f53b4-15a7-40b9-be16-14f9d4d6ca99,Alfredo,aplicacione dlv,1,2026-05-10 17:12:16
6a70c8d1-318e-4401-8a49-468ce84b8c53,Yiyo Navarrete,anuncian actualización pero debería ser de inmediato en todos los dispositivos y no paulatinamente porque con eso solo provocan alboroto.,1,2026-05-10 16:51:35
427171b1-d761-4b93-968e-dddb53958013,Karla Gonzalez,Se actualizó y desde entonces no me deja ingresar,1,2026-05-10 16:29:33
1b9f6397-3098-49e7-8f34-b18bcc76985d,Misrrain Alberto García Alejo,descargo la aplicación Pero no me aparece para transferir?,1,2026-05-10 13:45:43
b7168b4f-b5e9-4712-83f5-a9cefc3f99cf,Leticia Gonzalez,no me funciona,1,2026-05-10 13:00:38
b7460f66-cab9-4aff-88fa-50b98a6cb097,Mercy Velazquez,mal no abre la aplicación ya la desinstale 3 veces y la volví a instalar y nada,1,2026-05-10 12:44:18
2a16f636-398b-4a1d-9999-69df79c46627,Mike Bado,"solo una estrella, no es viable el sistema, la reacción es que NO PERMITE GENERAR TRANSFERENCIAS facilitando al usuario viejito y el manejo propio del recurso obtenido...",1,2026-05-10 11:24:13
033b43f8-1d7b-43f2-b40c-32cd4120aa10,Alfredo Elvira,no se actualiza aún en los teléfonos,1,2026-05-10 10:32:26
8de9ec19-ab9b-4ec2-862f-f54bf8dce48f,MAGDA GONZALEZ,"No sé actualiza en mi REDMI 11 y no puedo hacer transferencias, cuando se actualizará para este modelo?",1,2026-05-10 10:28:32
77ec8d71-e15e-4821-82c8-427750ddcbad,Karly Odair,Aun no me aparece la actualización para ya poder realizar transferencias...,1,2026-05-10 09:14:02
88032ac1-56e4-4068-95af-a1a84a44d706,La peque De La Cruz,"ya trate de actualizar la app para ver si ya se puede transferir o hacer otros movimientos ,pero aun o al menos en mi telefoko no se puede.",1,2026-05-10 08:27:29
c6c4a1f2-e56b-46dc-b902-d79672ffbde8,Hugo Alberto Ortiz Anaya,a mí no se me ha actualizado la app todavía no se si sea mi CEL o la app,1,2026-05-10 08:03:42
435c21f5-ea93-490f-95ca-17b01b50d456,Viviana Reyes,1 por qué ya lo actualice y sigue igual la versión anterior,1,2026-05-10 07:50:59
fee61723-ddbe-47fc-9493-796beed15521,Male ***,Totalmente falso!! No me aparece la nueva actualización de realizar transferencia!!! Desde abril 2026 estoy revisando y no hay nada.,1,2026-05-10 07:33:05
3feeeee8-5481-44c3-8847-da4ffa13c8e6,Juan Antonio López López,no me deja actualizar a la última versión de mayo 2026,1,2026-05-10 05:22:39
4411bd6e-25fb-4576-a497-7025034d287b,Diego Simental,aun no se me actualiza,1,2026-05-10 02:01:12
d6d05b5f-b69f-4bc0-9653-8c3fa7a68ea2,Karen Garcia,hablan sobre una actualización y a mi no me aparece,1,2026-05-09 23:55:05
1ddd7644-e032-44fc-8700-a130e1650a44,Teresita Lopez Bazante,se actualizo pero ya no me deja acceder me dice que la tarjeta esta bloqueada,1,2026-05-09 23:29:33
20299b3a-e891-419c-82a0-abb09583f0ca,LUIS SAMUEL PALACIOS,"Según en la descripción de la app dice que se pueden realizar transferencias, pagos, sin embargo para lo único que sirve es para consultar el saldo y los movimientos",1,2026-05-09 23:11:00
830e4947-fba8-4792-90a1-af6eed80ba33,Luis Morales,"esta versión todavía no está , la versión que tenemos es de 3.0 y la nueva es de 4.1 pero todavía no funciona",1,2026-05-09 23:06:18
82f95556-6f12-4641-b09a-3b90a16bb11c,Paola Morett,No se actualiza y no me deja transferir,1,2026-05-09 21:10:44
8d0f04ad-745c-405b-a6d1-d9aca3531b69,María del Pilar Gutiérrez,"para mi es pésima aplicación, ya que solo puedo ver el saldo. no hay forma de hacer nada más, recargas, transferencia, pagos, etc...",1,2026-05-09 21:07:57
322437e2-9388-41b4-8dc0-0b67e07d7af6,Brandon David Martinez,"es malísima, solo sirve para checar saldo y ya, no puedes ocuparla para nada mas",1,2026-05-09 18:41:30
d914566d-680a-453a-9c82-7b2368e46257,Un usuario de Google,Porque no puedo transferir a otros bancos!!!,1,2026-05-09 16:57:36
2e6e7773-bac1-4504-879e-5a37a948b201,Alejandra Fuentes,"La nueva actualización no envía SMS, se queda estancada y no se puede continuar para ingresar más datos y el calendario para poner la fecha de nacimiento es obsoleto, se tiene que recorrer mes por mes hasta llegar a la fecha. Dónde se puede reportar esto?",1,2026-05-09 16:52:00
f99173bc-eef2-4625-b5e4-5a10c984be46,Manuela Dorotea Fisher Lopez,"Publicidad engañosa y pésima aplicación; muestran fotos falsas, te dicen que puedes hacer transferencias y otras cosas pero solo puedes consultar tu saldo, mal servicio.",1,2026-05-09 16:09:27
9cc943f4-4508-4b27-8725-3651f89a0725,John Estrada,Cuando sale la actualizacion para poder transferir?,1,2026-05-09 15:45:06
05a3e6c2-f513-4a92-a143-271bb6f6d198,Jose Garcia,un asco de aplicación siempre que quiero entrar dice que hubo un error mejoren su aplicación,1,2026-05-09 15:36:54
82d16726-c54a-42c4-bd98-383358a59970,Oswaldo Hernandez,No aparece la actualización. sigue igual se básica,1,2026-05-09 15:12:13
91bd3886-1439-42e9-bfc0-725f5cdb8f2c,Jaqueline Cristobal,no me deja entrar dice error deberian arreglar ese detalle les daría -1 estrella pero no se puede,1,2026-05-09 12:49:53
aff8c9b5-21d7-4e2f-b775-b8962cc01371,Yuli Marquez,👎,1,2026-05-09 12:33:54
0c136797-f93e-4fb6-bb23-3de120f4a759,Danae E B J,"En el registro de la última actualización me parece ineficaz deslizar o pulsar en el calendario para conseguir la fecha de nacimiento de mi mamá. Nació en 1939, tengo que deslizar o pulsar MIL TREINTA Y DOS VECES, cuando se podría escribir el número del día, del mes y del año. Piensen en los adultos que no tienen quien los ayude, tendrán que asistir a algún módulo, con este calor 🥵 primaveral de mayo de 2026.",1,2026-05-09 12:33:29
b4c3fa5a-3a3e-4a50-b22d-904c372b37b6,Liz Anverde,en mi app todavía no se actualiza no podré hacer transferencia ni estado de movimientos,1,2026-05-09 11:37:18
18e820bb-f289-4f89-96c1-b71459a6a4c3,Edd ŠPÊČŤÊŘ,"En los datos de la fecha de nacimiento, hagan que se ponga con números... Es tedioso estar buscando la fecha de personas adultas y cuando llegas se reinicia la aplicación",1,2026-05-09 11:10:39
330cf512-39d8-45c8-96bc-542795f7e49d,Alejandra Hernandez,Ya desinstale e instale la app varias veces y no me aparece la opción de tranferencia,1,2026-05-09 10:25:58
002e2ffa-4b1c-4eef-90d4-d5ab9b9cbc4c,Gerardo Reyes Aguilar,No es muy funcional solo sirve para consultar saldos,1,2026-05-09 09:19:28
1c808b7e-a2db-41ab-80d9-8e390f194f37,Gilher Gilher,pésima aplicación supuestamente ya la actualizaron y se traba en todo para actualizar los datos además de q dice q mi fecha de nada no coincide con el titular pero si yo he Sido siempre el titular y ya no puede actualizarla y no podré consultar el saldo xlomenos..y los creadores de la app no siquiera dan solución 😡😡😡😡😡😡😡😤,1,2026-05-09 09:01:03
f5f9b122-a9ac-4f4e-b258-3aa9e7b6addc,javier mijares rangel,no se puede para tener oportunidad de hacer transferencia 😡😡😡😡😡 mi celular es un HONOR X6A Y NO APARECE ACTUALIZACION,1,2026-05-09 08:47:42
c3f9ecfb-430f-4dab-bb8c-ac76830e7bf7,Gonzalo Lopez,"Desagradable aplicación. Solamente se puede ver el saldo, y así de simple, sin poder hacer transferencias ni retiro sin tarjeta. Simple y básica medieval",1,2026-05-09 08:37:55
6c341b70-592e-4b25-923d-b3488a26c00d,Karly Shigman,y como según se realizan trasferencias si no está disponible ese servicio en la aplicación??,1,2026-05-09 08:23:15
127d0e61-2c97-4d4e-a953-a5fd37d0ccbc,Yaneli Ramirez,hola porque mi aplicación aún no se actualiza con todo lo nuevo???,1,2026-05-09 07:34:30
87885027-18ee-470f-afd8-e6b1733a2cc2,Doris Casillas,no entiendo por qué no me la actualizado la App a la nueva versión y la desinstale y la volví a descargar,1,2026-05-09 07:32:50
adda184c-fc62-4017-9acc-d114cfd53a06,Maribel M,Me eh dado cuenta que a muchos ya les llegó la actualización y yo tengo la de octubre.... para que versión de Android es la actualización?,1,2026-05-09 06:57:21
3084d6c5-26d2-48ef-84c9-a165b5a420f5,Martín García Reyes,Nunca funciona la aplicación es obsoleta. Siempre en espera.,1,2026-05-09 04:35:54
aa1ea2b7-57a3-410e-815e-a1ed2e28470e,Alcaraz Aponte,no puedo entrar ala cuenta,1,2026-05-09 01:25:45
4052d53a-884e-466d-8bdb-cd55cea7151d,Joaquín,nunca cargan los datos,1,2026-05-09 00:35:18
0c343356-74b0-45f7-8600-cd4d79363c3b,Luis Enrique Hernández,la actualización que hicieron no deja tomar los datos aparece error ojalá y arreglen eso la verdad la aplicación estaba mejor antes,1,2026-05-08 23:43:37
eace8df7-5cc5-4052-807a-63932c22abab,Brithani Del Carmen Vazquez,no se me actualizo,1,2026-05-08 23:03:55
5a1127c1-e13e-41ec-81d5-8eb0997ef17b,Luis dh,"muy basica, pero en exceso, no se pueden hacer tranferencias. deben tomar en cuenta que no solo es para recibir las pensiones, hay personas que nos interesamos en abrir una cuenta de debito normal, como en otros bancos",1,2026-05-08 22:51:53
33626076-658d-4cd9-876b-48881c7fcb24,citlali yael aguilar belmont,porque no me deja ver el banco de bienestar,1,2026-05-08 22:37:54
54007ac8-fc41-4bf2-93ac-455872813c71,Rosa María Herrera Sánchez,no se pueden hacer transferencias de nada,1,2026-05-08 22:30:07
777cef0a-5663-4008-893d-9e8a88f5bb5b,Karina Michel,no se actualiza para que se pueda trasferir,1,2026-05-08 21:41:48
a8158750-6dc5-4c9f-869b-6ed165163f36,Jose Miguel V. Arvizu,Horrible como se inicia la sesión y los servidores parecen conectados por una papa,1,2026-05-08 21:22:16
8d4a3054-69e6-4e0c-8c07-a1b3ea6f2858,Yoselin mariana Teles rodriguez,no me cae la beca🥺,1,2026-05-08 20:34:56
e1c13c9c-236b-464e-8f09-f360608cfe68,Flamita Cr,ami de plano no se actualiza ni mi nombre se ve en la pantalla,1,2026-05-08 20:21:59
4be2d222-d4a7-46cc-a3d4-689e2db7b69c,Lizz RCV,dice que se pueden hacer transferencia y utilizar codi pero hasta el momento no me aparece la actualización,1,2026-05-08 19:53:48
10142ff6-5ea9-45cf-a01c-864ce07a735d,Crystal Tolentino,"Muy mala actualización oh no le dan mantenimiento, antes de lanzar una actualización deben de verificar que esté funcionando correctamente, no me deja ingresar ni mi contraseña ni abrirla para acceder a mi cuenta, muy mala , hay que checar los comandos oh checar toda la aplicación desde el inicio.",1,2026-05-08 19:48:10
c5844109-801c-40a6-96bc-18f069a7e287,Raquel Arelli Perez Avila,"A mí solo me aparece la opción de consultar el saldo, no sale ninguna actualización para lo que dice la app",1,2026-05-08 19:46:56
dd7c38ee-d9e9-45fb-9fa9-6d8a8f515991,25Mazatlan,"DICEN QUE YA LANZARON ACTUALIZACIONES PUEDE HACER TRASFERENCIAS SPEI, PAGOS CoDi, Envíos de dinero con DiMo, consulta de saldo y Revisión de Movimientos, pero no es verdad, mieten como siempre!! se hace lo mismo y no se Actualiza.",1,2026-05-08 19:22:46
0cd5a186-6b55-45f4-bcc8-3d5bda1caea9,Carmelo Mendez,no sé puede actualizar,1,2026-05-08 18:47:34
7701516e-1da4-41cf-a287-da1563992046,Gris montalvo,no sé actualizo no sé puede hacer transferencias,1,2026-05-08 18:39:57
d52a262f-d7a6-4808-92f3-7bd6f14fe1c1,Sulaimmi Cabrera,Son puras mentiras la app sigue igual no sé donde dice que ya se puede hacer transferencia si ya la desistanle y la volví a instalar y sigue igual pura mentiras,1,2026-05-08 18:10:19
2f172e3e-eff7-4b2d-bb66-3ef83f7de262,Wayne Saber,empezó bien pero ya está fallando mucho se queda trabada,1,2026-05-08 18:07:29
9bd3641d-0c4c-434e-933e-b160401ca9cb,Juan Frias Jimenez,no permite ingresar fecha de nacimiento por separado hay que buscar el año de nacimiento y eso no debe ser así si no separado día mes y año por separado y se complica mucho la instalación y operación,1,2026-05-08 17:54:03
b24528cd-a4f3-4bed-a38d-8593dc73d020,Fernando Barri,"No se puede transferir, solo consulta",1,2026-05-08 17:37:23
a9ed149f-76da-480d-b6f9-63dc76ef61cd,Maria alicia Guerrero saldaña,no m aparece para ASER trasferencia,1,2026-05-08 17:20:24
9d8290d0-7ac9-4094-95b3-188218f146bc,Jesús Balcazar,excelente,1,2026-05-08 16:41:06
088243fe-4463-4597-a858-d5362e53b42c,Esther Reyes,no se me actualiza para poder hacer transferencias,1,2026-05-08 16:27:15
82ce921d-0a49-47d8-81ce-110344345ff5,Chema,cuando se actualiza porque todavía sigue igual????,1,2026-05-08 16:02:24
12ce4ec6-df2f-49d0-95c3-e747239d7cb6,Óscar Toalá,se están tardando con la actualización para poder transferir el dinero entre cuentas bancarias 🙄. según para el segundo bimestre iban a implementar esa función.,1,2026-05-08 15:25:46
7ba80c61-af9b-4364-8e22-c83544592cba,Venecia De Anda,No puedo hacer transferencias ni nada mas que checar mi saldo,1,2026-05-08 15:08:47
c4c4d4fc-5a88-4832-b060-2daee144be38,José Alberto Valle Cid,Algun dia funcionara bien esta aplicacion? Ahora no se puede conectar a su sistema,1,2026-05-08 14:55:11
9ec44982-4702-4265-92ae-d42ae10eae64,Juan Manuel Duarte,yo no puedo actualizar mi app ya intenté y no me deja que puedo hacer,1,2026-05-08 14:51:27
65d5b10a-cdcc-45b6-ad77-76f52d51caa6,Echeverria Gonzalez Bianca Dayana,no permite pagar y hacer transferencias . Arreglen ese detalle,1,2026-05-08 14:18:40
add5c4b4-4a18-4a91-aa1a-3b3e4f014698,Raúl Félix Pedroza Peral,No aparecen en mi aplicación las nuevas funciones,1,2026-05-08 14:06:57
17493b5a-2e4a-4d1e-b9ef-5501ac56bc18,E J9v6,sigue sin actualizar,1,2026-05-08 13:44:48
208a9afd-1a22-4548-b362-5f21ea36521e,Fabian Garcia,malisima aplicación no sirve no deja ingresar y oara lo unico que sirve es ver tu saldo es la peor aplicación que puede a ver,1,2026-05-08 12:57:55
6a00f35e-97d9-4c51-83a8-105a5aa088b9,ANGELICA gonzalez,fatal,1,2026-05-08 12:47:29
08a80e74-b191-412a-82b5-0dec32ed1640,Nancy Isabel,no mamen! quien está detrás de esta app?? la app de la lavandería de mi colonia está mejor que la del bienestar.. con esta nueva actualización. está PAL perro!!,1,2026-05-08 12:43:50
3967d5da-d80c-43b3-84b9-84894c0f7951,Itzel Abigail Arguello,A mí no me aparece así actualizada para hacer transferencia y todo eso que pusieron,1,2026-05-08 11:59:59
3ff1e665-dafe-4c5b-a633-c76b14de7236,Francisco Javier Garcia,Sigue igual no hay ninguna actualización,1,2026-05-08 11:59:44
03967e31-5823-4b84-b20b-8e4648907d69,Guadalupe Bravo,mi aplicación no se actualiza,1,2026-05-08 11:56:57
b9a5cff0-9156-4cec-a243-d97c69d1a511,María Espinoza,cero fea la aplicación no me deja ingresar bien los datos 🤬🤬🤬🤬,1,2026-05-08 11:53:25
4d4d8ed5-4f78-4f37-8218-2d272a969e2a,Maribel Narcia,"Que le han hecho a la app? estaba funcionando perfectamente. Ahora con su nueva actualización está muy difícil de usar, lenta, pide muchos requisitos, complicada de abrir y usar... Mi madre cuenta con pensión de adulto mayor y usa esta App, ahora se le complica usarla por este mismo motivo. Deberían devolver la versión anterior, porque esta App la usan muchos ancianos.",1,2026-05-08 11:33:14
3406bb12-b338-443e-89df-a1cb73164a8a,Rous Flores,que mala onda que solo la imagen cambio pero no la actualización solo juegan con la gente,1,2026-05-08 10:57:24
c3ba5f9c-e18e-4fa3-8e77-1f3c3a6400a3,itzel valdez aguayo,mi app aun no se actualiza,1,2026-05-08 10:35:06
fda16717-080d-45c1-a67d-353e7c3f01d5,Mariana Montiel,ya instalé y desinstalé la app y sigue sin actualizar...,1,2026-05-08 10:04:56
e4c9d404-4691-4fc1-a129-27fab722d98e,Mary Ventura,"Esta bien la app pero yo cambie la tarjeta por que estaba vencida y no la reconoce la app, pueden checar eso.",1,2026-05-08 08:06:30
44da4b25-d8fb-4e4b-ae46-5a1e0ec3098c,Monica Espinoza Ramirez,no me da la opción de transferencia,1,2026-05-08 08:01:49
e64def23-148d-42fd-acee-d892c39aa57d,Paola Cámara,No entra,1,2026-05-08 06:24:59
c0676c36-fc97-4f39-bcbb-0e0867d9bd66,Christian Cazares,hace falta que pongan la opción transferir,1,2026-05-08 05:40:29
d2a2b4ec-9e23-4055-a594-251235ff0da9,Iker Salto,Ami no me da la opción de transferir ni de actualizar,1,2026-05-08 02:25:25
0f0a4b00-b176-41cf-ad0f-18bc31d54a37,Yeris Bb,en mi cel aún no llega la nueva actualización y la tarjeta no pasa en todos los comercios. necesitarían hacer más convenios con otros bancos o terminales de cobro para que el uso de la tarjeta sea en todo. ya que quieren hacer digital las cosas y que desaparezca el billete. deben modernizarlo,1,2026-05-08 00:21:47
19ad9c1d-e948-4acb-bf6a-347177590d4e,Katia del prado Salas,no sirve para transferir,1,2026-05-07 23:48:03
6383d694-793f-4844-ae82-aea23e7ebaa0,Gaby Djz,no puedo actualizar mi app para hacer transferencia 😔😔,1,2026-05-07 22:32:36
76e30117-19e5-4471-b78c-fbc1dea647af,sofia fernandez,dice que hace trasferencias y ami no me deja hacer nada de eso,1,2026-05-07 21:37:48
778a689d-f104-47f9-8eb2-9f0e32a79f05,Elizabeth Villegas olmos,aun no puedo actualizarla,1,2026-05-07 21:32:36
756ef4f0-0c17-4d75-be55-ed2374223107,Aurora Isabel,no se actualizó mi banco móvil,1,2026-05-07 19:44:16
9646678c-eee1-4f3a-a027-137c1e694a4c,Odette Cinta Tovilla,Por qué mi app no se ha actualizado?,1,2026-05-07 18:48:05
0bc96586-05b8-459e-836d-42fbf9b21034,Efrain Flores Dominguez,no funciona está app,1,2026-05-07 18:13:08
c5165fb7-2448-40d5-b157-d28c8b703bf5,Lupita Arzat,le falta muchos elementos y cada rato falla,1,2026-05-07 17:44:45
c5c6520c-ec6c-4485-8462-a761cdc76b6c,Wistano Rey,aún no se puede utilizar sigue siendo la misma app cuando se habilita,1,2026-05-07 17:16:21
4d48b46e-229b-4d95-b7d3-68856931ae9a,Isamar Moreno,no tiene para transferir,1,2026-05-07 16:50:19
9878bf65-1924-4c56-a262-ea25dbbbd9ff,Marìa Sanjuana Román Román,quiero actualizar una cuenta y no me lo permite. ya lo intente varias veces.,1,2026-05-07 14:40:41
919e0ea6-cf24-434c-8825-a13304b364e3,Diego Loera,no me a llegado mi beca Claudia porfa checa eso,1,2026-05-07 09:11:00
5bd84f49-a43f-488d-92d8-2666624d6593,Ubaldo Abraham Palomares,La interfaz es fácil de usar y comprender para personas mayores; pero cadece de bancos y cajeros para retiro de efectivo; además de que la app no siempre está disponible.,1,2026-05-06 23:45:24
0f4cb45b-0d62-419b-af20-dc782d59548b,Abril Villegas,"Hablé al Centro de atención telefónica y no tienen acceso a ninguna información. Sólo te dicen que vayas a la Sucursal, que en mi caso queda a dos horas y media. ¡Pésimo servicio!",1,2026-05-06 20:49:35
2b3d087c-5e57-4f5a-b15d-269eb5b134d8,mauricio cazares,solamente da la función de saldo actual no puede hacer transferencias ni modificaciones a tu tarjeta,1,2026-05-06 18:29:18
4634a227-0820-458d-b857-ff6f6dc32770,Jose Ascencio,"buenas tardes aún no se actualiza la app en mi CEL ya la desinstale y la instale y sigue igual , que sucede serían tan amables de apoyarme por favor",1,2026-05-06 16:08:33
181501a2-0383-48b6-98f4-16d05563565b,Geovanna De La Torre,"super austera, no puede uno ver movimientos!! solo tiene el menú de ayuda, la versión de la app, acerca de, y cerrar sesión. no maneja nada de información....",1,2026-05-06 08:44:09
e8b1c3b4-a5a4-41bd-afe1-624dd8e8e69a,Zitro104,mala,1,2026-05-06 07:37:30
84fba106-9bb2-4ac8-ae40-e7a568effd2a,Fer Vega,porque no me deja checar mi saldo,1,2026-05-06 04:41:04
7cfb7c75-e1bc-4dd3-a8a9-2e34efd964ab,German Rull,no me permite acceder,1,2026-05-06 01:54:05
ed668e07-eda5-4bd4-b505-52353d935c34,Rubens Águilar,"No tiene todas las configuraciones que se muestran en sus imágenes, como ""transferir"" entre otros, sus imágenes solo son ilustrativas, muy poco funcional la aplicación.",1,2026-05-06 00:37:24
e2f26a01-3d51-48cc-ab8b-280b9fb76ee4,Ana Ricardo Vazquez,"la app no me deja consultar saldo, solo dice que error al consultar tarjeta",1,2026-05-05 23:13:43
4cf6f681-39ea-4dc5-a6fb-1bf446121ef1,juana de la cruz Balam,no me llega el sms y ya estoy arto😡,1,2026-05-05 18:10:29
95622ed4-648c-4267-9137-c755e3cf0d8b,Rosa Cardoza,"DEBERÍAN HACER QUE SE PUEDA TRANSFERIR DINERO O HACER RETIRO SIN TARJETA, YA QUE LOS ADULTOS MAYORES LA EXTRAVIAN A CADA RATO O SE LES OLVIDA EL NIP",1,2026-05-05 16:14:02
d479b8f2-d164-424a-8008-4a1d5243e799,Olivera Prieto José Guadalupe,"No me deja iniciar sesión, se queda trabado en la parte de SMS, nunca llega ningún mensaje con el código y ya no puedo entrar a la app.",1,2026-05-05 15:38:24
608851fd-d038-4be8-8115-59a802d71062,Victoria Castillo,de 5 ta,1,2026-05-05 13:08:23
ed02d2ca-499d-4e45-a91a-06d6cb2c4999,Axel Pineda felix,tiene muchos errores para validar los datos y es tardada,1,2026-05-05 13:01:56
ec4eb964-aa9e-464a-ad58-c29c10bed2d4,Elia M Pena,"sólo sirve para revisar el saldo, no se puede hacer ningún movimiento desde la aplicación",1,2026-05-05 11:38:48
3f07fde7-de1a-41eb-997e-cfac25d968e7,Veronica Chavez,no me abre la aplicación dice que mi contraseña esta equibocada y ya la cambie y me dice lo mismo tengo asi más de un mes me dicen que la cierre y la buena a bajar y me dice lo mismo y la tarjeta de mi marido si funciona ya la puse en otro dispositivo en ifon y pasa lo mismo que pasa y nadie en bienestar me dice que pasa,1,2026-05-05 11:10:04
06956d64-13af-4cff-86ea-a12cad4a2938,Mauricio Reyes,"mi aplicación no ha cambiado, no tiene demo qué pasa por qué no se instaló así?",1,2026-05-05 10:53:40
99760117-59de-4e9b-9151-a4fb95bd0379,Maria Elena Carlon,no acepta mi fecha de nacimiento,1,2026-05-04 18:47:05
66bada4d-8186-4f9b-9ee8-c27adbd3136a,Jesús M,Sirve sólo para ver el saldo. Pésima aplicación.,1,2026-05-04 15:59:53
68ebdec9-968c-4629-b376-57f407ec93cf,Tomas Aguilera,no funciona,1,2026-05-04 11:01:53
6c858515-af82-43a1-81df-6bfd148ac1b5,Itzayana Grajales,"tiene muchos problemas, no actualiza los gastos de cada mes",1,2026-05-03 18:55:38
08eeee18-6799-4326-a715-032044f4211c,Martha Sanchez,no puedo abrir la aplicacion,1,2026-05-03 08:09:52
83ab6e42-79e6-40bb-abf7-6416a2985fc7,Artu San,"Ya actualicen esta apk para que tengan transferencias, mugre banco que solo tiene un cajero y se hacen unas filas largas",1,2026-05-02 21:42:13
861cefd9-c7d8-4fcb-ab64-01dffc4b1722,damaris crz,"tengo problemas para ingresar,mi tarjeta es débito con interés y al ingresar mis datos aparece información de otra persona,no coincide mi cuenta.",1,2026-05-02 19:59:31
f8bb3c92-419a-4b38-b873-bc0780c90b99,Apolinar Ramirez,fallos de conexión,1,2026-05-02 09:31:16
f80ec3cc-2827-47dd-8e04-20f678f8ec9e,Maialen González,"no sé pueden consultar saldos de otras cuentas, solamente de uno y el historial no es completo",1,2026-05-01 14:13:20
fabf423e-83c9-40b1-bd80-b25e9148a412,Priscila Juárez Aguirre,"No me deja checar saldo, siempre me aparece error.",1,2026-05-01 12:51:04
4af5c3c7-29e5-421d-9630-0c448ae93fdc,Celso Chico,no se puede hacer transferencia,1,2026-05-01 11:37:22
62ca84b8-8da7-4646-be43-98d04ab705b7,Alma Rosa,A cada rato marca error,1,2026-05-01 00:18:17
564611a0-ec50-43ac-a567-193afaffcabb,Eneo Francisco,no puedo checar el saldo,1,2026-04-30 21:52:32
323a9091-eaa9-48ae-86a3-185677bee63e,Adrian Landeros,"la verdad ya llevo días intentando poner mi tarjeta y no me deja me pone ""se produjo un error intente más tarde""",1,2026-04-30 18:42:39
39d9e62a-f97e-43d0-9876-d5996c39f85a,Suleyma Luna,"está horrible,falla cada rato,por cualquier cosa 😭☹️, honestamente la idea de las transferencias y el dimo están excelente (aunque el dimo sigue en desarrollo)Pero no se si la app se satura o que onda, porque de los 30/31 días del mes jala chido unos 3 días 😔 con suerte",2,2026-05-30 12:39:22
c2b7dcce-4efb-48f7-a5d2-c2251a2fc290,Gustavo Cruz,"Si está mejor ahora, Pero les falta que se guarden las cuentas a las que transfiere uno o por lo menos las más frecuentes",2,2026-05-30 12:26:01
a91bfd3f-f5ad-4de4-90de-9c613e4935c3,Mercedes Garcia,"no me deja abrir la app, en cuanto entró la pantalla se queda en negro, la desinstale y volví a instalar y nada 😞",2,2026-05-30 12:20:26
8bb82850-a84a-4ff9-b55d-ecce5818165d,Raúl Hernández Garciadiego,no funciona,2,2026-05-30 11:51:10
97960449-6ca6-425d-95af-4835aa069ad8,Darinel Peres,no me aparece la parte para Aser transferencia,2,2026-05-30 11:49:31
34c56831-8151-47dc-ad03-a0162277474d,Reyna Luz Salazar Fonseca,Siempre marca error al querer realizar transferencias. No hay otra manera más que sacar el dinero del banco porque tampoco deja pagar servicios o demás cosas en línea.,2,2026-05-30 11:11:27
728f2525-c275-4211-b7e4-8f2798478d2d,María Winklerz,a mí ya me aparece la nueva versión de hecho ya pude entrar se ve mi saldo pero sigue igual sin poder transferir,2,2026-05-30 11:11:26
c28c7c93-dfaf-41c2-9d06-41378931f10c,Flor Aguilar,no me deja hacer transferencia,2,2026-05-30 10:32:57
f347a739-4e56-4c84-bfb9-0e6e269f68e0,Lia Herrera,ami me dice herror donde pongo el número 🥺 y no me deja avanzar,2,2026-05-29 23:38:18
700d7da9-453a-431d-b19d-e20dba0cb99d,Tanya Castillo (Tata),"Muy bien con actualización, es más dinámica e intuitiva, sin embargo, al querer entrar con la huella me marca error de autenticación y no me deja escribir la contraseña para poder acceder para nada... creo que es algo que deberían tener en cuenta, mantener tanto la contraseña como los datos biometricos",2,2026-05-29 22:22:37
98641220-4e96-4501-815d-d36f15009a9a,luis soto,"da bastantes problemas, nunca puedes transferir siempre da un error y solo genera fallas y tienes que estar registrando tus datos una y otra vez",2,2026-05-29 18:57:11
0b68096f-862f-4e1f-ab71-bcc8e2a6bc46,LILIA MARIBEL AYALA GARCIA,"con la actualización, no me permite entrar y me marca error",2,2026-05-29 18:37:51
5d0d0b65-afe8-4304-81ff-423242bfd151,ÁNGEL HINOJOSA VIGIL,todo bien con la nueva actualización las transferencias y todo eso pero sin embargo considero que no están siendo un tanto inclusivos con los que tenemos discapacidad visual y por tanto usamos lectores de pantalla ya que los botones no están etiquetados ni nada,2,2026-05-29 18:06:51
6776a088-bfbb-44b7-8fcc-2f5d0f4e37d4,priscila mora,¿porque no se me descarga la nueva version?,2,2026-05-29 17:19:54
6a620f01-5a80-4fec-bce1-2735c7cfb21e,Igor Stepanenko,se bloqueó casi un mes y ahora que logré entrar no hay cambios no se instaló la actualización no se puede transferir ni nada esta igual que la anterior,2,2026-05-29 16:13:38
fc150c99-8fdb-4270-9ebc-1a9c60e24d63,Fernanda Fernandez,🤦‍♀️,2,2026-05-29 13:59:45
1f791212-6b23-4b56-a126-0831079706b7,Refugio Lara,no me aparece actualizado como le puedo hacer para que me salgan las transferencias me podrían orientar gracias 🙂,2,2026-05-29 11:45:55
22140aa7-1c05-44ac-ac6c-abae440111b1,Guillén Flores Diego (repámpanos :0),"No sé qué le hicieron, que reiniciaron el acceso, o borraron la sesión existente, que no me permitió acceder por un buen rato a mi cuenta por el ""autocompletado del código enviado por SMS"". Siento que es claramente innecesario.",2,2026-05-29 09:11:59
eaac92d6-b829-4a66-ad17-4e5e3d22860c,Tachi Park,"Debido a problemas con la última actualización desinstale la app, la volví a instalar y no me aparecen las nuevas funciones que mencionan, prácticamente es la antigua versión donde solo puedes consultar tu saldo.",2,2026-05-29 08:22:58
ffd42b4a-326a-4cae-b5d2-5b06abf4d357,Damian Lucero,ya no se puede entrar muy bien aora tengo q esperar q m yejen un código,2,2026-05-29 08:21:50
8f60b55b-54b1-416a-a779-5cf3c7952ab0,Arlene g Corona,está muy bien que se pueda transferir pero ahora me aparece bloqueada mi app que por qué intenté muchas veces entrar erroneamente y yo no hice eso y mi cel solo lo traigo yo ahora que puedo hacer?,2,2026-05-28 23:19:45
3a76eaff-df01-4780-866f-541d4c62ca8a,Sara Arias,en lo personal no se me descarga la nueva versión en la que puedo usar transferencia,2,2026-05-28 21:34:52
22b281b5-60d0-4b9d-83ac-bb633a214848,Rosa Rodríguez,a mi no me llega aún la actualización y desinstale he instale y sigue igual primero abrí la.app y tenía que hacer 4 y del primero ya no me dejo pasar y luego ya en el último nunca me llego el número de confirmación.,2,2026-05-28 21:17:00
ac59bf3c-03ae-4ad6-9268-dad560013f48,EDGAR VEGA RENDON,desinstale la app porque no me funcionaba pero ahora sí pero no puedo hacer transferencias,2,2026-05-28 20:25:10
98e8ba5b-1315-4318-84f4-d4aa4790e5e2,Connie Orozco,"QUIERO INSCRIBIRME PARA LA AYUDA DE ADULTOS MAYORES, ME DISEN QUE PUEDO HACER TRANSFERENCIA.",2,2026-05-28 19:07:14
db5b9a9e-8831-4eb4-b832-2e6fb47a0eb7,Karina Castillo,no puedo descargar la actualización,2,2026-05-28 16:44:13
7590a623-96f9-4cf6-9c1a-206639c203ea,Francisco Chales Hermida,"es complicada, siempre está congestionada y no deja hacer movimientos oportunamente",2,2026-05-28 14:17:28
9a6420e6-a00b-47b4-b54b-3ecbf38dbcf3,Enna Guzman,No me aparece la nueva actualización.,2,2026-05-28 12:35:19
bb42e0c6-e45f-4074-87f5-d997579fc337,Carlos Tapia,Aun no se me actualiza la aplicación en mi cel no me deja hacer transferencias saben porque?. Ya la e eliminado y descargado varias veces y sigue igual aun,2,2026-05-28 12:02:12
2093e9be-75c4-4a81-a2ef-12a5d50ee775,Nacho Montiel,La app es una tontería. para poder poner la fecha de nacimiento la única forma de hacerlo es recorriendo todo el calendario hasta llegar a la fecha correspondiente. en mi caso tengo que ir hacia atrás 68 años.,2,2026-05-28 11:38:31
b3a74f7f-242f-444a-9c88-563e4b27afa9,Azul Celeste,me gusta su funcionamiento,2,2026-05-28 11:16:40
086d6426-7b55-47e4-80a4-8e1deecd1cd5,Yohana Quezada,Siempre está fallando se batalla para abrir la aplicación y se supone que se actualizo para poder aser transferencias y no se puede marca error al querer transferir,2,2026-05-28 11:06:17
940a0c6d-42aa-41a4-aad7-c99c684ff8a2,Karen Candela,no me da la opción de actualizar,2,2026-05-28 09:43:09
0701469d-3518-4ec6-ac47-9069956fd4d7,Gabriel Chan,Falla de manera constante y no permite enviar más de $1500.,2,2026-05-28 08:05:53
9fd313ef-8124-4b50-b347-d6c3bbd8f2d7,Ann Garcia,"con la actualización no reconoce la huella tiene que ser con la contraseña no deja mandar dinero, dice error 😑",2,2026-05-28 07:39:30
7bc0584a-7c44-4390-8307-b6eb6aad1923,Nazly Jimenez,no puedo realizas transferencias ☹️,2,2026-05-28 07:38:17
55aab102-6693-4b3f-8ade-4c0154201dd2,ROMAN RAMOS RIOS,coovobb,2,2026-05-28 02:22:13
0e3218b2-16d7-437f-bb95-5a176b2a081b,maricarmen Tirado,"a cada rato me falla la aplicación, me marca error.",2,2026-05-28 01:17:10
d8165e99-2339-4ca9-a436-3e432b37b56c,Sara Gh,preferiría que no fueran 48 horas para que pueda transferir mi dinero (aun no me cae el dinero y eso que ya estamos en la fecha 🫠😭😭😭😭),2,2026-05-27 23:04:56
01fe1308-f099-484e-b1fc-040470b99fef,Brenda Hernandez,le falta mucho va la aplicación,2,2026-05-27 22:35:36
28f1bef2-0284-4db8-b012-f7ae6a79b9dc,Yos Pech,mala no me deja hacer transferencias,2,2026-05-27 21:28:47
ed48e7d3-eb09-40af-b8d2-fe9f3d89feb5,Taquito de sal,no la puedo actualizar por qué ? alguien que me pase info por favor,2,2026-05-27 17:43:22
f59a7735-9c5f-4710-b086-ea2dd59b2037,Dora Jesús Acuña Bustillos,"no e podido entrar desde que me dieron la tarjeta me tengo que oir todo el discurso por llamada para saber el saldo muy mal como si uno tuviera tanto tiempo, cabe resaltar que no recibo beca es para el apoyo de la Escuela es nuestra",2,2026-05-27 17:25:31
bfe8570c-c501-463d-ba58-803e15e1d1a8,Jose kolunga,cómo hacerla para ingresar el año de nacimiento porque eso de estar pikele y pikele está cansado,2,2026-05-27 17:12:08
d420a929-bcfd-4899-90e2-c42baf785a32,Karla Fierro,ya puse todos mis datos Pero cuando me va mandar el codigo de verificación nunca llega tengo 2 semanas así ya no se que más hacer,2,2026-05-27 15:17:16
f4d97f89-efb5-46ed-82af-6430ef7033b7,ROGER ALBERTO CAMAS HERRERA,falta opción de guardar contactos,2,2026-05-27 14:46:03
af24170f-90a1-4c99-abd4-b57962f7e7ea,Natividad De La Mora,"no me da opción de continuar se quedó hasta donde acepta mi número telefónico 😏😏😏ya la elimino reinstale reinicie hasta apagar el teléfono y nada ,será estafa😏😏 alguien le pasó algo similar ya lo intente más de cien veces creo y nada.",2,2026-05-27 13:45:03
7154dbf1-dc78-4237-ae76-b2ae66bb6eea,Juan Carlos Villalobos,actualice la aplicación y ahora no me acepta la fecha de nacimiento. tengo varios días dando de alta mi tarjeta y dice lo mismo. y lo mismo pasa en el CEL de mi esposa.,2,2026-05-27 13:18:59
8137d565-3e16-4ed8-9d04-b27831e022df,Perla Hernández,no me gustó la verdad xk donde yo vino no ahí señal y no llegan mensajes SMS y no puedo meter para checar cuánto dinero ahí o si llego,2,2026-05-27 12:36:04
ca21f682-b588-45fa-8139-ee4478b7e0ad,Fernando Ruiz Flores,tarda mucho en llegar un depósito,2,2026-05-27 11:40:47
850cbb75-3066-4c44-854c-b16ce9ecfa3f,Jhonatan Gutiérrez castellanos,No me deja entrar ala app solo queda en la pantalla de inicializacion,2,2026-05-27 10:59:14
bb0b65fc-278d-4fbc-9d35-d15d3e4f7594,Mary Martínez Ochoa,a que se refiere con el error x50?,2,2026-05-27 10:28:17
cca34b1c-2a6a-429a-b531-3926ba33ba09,Eduardo Juárez,un sigue siendo muy básica pero ya por lo menos se puede hacer transferencias aunque el monto es muy bajo,2,2026-05-27 09:49:36
f6f6f6ba-3fbe-4ccb-8a50-d2c84b9e863c,Apps Premium,"a la hora de volver a poner los datos marca un error y dice que no coincide con los datos que registro el usuario en la fecha de nacimiento y yo estoy bien seguro de poner los mismos datos que la primera vez le paso a mi mama y a mi vecina a mi papa le funcionó a la primera poniendo los mismos datos... alguna solución? no es error de nosotros ya que estamos 100% seguros de poner los mismos datos, de antemano gracias 👍",2,2026-05-27 00:36:51
e1c3e854-18f3-4bd9-91d1-bd13c6b5b763,Abril Robles,llevo días intentando instalar la app y no puedo ingresar nunca me manda el msj sms que dice y nunca puedo ingresar a la app,2,2026-05-26 22:24:32
90ff7783-9253-4584-9c96-e78ed479dc8a,CARLA MADRIR,"ACTUALICÉ LA APLICACIÓN Y AHORA NO ME DEJA ENTRAR, ME MARCA ERROR DE SEGURIDAD, YA LA DESINSTALE Y LA VOLVI A INSTALAR Y AUN ASÍ NO ME PERMITE ENTRAR, ME MARCA ERROR",2,2026-05-26 20:07:47
b715ca59-85c6-49d5-bd81-13cf94ce2983,Noble Jak,"terrible funcionamiento, si te deja entrar a tu cuenta ya es ganancia. nada de lo de más funciona.",2,2026-05-26 17:34:13
002db8ca-1919-469d-9df2-15b6009ec72a,Feliciano Carrera,"cuesta mucho para poner la fecha de nacimiento, ya que se tiene que regresar mes por mes y no da tiempo porque de repente se reinicia, yo no pude.",2,2026-05-26 15:52:24
3be76248-46b4-4d2b-a0c8-b6d7d95f2f0f,Gustavson,"En la opcion de agregar fecha de nacimiento es muy poco efectiva , tienes que regresarte mes por mes y año por año sean más empaticos , muy dificil para un adulto mayor estar ahi presionando mas de 100 veces para encontrar la fecha y si no se hace rapido se sale por tiempo , y aparte les falta agregar la opción de apagar/ prender tarjeta para tener mayor seguridad!",2,2026-05-26 15:17:36
0395c5fc-d65d-4330-abb6-b976f60ef470,Araceli Pliego,"No a todos los bancos puedo hacer transferencias, y además no me desglosa los movimientos. Considero que deberían de checar esos detalles en la app.",2,2026-05-26 14:47:16
065d8de9-3915-4a1f-8f87-8d3ae81972d3,Barbie Xoant,no me da para autocompletar el codigo que llega por mensaje alguien tuvo algun problema igual?,2,2026-05-26 14:04:26
a5215653-1d7f-481d-8889-ea48f5ed3e87,Aniie Gonzalez,No se ha podido hacer transferencias desde que la app se actualizo,2,2026-05-26 12:37:44
15fe4f22-5d26-4cb0-83f2-855fb6347e3c,Rosalinda Hernández,apenas voy a usarla espero y no galle,2,2026-05-26 09:08:48
ada7437d-d3c0-4526-a1c9-080cceac991d,luis vega,Muy bajo el monto de transferencias y no guarda contactos,2,2026-05-26 08:04:31
e2b4b0f5-edae-4408-80f9-e95a9002dd74,David Villalobos,"La App tuvo una actualización que realmente está excelente. Lo malo es que no quieres hacer transferencias a otras tarjetas porque (contrataron a estudiantes de informática del bienestar 🤭) te pide tu nombre y la CLABE para trasferir dinero y ahí se queda como las momias de GTO. Solución? ir a cualquier cajero de otros bancos y lo retiras, solamente cobran $39 Vale la pena para no ver a los pobres ancianos tratando de sacar dinero del cajero, es novedad para ellos. Y las cajeras son déspotas.",2,2026-05-25 23:12:00
f0e1357d-4619-4c85-9ecd-9b3dba7902dd,NICOLAS VIGIL VIGIL,"se satura mucho , no tiene suficiente poder ,me bota los datos y no me deja poner fecha manual",2,2026-05-25 22:30:55
71ff2c03-6295-4a3f-a430-8f32e044ae43,matilde alegria,"Se agradece se pueda transferir, pero esta muy limitado el monto de tranferencia diario... ademas que solo puedo transferir en cierto horario, no las 24 horas (solo entre semana, porque sabado y domingo todo el día marca el mismo error ""X44"")... Actualizado al 25 de mayo de 2026... cualquier clabe interbancaria que ponga para transferir me marca error como si fuera inexistente",2,2026-05-25 20:44:03
3ec2a39e-f2cc-4415-836a-8a4ce988464e,Araler Ventura,no puedo transferir,2,2026-05-25 17:17:02
903a96d3-8ba0-4fc3-b9cd-12430b7b66c8,Rosa Amelia Rodríguez,"Batallé mucho para ingresar mi fecha de nacimiento cuando instalé la aplicación, porque no da la opción de teclear la fecha.",2,2026-05-25 17:05:06
f466ab34-fcf8-4ed1-982d-f9a6da82ed68,MARTHA YOLANDA SCHMITT FLORES,"Pésimo, muy mal que no le faciliten las cosas al usuario, especialista a los adultos mayores y personas con discapacidad, resulta que ahora hay que volver a validar datos del usuario y en la parte de la fecha de nacimiento es imposible ingresar fecha con esa UI de Calendário especialmente fechas como ejemplo 01/01/1953 por qué primero hay que ir hacia tras en el año en cuestión y si no se ingresa la fecha exacta del usuario no se puede continuar la validación de datos. Es inútil e ineficiente.",2,2026-05-25 15:27:12
4a1f6482-248b-4d65-af00-bccfc15ea46a,María Eugenia Vázquez Roldán,muy complicado,2,2026-05-25 14:54:30
3c482f1f-8a63-4f8d-b404-f2ec12fc731b,Araceli Pinto,Tarda mucho para acceder y cuando pongo mi huella siempre me marca error,2,2026-05-25 14:35:40
ebb5a0c9-7548-4215-bd27-0bf5082f5894,Adriana Muniz,se actualizó y ya no me deja entrar,2,2026-05-25 14:28:31
ac2626a0-20f1-4273-ac11-5532722d950c,Teresa Rodriguez,"La actualización es una lata, al activar y solicitar la fecha de nacimiento no da la opción de ingresar la fecha manualmente, tienes que regresaste mes a mes décadas !!! Arreglen eso por favor.",2,2026-05-25 14:20:57
43d197ee-e43c-41f7-a01e-7a865a3f25f1,Juan Pacheco,es pésimo el sistema,2,2026-05-25 12:37:17
ae3c7f2e-f544-47c5-b39a-9ab31d19b590,Jorge Orozco,"a quién se le ocurrió que para poner la fecha de nacimiento hay que recorrer a mano todos los años hasta llegar al tuyo. deberían probar la app antes de liberarla, digo...",2,2026-05-25 12:31:22
94cdd7ba-aa4c-4f0b-83e8-bcde7126f351,Angeles Rodríguez,"ERROR , TRAS ERROR CON DATOS CORRECTOS Y DESPUES BLOQUEO ERROR TRAS ERROR CON DATOS CORRECTOS",2,2026-05-25 12:28:37
7867aacb-0954-4999-afd7-d51f69161647,hnandez Hernandez,no entiendo Cómo ustedes qué hacen este tipo de aplicaciones no piensan un poquito! la mayoría de los que usamos esta aplicación somos gente de más de 65 años cómo es posible que no puedan facilitar el poder poner uno su fecha de nacimiento fácilmente!! solo escribirla y solucionado! no que tiene que seleccionar un calendario el cual para llegar a la fecha necesaria tienes que darle click a un botoncito más de 100 200 veces el tiempo se agota y la aplicación te saca?!!! PIENSEN UN POQUITO!!,2,2026-05-25 11:39:34
048b8ce9-5c86-4baa-a783-d6b575aa36a5,Rosalba MR,"Ya tenía esta app y funcionaba bien, pero desde que descargué la actualización ya no he podido entrar, pues no permite activarla después de poner todos los datos que pide.",2,2026-05-25 11:26:07
f55add20-42e9-48b4-aceb-f5a88e9a5b44,Analy Wright,"Despues de un rato de uso dejo mucho que desear para consultar saldo únicamente está bien si haces transferencias rara vez llegan al banco destino y se regresan a la cuenta en 48 horas o más tiempo y si se te regresa en 48 horas se tiene que llamar a atención de bienestar para que fluya esa transferencia, usar únicamente para consulta de saldo para tranferencia que se supone era la mejora no sirve , no lo hagan",2,2026-05-25 11:22:07
d99248eb-8e04-43d3-b83e-ac3a48257a1c,Maria Luisa Ortiz,"Ya está funcionando mejor,si cuesta trabajo hacer transferencias porque continuamente marca error,hay que estarlo intentando varias veces. Esperemos que pronto mejore el servicio.",2,2026-05-25 10:19:59
1b53862e-9ce9-4c3d-a405-4a3df0fc03e8,Francisco Sarmina,"Pues sí, ya la ""mejoraron"" pero no sirve de nada. utilicé mejoraron entre comillas porque no sirven las transferencias. complete los cinco pasos para transferir y nada más me marca error. esta app del gobierno debería de ser lo mejor. lo bueno es que vivo a unos minutos del cajero del bienestar. y dicho cajero está en una de las colonias más violentas de mi rancho.",2,2026-05-25 09:43:13
389a967e-ba89-4860-9a70-10aa2c4a61a8,Claudia Iglesias,"con la nueva actualización no puedo activarla me envía un error y no puedo ingresar a mi aplicación, ya desinstale y volví a instalar y no avanzo",2,2026-05-25 08:31:52
8e436763-bf81-4dc5-b2db-8025178f14b4,Yami Shaka,"antes podía ingresar, ahora con la nueva actualización, me dice error de autentificacion 201 y no puedo ingresar",2,2026-05-25 06:04:41
784461e6-0558-494b-8c1c-3b3eb9e7543c,Aurelia Lopez,"no sugerir en otro dispositivo que nunca utilice ,gracias",2,2026-05-25 03:53:58
2d3a19af-6762-4324-b99a-a9abf29e3721,Antonio Martínez Capistran,no funciona el envío a otro Banco.,2,2026-05-24 20:49:39
e0ca86b3-e3f3-471c-9614-2971f22ba6e4,Rocio Sancjez,mala ya que no deja hacer transferencias marca muchos errores,2,2026-05-24 19:14:14
de4af6a1-cf29-4463-84dd-fdebb621c62c,Luis Rivas,"Cada que intento transferir dinero a otra cuenta mia me aparece que en este momento la transacción no puede ser realizada, lo intento horas después, incluso días y nada, sigue lo mismo",2,2026-05-24 15:03:06
9659f984-c27a-44a7-a3b6-c74e5b7d7ffe,Gabriel Gasca,"Era buena la idea, pero no funciona, mi mamá intentó mandar su apoyo a mi banco para que al retirar no pagar comisión del cajero, pero solo es máximo 1500 por día(o sea esperar 5 días para mandar todo) y aparte al intentar transferir siempre da error",2,2026-05-24 14:02:10
4f6be7dd-606b-4dda-a07a-5845bbdcf444,Jhovani jesus Olmedo garcia,no funciona bien y tiene algunas caidas del sistema,2,2026-05-24 13:34:56
8b23633c-3356-459d-a0ed-1a11bedb8ff5,Alejandro CG,Un acierto fue que agregaran la opción para transferir. Lo malo es que no se guarda ese contacto y hay que ponerlo cada vez que se requiere y que solo se puede transferir 1500 Y desde ayer aparece Su transacción no puede ser atendida en este momento X44. Borre cache. Reinstale la app y seguimos con la falla. Falta que digan que solo se puede usar de lunes a viernes,2,2026-05-24 12:49:20
24c07de5-04c4-4ffc-8407-7c85c18ec111,Beatriz Sanchez,bloqueo mi acceso a la app aún con datos CORRECTOS!!!!,2,2026-05-24 12:39:19
ff714109-aa21-455e-8424-49a54217e0b2,Jamon Nakata,"disculpen, sabrán porque aunque pongo la fecha adecuada de los datos de mi mamá me marca error y que no corresponde correctamente?",2,2026-05-24 12:34:04
e5da71b4-e404-4334-9c6e-8374456034e1,jaime rodriguez rodriguez,"se tarda mucho en abrir y quiero hacer transferencia a otra cuenta y no siempre se puede dice error, le falta mucho para que sea una buena aplicación",2,2026-05-24 12:28:49
9f5f4664-dc01-4ab4-a37e-dc314c61baaa,Rosario Rivera Barrios,no responde cuando hacen actualizaciones aparecen ubicación y demás permisos y no aparece para avanzar,2,2026-05-24 12:23:45
c6222306-be26-4a38-930a-9af4e8635175,NorBertha Ramos Hernandez,no deja hacer nada solo ver lo ke hay y ya,2,2026-05-24 11:48:37
c3aee315-7662-4b52-a455-05ff237af5e3,Cristian Hernandez vivero,Me enviaron dinero a esa targeta y no me llegó el dinero,2,2026-05-24 08:30:00
b9c76eca-69e8-4ad3-8006-afb53e1dbf19,YURITZI SALGADO ESTEVES,"Esta bien la actualizacion, lo malo que no me deja entrar a la aplicación",2,2026-05-24 02:04:27
bff80c09-8d0d-41d2-8f46-eed9df43d9c1,Guadalupe García,"Antes estaba bien, ahora con su actualización no puedo entrar porque tengo que habilitar la opción de la ubicación, ya lo hice y ni así me deja ingresar.",2,2026-05-23 22:57:56
63994541-3a09-471e-a3bc-89b389221e2e,Blanca Mendez Muñoz,nose activa mi tarjeta seme bloqueo,2,2026-05-23 19:16:39
6ab6b822-719a-4e92-ae9a-c31b386a2161,Sarita Zacarias,"Por ahora mi experiencia ha sido mala, solo se pueden transferir $1500 y solo me dejó transferir 1 vez, lo he intentado en otros días y marca puro error, pensé que con la nueva actualización ya no tendría que ir al cajero pero seguimos igual🤷",2,2026-05-23 18:48:13
af4bc29d-ef08-495a-b842-a770912e9332,Julio Romero,"no me deja realizar transferencia, me aparece el error (x44), y ya reinstale la app",2,2026-05-23 17:44:42
550244cf-66fa-41eb-9e85-e026020e43c6,Fher S. Torres,"con esta actualización supuestamente ya puedes hacer transferencias, pero no funciona, te marca error.",2,2026-05-23 16:32:47
66af20b2-ae75-40d8-a2f0-e13de1c87bd8,Philosophy Essence,"La aplicación tiene muchas deficiencias. Entre ellas errores al querer transferír, de ubicación entre otros. Es un fastidio que le pongan herramientas que no pueden usarse.",2,2026-05-23 15:50:35
564d9de8-062b-452c-a2c8-02f1176f53ad,Luis Antonio Beltran Garcia,aún deja mucho que desear más de 2 días queriendo hacer 1 transferencia y solo aparece saldo insuficiente.,2,2026-05-23 15:34:25
31209a80-2593-4057-abaa-d392274cfa3b,Camacho Martínez Jorge Alejandro,"no funciona la transferencia, lo intente y no me dejaba, me decía ""que no podía ser atendida"". Osea que pedo no?, haci me dan a entender que no están trabajando xD",2,2026-05-23 15:28:29
de6305d9-bc39-4757-81dd-05141d60f3aa,Vicente Lopez,no entiendo por qué Para poner la fecha de nacimiento tienes que recorrer mes por mes de cada año tengo 58 años y recorrer hasta el año de mi nacimiento fue un viacrucis para poder llegar a mi fecha de nacimiento corrijan eso por favor para que la fecha se puede introducir sin tener que recorrer todo el calendario,2,2026-05-23 15:18:05
df05e67a-f4de-4ece-b8f6-b9dc671771d1,Roos Castillo,"solo dos ocasiones me permitió transferir en días distintos, despues ya no lo ha permitido. Justo porque tengo un niño con discapacidad es muy complicado salir al banco y cuando vas hay demasiadas personas y para mí hijo es desesperante.",2,2026-05-23 14:57:31
db184290-16c9-4a33-a74d-6a8f45072a42,Carlos Humberto Romero Trinidad,"La verdad para mi, no me ha funcionando ya qué no permite enviar dinero desde poco o sea 10, 20 o 30 pesos xq es saldo insuficiente, ya qué en otros bancos si te permiten hacer toda esa transferencia, ni tampoco de permite usar otras aplicación de esta misma, cuando la clonas para poder tener todas tus tarjetas en un mismo cel, ya qué el código enviado es automático y no permite escribirlo.",2,2026-05-23 14:42:20
9f4d6571-d7c2-48f5-ab47-fffc184c6899,Candelaria Aguirre,"la verdad es una pésima actualización ya que no permite enviar dinero, osea como si fuera a mandar 20, 15 0 10 pesos, no deja porque es un saldo insuficiente jeje ni tampoco te permite usar la aplicación en otra aplicación osea cuando la quieres clonar no permite usarla, ya que es código de msj es automático y no deja leerlo la aplicación que está clonando, y pues no dejaron la opción para poder escribirlo el código,tiene que ser a fuerza en automático.",2,2026-05-23 14:37:55
fed9abd5-74dc-4421-8f52-208f995435e6,Ojitos bonitos,no deja hacer transferencia aunque si trae la ap,2,2026-05-23 13:06:22
357a3bff-3b89-4b20-8f73-55c83adc4036,yoalii marquez,"hice una primer transferencia y me lo permitió pero al querer realizar una segunda transferencia ya no me permite, me manda error X44, ¿me podrian ayudar por que ocurre esto? gracias. la actualización estuvo esta estupenda, al ingresar la fecha de nacimiento el truco es: No regresar mes por mes, mejor en donde aparece el año 2026 seleccionen su año y posterior a eso ahora si con las flechas del mes seleccionan el mes y el dia y listo.",2,2026-05-23 11:56:09
23c7f103-7e28-4df3-8325-5e9906242dd2,jose luis sanchez,"YO PENSE QUE ERA UNA BUENA APP, PERO NO ME TRANSFIERE NADA Y SIEMPRE MARCA ERROR, CUANDO LA INSTALE FUNCIONO BIEN, PERO AHORA NO!! OJALA Y LA COMPONGAN....",2,2026-05-23 11:47:55
5529b258-f0ef-4fc5-abaf-4d3b68d40adb,Pitufo O,"estuvo bien la actualizacion, pero esta dando error al transferir a otros bancos, estaria mejor si subieran el monto a transferir",2,2026-05-23 10:06:44
9053c5ef-f0df-4f15-a1e8-1a4f7f331630,Lourdes Eduwiges Rangel Torres,trai error A46 no he podido ingresar,2,2026-05-22 21:06:54
9ee21045-4266-4854-b375-9f76e03e508c,jose alejandro rodriguez moguel,"Para que publican que ya se pueden hacer transferencias si no es verdad, Marca error al tratar de hacerlo",2,2026-05-22 17:42:42
9672aee1-5415-4ad8-b785-3dde844c79af,Dalai Perez Noj,Qué bueno que se pueden hacer transferencias pero solo puedo hacer una ahora me marca error espero pronto reparen esa situación decía mi padre cuando hagas las cosas hazlas bien o no las hagas Por lo pronto mi calificación es aplicación MALA MALA MALA,2,2026-05-22 16:44:53
41f40b1f-c15c-4045-8ef2-611134d554af,antonio herrveg,esta en proceso de calificación..... nunca la he usado.,2,2026-05-22 16:14:04
71786163-b84f-4371-9cea-2d07775c65ef,Pepe Camargo,se está desactivando continuamente,2,2026-05-22 16:06:01
b85e1059-d376-436d-8972-e12f74924fd2,Andrea Rivera,Ya se actualizo pero ahora no me deja entrar cada que le doy mi contraseña me dice error por que le hago nada no deja que entre,2,2026-05-22 13:59:54
0d5b04d6-7885-4609-b59b-31cafc8820b9,Fernando Patatuchi,"Solo pude realizar una transferencia, al trater de hacer otra al siguiente día ya no me dejó, dice que no tengo sesión activa, entonces, como no guarda el beneficiario tengo que teclear nuevamente TODOS los datos que por cierto pide 10 digitos para cuenta (mi cuenta es de 14)y no da oportunidad de checar la CLABE de 18 digitos, se sigue para que al final diga que no tengo sesión activa. Por favor sigan mejorando la app, gracias. Ahora dice que no puede ser atendida mi solicitud (error x44)",2,2026-05-22 13:17:52
6734be04-a7ca-4478-931a-0977c02dbe6a,Per Sol,no puedo ingresar a mi cuenta,2,2026-05-22 12:48:51
a5152e7c-7769-48e7-b7e5-f6e7dafe4275,Jenny Solórzano,"hay muchas fallas en la nueva versión, mw dice que mi fecha de nac. está incorrecta, me bloquea y no me deja avanzar.",2,2026-05-22 12:08:51
fe3e7596-97d9-4490-88f4-fbb6023888cc,ceci herrera,no me deja entrar no me llega el mensaje para cambiar la contraseña,2,2026-05-22 10:17:04
fbdb4e2b-d760-414f-ac13-287eaa05d865,heriberto miranda,"dicen y dicen que está actualizada, pero no logro hacer tranferencias por ejemplo....",2,2026-05-22 08:40:26
ccf2011f-3f47-4df3-9640-782ab2bedf44,Aridahi Flores,Más o menos,2,2026-05-22 08:35:04
2db069fd-a20d-48d2-abf0-96b12ada810d,Milly Ruiz,Me falla a la hora de transferir dice que en este momento no puede ser atendida mi transferencia,2,2026-05-22 06:54:08
19506ac1-be8a-4dc2-a2a7-81a55fe30e96,Miguel Ángel Tapia Rosales,hay muchos errores no se puede transferir a otro tipo de bancos por qué no funciona van a arreglar eso,2,2026-05-22 06:33:31
be41599d-3582-4d30-b879-cc002670a7ec,Mundo Multimedia,no sirve de nd la aplicación ya no me dejo entrar para nd tengo tres días intentando entrar y me sale puro error,2,2026-05-21 22:48:02
22ede1a2-90be-4523-ae0c-eea59d55767a,Paul Phoenix,Aparece mensaje de error al querer transferir: Su transacción no puede ser atendida en este momento(x99). es error general? o tiene algo mi cuenta ??? Alguien le ha pasado esto ? soporte de la aplicación podrían aclarar mi duda ?,2,2026-05-21 22:44:40
6b3e00df-5a65-40a3-9993-951fc5313ce7,Estefany Paramo,no abre la aplicación desde que la actualice,2,2026-05-21 22:35:53
3fd38c2d-9a12-4d9d-81cd-81d5d484fc1a,Ricardo Lon,"no funciona, intento iniciar sesión , introdusci mi número, y no me envía el mensaje sms con número para verificar en automatico, ya configure Google para los sms y la app dice ""tuvimos un problema para enviarle el mensaje"" Corrijan eso por favor, porque pasa en el celular de más personas .., así como voy a poder abrir una cuenta corriente?",2,2026-05-21 21:10:54
e923faa4-82aa-43a7-a51e-284238e187f2,Alicia Martinez,"La aplicación tiene una falla en la fecha de cumpleaños no es dinámica en el año se queda estática error de interface o código,me apoyan en modificar ya que la app te saca para actualizar datos.",2,2026-05-21 19:22:49
4713e33c-8d46-4532-b7a8-6942a4460c93,Ismael Guillen,"te pide fecha y te muestra un calendario 2026, tienes que retroceder con la flecha mes a mes y yo quiero ingresar el año 1932, que fastidio",2,2026-05-21 18:38:24
4fe30389-72e1-4f6e-ab8c-757f6b812ac5,Selva Prieto,Porqué los gobiernos siempre ponen al sobrino computín inútil a hacer las páginas y las apps? Para poner tu fecha de nacimiento no hay opción de cambiar el año más que retrocediendo manualmente los meses de 76 años! Arreglen eso ineptos.,2,2026-05-21 18:34:07
4cf1c872-abab-461c-8c63-a4613633db59,GUSTAVO ATIENZA Y GALVAN,"la nueva APP, no funciona, se bloquea y no te deja hacer nada",2,2026-05-21 15:59:20
f0e85480-4442-418d-ba29-3326d7112e6e,Luz García,no puedo hacer transferencia error x44,2,2026-05-21 15:05:34
ea98b5cd-5ddb-4ff3-afc9-7cb60287277d,Raul Fuentes,"Es una lástima por qué al principio estaba trabajando bien, Ahora con la nueva actualización no me deja accesar a mi cuenta, en un Huawei Nova Y72S. El sistema me pide descargar Gbox, un emulador de AppGallery y tendre que dejar la versión anterior.",2,2026-05-21 14:35:42
698151e2-9584-4801-852f-bb4965437af6,George jorcore,Se batalla mucho,2,2026-05-21 14:19:18
6b3176a2-1c59-4baa-85a4-62cd46396881,Marcelo Amaro,"necesito también tener la aplicación de mi tarjeta de débito del banco del bienestar, cómo le hago?. si ya descargué la del adulto mayor.",2,2026-05-21 12:18:56
768ce788-b27c-402b-9e89-f105eea39e54,Martina Rodriguez,no deja mandar transferencias,2,2026-05-21 12:16:04
a1dd91b8-ed08-4388-8b55-91a26910c148,David Alfonso may,no me deja ingresar a mi cuenta,2,2026-05-21 11:32:20
1ceaf2c0-e6b6-49d3-91b1-ddd0f4fc455a,Carmen Luz Ramírez,"La opción para poner fecha de nacimiento no es de forma manual y es tedioso, un adulto de más de 80 años tiene que regresar con la flechita hasta que aparezca su fecha",2,2026-05-21 11:23:35
b48b703b-3109-4fd0-99fe-f9642746a121,Indalecio Garcia,"En la fecha de nacimiento ,es una estupidez, la forma de capturar",2,2026-05-21 11:13:58
cb786a4f-53c4-4468-96bf-7d209b8db6fe,Luis angel Perez,Solo me dejo hacer 2 trasferencias y ya no más! Me sale Error H03,2,2026-05-21 10:20:30
ba543f1f-c2f5-42d8-8d29-916b1186a255,Eli Gomez,por qué está nueva app te pide número de tarjeta y nip para ingresar,2,2026-05-21 10:03:57
fd5fdfd1-6148-4a1b-abab-4c8fc134e12a,José Luis Reyes Alanis,"pésima, no deja hacer envíos. corrijan está falla. gracias",2,2026-05-21 10:02:37
81f84553-4ab5-4fdf-9f2a-5538913e874f,Pino González peralta,"la aplicación me pide reinicializar , pero me pide datos incluyendo mi pin del cajero, no me parece bien .",2,2026-05-21 08:50:48
eae4bf08-f174-4425-9d49-478bfed3110b,Ma Elena Ruano,es buena,2,2026-05-21 08:43:17
28bf8aee-f4fa-4939-a5b6-aac8d124f22f,Gabriela Perez loria,la verdad la app muy funcional pero por favor 🙏 quiten eso de monto máximo para transferir 1500 porque la verdad quería transferir todo mi dinero pero por ese detalle ya no puedo así que por favor dejen que uno elija si quiere transferir todo el dinero o dejarlo ahi,2,2026-05-21 08:06:38
c306a18b-2c69-40ef-b67b-de4096d5f483,Laura Diaz,"no puedo poner la aplicación,ya la tenía y se quitó",2,2026-05-20 23:37:33
97af4d6a-95b5-45a4-bb7b-56998b4c593b,Angélica Hernández,"Terrible, nueva actualizaron y la sesión se cerro, y ahora pide número de confirmación SMS y NO permite introducirlo MANUALMENTE. Básicamente deja cualquier TABLET sin poder utilizar la app y lo necesito así para leer en pantalla GRANDE.",2,2026-05-20 21:42:10
6141e3a0-8eba-4eff-8a06-0a5e78d78100,MIGUEL Espinosa,Las transferencias en cuentas tradicionales tardan en reflejarse.,2,2026-05-20 20:18:46
ef634c0f-80f1-420f-b1db-c1a9acb2316e,Aida Ruiz,"muy buena, pero ahorita con la nueva actualización estoy teniendo problemas, al poner mi fecha de nacimiento.",2,2026-05-20 18:55:37
290809ac-122a-4f80-ac3d-1636608f2b9c,LORENA DEL OSORNO,"yo me equivoqué en hacer una transferencia a azteca pero di una clabe anterior df cuenta cancelada. espero sea regresado a bienestar 1500 que transferí hoy, pero hasta ahorita nada",2,2026-05-20 16:44:11
d822d1ed-c56f-46d7-a1cb-549994d4135d,Silverio Antonio,dice que según ya se puede hacer transferencia y en parte si pero no solo se descuenta el dinero de la cuenta pero nunca le llega el dinero a la persona a la q se la transferiste,2,2026-05-20 16:34:12
b050c98f-75cd-47b0-992b-b92aeebcfddf,Morgana Black,está mal .. no se q le pasó .. solo me funcionó una semana y ahora quiero entrar y no me manda el código a mi teléfono .. no se cómo volver a abrirla parece q se bloqueó o mi teléfono ya no es compatible no se .. pero no funciona,2,2026-05-20 16:03:20
0b43bb4f-f281-4406-9352-99be1d2160da,Mirian Rodriguez Rivera,"llevo 2 semanas y varios intentos diarios y no me da el código de pegado automático, mi teléfono está configurado.que pasa???.",2,2026-05-20 14:49:54
e110082e-7add-4390-bf11-092f3685204f,Maria Del Rocio Piña,no m gusta k. está muy personalizada y no puedo checar otra targeta aunk sea mia,2,2026-05-20 14:29:46
3dd247bd-fd3e-4dbb-a7d5-3a1b9fedc9d4,Javier Estrada,"Instalé la app en la tableta y no pude continuar con la activación porque no detectó ""automáticamente"" el código de verificación enviado por sms ... obvio. Habiliten por favor la opción de ingresar el código manualmente. Algunos necesitamos la app instalada en la tableta. Yo tengo android 9 y no puedo instalar en el CEL. Y lo que instalé en el cel vía Aptoide se bloquea al ingresar número y nip. No avanza. Versión vieja :(",2,2026-05-20 11:32:04
137e0c50-7525-4df2-9214-3e1b25222c74,Petra Oropeza Herrera,"Tras la última actualización, ya no me deja entrar a la app porque dice que mis datos no coinciden con los del cliente. Ya desinstale la aplicación 2 veces y sigue igual",2,2026-05-20 11:07:35
88f842ff-e990-48eb-8b4b-ba40e3389984,Carlos Aguirre Serrano,se me acaba el dinero (recargame mas claudia),2,2026-05-20 10:14:02
2b8aa75e-c4d4-4841-b9a9-358fe5bb9579,Moisés Álvarez,se batalla mucho para transferir es un batallar espero y cambie pronto,2,2026-05-19 21:49:33
9fa92179-8be9-451a-8462-4ca6c5982613,oswaldo Martínez,Es terrible la app,2,2026-05-19 20:53:41
0acdf7a4-abef-4337-9af0-4f2bcdc19c7f,Julia Maya,"esta última actualización ahora aparte de no poder utilizarla en otro dispositivo no me permite iniciar mi sesión, siempre sale error de transacción muy mala actualización",2,2026-05-19 20:05:39
5112d4ee-0f76-4627-9972-6750566bf8e3,Patricia Sandoval,"Para los adultos mayores es imposible poner la fecha de nacimiento, soy de 1956, ya iba en 2019 y me sacó la aplicación, tengo que regresar como 600 meses para ponerla. Deben facilitar el registro, no complicarlo.",2,2026-05-19 18:38:58
4340265e-b691-4360-9f80-ad51b953d8de,Antonio Santa Maria,no se puede abrir la aplicación dice que no es correcta la fecha de nacimiento,2,2026-05-19 15:10:52
b0be47c3-81a8-447e-8c4b-527fbfd38eb7,Omar Santamaria,que les puedo decir,2,2026-05-19 13:41:26
6b4a6dfb-3d33-4fc8-a4ce-b3e77c705674,Francisco Suarez,muy complicado para entrar y dar el servicio,2,2026-05-19 12:15:28
5784707c-c4b0-4004-848c-aff265f164ab,Pepe Ruiz G,muy latoso poner fecha de nacimiento,2,2026-05-19 08:49:11
be62839d-5c09-4dcd-8413-902e26ee2b12,ROSS HEDZ,Todavía no me llega la actualización para transferencia...,2,2026-05-19 08:10:53
f9576fe2-cd03-4618-916b-64dab96f1234,Ian Yiyan,ne no se me actualiza la app ¿cómo ahí q Claudia?,2,2026-05-19 06:56:42
aa3eb7af-055a-42c4-8c17-141c72ed232b,Vanezza Saldaña,no deja avanzar al inicioe pidieron descargarla para ver movimientos y no puedo nisiquiera hacer mi contraseña súper chafa,2,2026-05-19 00:09:29
194799bd-21d9-47e0-b00a-a555cc3afe8c,ARAVE VILLAGAR,no está actualizada,2,2026-05-18 21:48:38
c88187ae-020e-4a67-a928-49531b3b63ec,Maria Luisa Padilla,la app no me deja ingresar datos me dice que hay error,2,2026-05-18 21:30:21
51eaa2ff-e793-44da-b162-ef8425783130,JONATHAN GUZMAN MENDIOLA,con la actualización qué realizaron ya no deja entrar a la aplicación se borraron los datos y al ingresarlo marca un error qué no coincide la fecha de nacimiento con la fecha registrada del cliente y así se queda ya lo intente dias después y marca el mismo error,2,2026-05-18 19:22:53
e7b2b918-6312-4783-bd3d-d9fbdfac6857,IRMA JULIR GUERRERO,ya va mejorando poco a poco,2,2026-05-18 18:12:56
96d56426-8b3d-40b8-b541-dddc313694df,Ximena Dominguez,no se a actualizado mi tarjeta para transferir,2,2026-05-18 17:49:09
d301b23d-882a-4b5a-9dd3-5486d5edcc7a,arcelia romero,"no me es confiable, pide datos privados..y eso no es legal",2,2026-05-18 17:13:34
a5d19be5-efff-4a83-a226-cc7ff61c1c9d,José Raul Eguiarte Leon,"Yo nací en 1955 y la aplicación no me deja llegar se corta antes, es más fácil sí nos permite poner nosotros el día, el mes y el año, gracias",2,2026-05-18 14:26:43
eac7b180-e2c9-4a2e-a015-18a97f815731,José Cervantes Calderón,"Tiene solo una función! Mostrar el saldo y los movimientos. Es un desastre. Cuando depositaban en cuentas de bancos privados era mucho mejor, y sin hacer colas para estirar dinero!",2,2026-05-18 12:27:29
9780e212-175f-467b-88d3-1a72999088b0,Edgar Paez,"no funciona, menciona que necesita activar los permisos de ubicación, cuando todos los permisos están autorizados, de ubicación, contactos, teléfono, cámara, no me permite hacer el registro, a qué se debe?",2,2026-05-18 12:20:56
5f0cc445-fb16-4a2e-9256-ea498ed9183f,Ivan Carrillo,No se puede actualizar la app en mi teléfono,2,2026-05-18 11:11:35
db0e0fd8-bebd-4732-a0dc-909dd5272948,Esteban Corzo,complicado poner la fecha de nacimiento para iniciar,2,2026-05-18 10:10:42
0a9888ce-5d4d-48ac-b6a3-7442783c900e,Georgina Fonseca,se puso la huella y ahora no la reconoce,2,2026-05-18 08:06:52
e9f75436-562a-48fd-be9b-5b7071969576,María Magdalena Gonzalez,veo comentarios donde dicen que se actualizo la app y se puede hacer transferencia pero mi banca no se actualizo solo me deja ver saldo,2,2026-05-18 01:12:19
20d2e76a-44f1-4b85-92f5-6c59aff535d0,Lucy Lopez,no me deja entrar en la aplicación que puedo hacer en estos casos,2,2026-05-17 20:08:57
ec784603-ce74-4b19-ae91-0bf5a955ef17,Jessy Guevara,no me manda la versión actualizada no me deja transferir,2,2026-05-17 19:03:15
5b6b16ca-193c-42ed-85be-063c1c90a63a,Alba Delia De Leon,le falta actualizacion,2,2026-05-17 17:45:16
428c885d-7f56-4be2-9e7d-822ef8507b3a,Guadalupe Almaraz,"no me da la consulta de mi movimiento como antes, poder transferir está bien, gracias.",2,2026-05-17 16:24:41
5d34f7e6-6134-4d40-8cb4-e90d3e9152b9,Enrique De Los Santos G,porque no me le deja actualizar mi app 😕,2,2026-05-17 07:08:53
304ea3c0-c4d0-4316-a7ac-389bc914e034,Jorge Luis Yañez Maqueda,"muy buena la opción de trasferir a cuentas , solo que el monto es muy poco el límite diario , ya así se evitarán las filas, sumado a qué marca muchos errores para transferir , espero se mejore ya que millones utilizarán esta app para trasferir , sería una pena no funcionará bienq",2,2026-05-17 02:55:58
4e573aad-539e-49a1-8235-f87d6b063a73,Sindy Gonzalez,aún se me actualiza,2,2026-05-16 22:40:14
35648465-4388-4a10-bece-e1584fe31d70,Ciro Escamilla,"según dice que ya se puede enviar transferencias,, pero ami no me aparece la actualización",2,2026-05-16 22:39:20
1439a4e0-331b-4598-80b3-db01eda8454d,Armida Lopez,no me deja ver mi cuenta ya agregué mi fecha de nacimiento y me dice que es incorrecto,2,2026-05-16 21:50:50
5fb357b9-89cf-489d-b747-868946e828d0,Brenda Rocio Márquez Martínez,no se ha podido actualizar mi aplicación,2,2026-05-16 21:26:01
d1788ba1-05b8-41da-9040-22514680ab24,Marlene Padilla,"le doy solo 2 estrellas, por la última actualización, porque no se puede ingresar, ya que se cierra cuando se quiere capturar la fecha de nacimiento, deben de poner para que podamos capturar con el teclado la fecha de nacimiento, es que tenemos que regresar mes por mes hacía atrás, y no alcánzanos a llegar a la fecha cuando se cierra la aplicación, por favor hagan esta corrección porque no podemos ingresar ni siquiera para checar saldo.",2,2026-05-16 20:46:26
602d91cc-237a-4185-b538-aea5e49c1a77,arturo yañez,Poner la fecha de nacimiento es por demás imposible. Deberían corregirlo o quitar ese requisito,2,2026-05-16 19:18:02
3b1bc273-4d64-4da1-9f2a-040b8b0af574,José Alarcón,"He tenido problemas con la nueva actualización, al momento de ingresar mi fecha de nacimiento me dice que no coincide con el registro. Alguna forma de solucionarlo?",2,2026-05-16 18:32:30
ace8e60f-228c-4dd0-bea7-b3b9f3eba195,Alejandra Ayala,aún no puedo actualizar mi app que está pasando,2,2026-05-16 18:14:22
8d6d0f53-a7bb-43f7-84d2-4751e148f330,Graciela Rodriguez leyva,ffcce,2,2026-05-16 17:08:28
7de9d4db-f48c-4c5c-9409-9b414f471991,Lidia Martínez,le doy 2 estrellas ya que cuando lo actualice ya no me funcionó la app y no se por que paso,2,2026-05-16 16:06:35
c2019cb0-9d93-4ced-8cd5-19334e1c9608,Mario Gonzalez,se actualizó la App y ahora pide registrar de nuevo los datos de la tarjeta y registrarse con fecha de nacimiento lo cual no puede hacerse no se puede seleccionar día mes y año tienes que retroceder año tras año mes tras mes y no se puede la app se sale y vuelve abrir nuevamente. Corriganla.,2,2026-05-16 13:51:40
7d4f9233-1b40-4089-916a-e983f958e12a,Zurisadai Garcia Membrila,con la nueva actualización ni siquiera me permite abrir a consultarla,2,2026-05-16 11:39:02
09492560-2d64-43fd-8159-7035abbf1b1d,pollonomas XD,"no me deja entrar,porque me pide ubicación le doy el permiso pero sigue sin entrar.",2,2026-05-16 10:53:11
fe1fe240-ad3a-4019-a51e-266750cdd188,Norma Castillo,no veo como realizar transferencias electrónicas,2,2026-05-16 10:44:47
53976220-cb03-46f9-938a-d7881c344410,Laura Morón,No me muestra la actualización de la aplicación para hacer transferencias.,2,2026-05-16 09:10:57
d4102428-8369-40f7-b54f-804aaa17a79d,Marcos Torres,Hay que modificar la opción de como seleccionar la fecha de nacimiento mira que retrasar hasta 1960 cansa y luego para que que te diga que estas mal,2,2026-05-16 06:25:39
ecf97b10-4a68-47db-9d58-327a797e02e6,Angel Vasquez,si pierdes la tarjeta no la puedo ponerla en la app aunque tenga el contrato,2,2026-05-16 00:21:26
d236f834-d548-455f-9c65-ac88dc7def51,jael hernandez,"no se puede enviar dinero a cuentas de otros bancos, dice que no se puede realizar la transacción, al autorizar la operación",2,2026-05-15 22:13:42
2241f540-0aa7-4295-9652-5991f4c2db39,Dalia Alicia Castillo Meza,"Excelente que puedas,transferir y recibir depósitos en tu cta. bienestar, eso ayuda muchísimo y facilita más las cosas. Peeero hice un movimiento de un envío o transferencia y no llego el dinero al destinatario y quise checar los movimientos para mandarle comprobante y me dice la app que no hay movimientos y el dinero si se descontó de la cuenta y por ningún lado te dan solución solo que llames a un teléfono no mmn no les recomiendo hacer movimientos hasta que esto funcione bien 😡🤬",2,2026-05-15 22:10:30
87cc27b4-9cb6-46e3-b072-7bf710db3c5e,María yolanda Luna Ramírez,muy mala quiero ingresar mi cuenta y no me deja tarda mucho en dar el acceso,2,2026-05-15 19:36:27
32914608-5394-4414-9658-ddb4ec589a5c,clara madera,no me sale la opción para hacer transferencia,2,2026-05-15 19:05:14
dcea364a-ce64-4745-a579-a901426ecf2e,Katy isabel Vazquez espinoza,muy bien,2,2026-05-15 18:30:48
a763658a-3395-4ef4-a3ad-790bd2639037,alejandro javier medina monroy,"no he podido llegar a la década de los 50'S en fecha de nacimiento, pusieron una forma muy difícil de poner la fecha de nacimiento.",2,2026-05-15 17:16:57
9e556a92-5ff7-408c-a600-a6b48258129b,Elva Ramirez,no se ha actualizado y aun no puedo hacer transferencia,2,2026-05-15 15:30:11
0624590b-541a-4af5-9c3e-a085078e5937,Alma Hernandez,al querer ingresar dice que la huella no la reconoce y que está bloqueada por rebasar los intentos y no tiene opción para agregar contraseña,2,2026-05-15 15:15:56
13dfa8d7-23cc-46aa-9cab-56b1f2cb9c7d,Iliana Ortiz,"La nueva versión te pide que ingreses huella dactilar e información personal del cuentahabiente, se dió de alta todo eso pero al momento de ingresar marca un error por autenticación 201 y llevamos varios días así sin poder acceder porque nunca te pide el NIP con el que se entraba anteriormente como segunda opción. Escribimos al correo de apoyo y no responden.",2,2026-05-15 14:57:43
d2df8dfb-3cf8-4115-9b66-e12ed23ca031,Laura Manuel Cruz,me pareció bien pero nomás le faltó unas cosas para depositar dinero,2,2026-05-15 13:51:25
1ceb1186-8546-41aa-ac11-dc96aec6f5f4,Cristina Avelino Gutiérrez,"al llegar a la fecha de nacimiento,ponen uds un recuadro y causa un problema serio de poner fecha y se corta sin llegar al año y no se podido actualizar mis datos¡que dilema!",2,2026-05-15 13:34:26
a545db80-f28e-43c0-84ea-9ad363bbb502,Oralia Moctezuma,"está muy básica la aplicación, le falta poder hacer pago por transferencia, poder instalar 2 aplicaciones en un solo celular o en una sola aplicación registrar 2 tarjetas, mi esposo y yo recibimos el apoyo pero él no maneja celular. Habían dicho que en abril habría una actualización de la app para mejorar eso.Gracias por su atn",2,2026-05-15 13:27:45
732c2e22-e3c8-4a45-98f6-41235e4f6a86,Felipe Lopez,no te deja poner la fecha de nacimiento se sale antes de llegar,2,2026-05-15 13:03:53
c6508dbe-e735-406d-82a2-d26d9dcbd966,Humberto Velazquez Mayorga,no se puede agregar la fecha de nacimiento ya que los años no son dinámicos asi como su fechas esta mal la interface o el código,2,2026-05-15 12:33:56
34eb7a52-63a6-412f-8a93-149d93827930,Shelly Joss,No me reconoce mi fecha de nacimiento,2,2026-05-15 12:11:31
75c766f4-7d7a-46bb-ba2e-3df1b9b9289f,Itzel Milagros Fuentes Gonzalez,"pésima aplicación, me gustaba mejor la versión anterior , al validar mi número de teléfono, no me llegan los SMS que se supone que se deben leer automáticamente, pero ni eso, ahí estoy trabada, no me deja avanzar",2,2026-05-15 12:03:52
0dea785d-6817-4b3a-ab1c-d6888aec6bb6,Dulce,llevo dias esperando llegue el codigo ya que se actualizo y pide ingresar todos los datos nuevamente pero a la hora de que me llegue el codigo via SMS no llega y ya voy 4 días asi,2,2026-05-15 12:01:39
0449bdfa-b4cf-4318-a32b-585439d30145,Andrés Martz G,"Pésima actualizacion, no envía el código sms para activar la aplicacion. Lo he intentado más de 3 días, a cualquier hora. Regresen a la versión anterior.",2,2026-05-15 10:45:00
037b684f-8f6f-45fa-844c-0342ca6359a0,JENNY Medina,Está muy mal su actualización no deja poner fecha de nacimiento se sale antes de llegar al año si saben que sus clientes son adultos mayores porque no facilitan el poner el año sin empezar mes por mes.,2,2026-05-15 09:34:32
2dafa7bd-711b-405a-b18b-a67407af0ae1,Manuel García,no es buena ya no abre la aplicación,2,2026-05-15 07:34:44
8230f86a-f218-441e-96d2-363b59c26df6,Anastasia Martínez peralta,no me da acceso y marca error,2,2026-05-15 06:53:07
553813a0-f402-4afa-bebb-2bd47ffcaff2,Rogelio Vazquez,es muy poca la capacidad de transferencia,2,2026-05-15 06:31:23
77881ad3-0d3f-439c-bf5d-dadac94108c3,Carmen Murillo,no me deja entrar,2,2026-05-15 01:21:25
d57a3259-1bc6-4850-a4e6-b0f14f71c527,Neftali Hau,"no deja iniciar sesión, marca error en autenticación 201",2,2026-05-14 23:32:44
a9f78b29-7f78-4a2e-8718-578aed1fca63,Irma,"no sé puede completar ,cuando llegas a la fecha de nacimiento ,ya o se puede avanzar",2,2026-05-14 23:30:31
e29b86d4-b352-4381-943e-ae9b5ef14f92,Yolanda Ivette Zamora Juarez,no pude realizar la transferencia,2,2026-05-14 23:11:43
388f6075-74cd-491c-9b08-832705ea12dd,The Rayo McQueen,Dos estrellas por qué no me quiere dar mi dinero 😿,2,2026-05-14 18:50:48
28505c80-0c5d-4ce2-b4cd-65b31a0575cb,Rong Masdi,con esta nueva actualización la app borro los datos y no me deja entrar,2,2026-05-14 18:29:18
36bc7ac6-4c8f-4d0f-a79b-084c39b62a54,Emmanuel Maldonado,no me deja entrar,2,2026-05-14 17:57:46
e6249cae-fbb7-4e5a-8f6c-a6f2c0f043f7,Guillermo Moran,"no hace nada de transferencias, no sé porque publican algo que no es cierto, la aplicación no se muestra igual a como se publica",2,2026-05-14 17:49:54
535f6dfd-276f-4dd6-9a95-5daa6da49b04,jonathan hernandez,desde la actualización ya no deja entrar y bloquea y marca error a26,2,2026-05-14 16:37:59
7b5c919b-03b4-4e5c-ab25-ba7d6d5eb0a6,Leonardo Tapia,cómo actualizo la app para poder hacer transferencias??,2,2026-05-14 16:00:31
d0906a0e-e83d-4ef3-968e-70e978e297a5,Desiret Arias,Hay fallas en la app no me deja entrar para ver mi información solo marca error al validar,2,2026-05-14 14:03:52
787c21f2-c2b5-4e22-b13a-bd52d45f1a5c,Osvaldo Mendoza,"Hasta hoy no había tenido problemas con la App.Quise consultar saldo y me apareció una leyenda en inglés que dice:UN RIESGO DE SEGURIDAD HA SIDO DETECTADO.Llamé al número de atn y me piden que espere 48 horas por actualizaciones que están haciendo para poder acceder.No me parece bueno que me hayan dado esa respuesta,X que mañana es día que debe aparecer un nuevo depósito pero no hay manera de acceder a la APP para checar. Que mal que esto suceda.Por eso doy 2 estrellas.Si mejoran le daría 5.",2,2026-05-14 13:17:54
abd6df51-6a40-4756-b6e4-23157f7143b1,Maria Arredondo,es buena en celular pero estaría bien que en tabletas también funcionará x que mi hija tenía la aplicación en su tablet y no le permite usarla x el num de cel,2,2026-05-14 13:06:08
c14a77d9-934e-4eb1-b396-16d1112dc4b3,Rosy Garcia,"no se pueden hacer transferencias, pagos etc",2,2026-05-14 11:44:58
550cd010-6b57-4291-b6ae-db2d9070c9b2,Omar Perez,"ya funciona, pero para elegir la fecha de nacimiento es un rollo desplazarse muchos años atrás",2,2026-05-14 10:34:02
9ffbdeae-7a47-477c-a53f-d85457d0bdb1,Lyly,"Dicen que se pueden hacer transferencias pero a mi no me deja, ya lo desinstale y lo reinstale y nada.",2,2026-05-14 09:05:18
f52d2487-525f-499a-a9ec-d4d15e74391c,OSCAR RAYMUNDO LAMADRID MÁRQUEZ,¡SERIA EXCELENTE QUE MANDEN NOTIFICACIÓN DE DEPOSITO!!,2,2026-05-14 08:35:16
4c17d911-c7c3-48bd-b86b-9eb07909e88b,Jael,a mí no me aparece la nueva actualización de trasferencias y eso que puedo hacer,2,2026-05-14 08:08:34
339891be-9e28-43f0-a7ad-c78aeb071e48,Lizzeth Morgan,no me deja entrar desde hace una semana y no se a actualizado 😔,2,2026-05-14 00:53:19
1425e389-09cc-49dd-adde-1edb9e61bcb0,joaquina Hernandez,"la nueva actualización tiene errores , me quede en el paso de la reactivación . me marca un erro UA de comunicación porfa suban otra versión",2,2026-05-13 20:48:53
0980b5d1-70a2-418d-9c09-9ba6019dbc5f,Samantha Fernandez,No aparece el deposito desde el semestre pasado.,2,2026-05-13 20:21:28
6d7f5e40-a808-4367-923d-9df331d7e468,Consuelo C. Plascencia,como es posible que nos compliquen el ingresar la fecha de nacimiento can 6 intentos por llegar a 1956 y no alcanza el tiempo que dan. Corrijan ese defecto.,2,2026-05-13 16:50:27
abcb6c24-2aaf-4745-9df0-698ffea64ad7,Fco. Rafael Sigala V.,se borraron mis datos y no permite mi acceso ademas al introducir mi fecha de nacimiento la opcion que da es fatal...tengo que desplazar mes x mes durante la fecha actual a mi nacimiento... osea 65 años x 12 mad de 700 movimientos...,2,2026-05-13 15:54:16
a1441ae2-77d2-479b-8e68-22d616daff0b,Armando Coronado,cada que se actualiza la aplicación borra la información y tengo que volver a registrar como si fuera la primera vez es algo molesto,2,2026-05-13 15:44:40
8204d0c1-4f16-4dbb-9924-2b8c8a4137b7,Enrique Duhalt,"Es increíble que a estas alturas, el control para poner la fecha de nacimiento, solo permita moverse mes a mes. imaginen llegar así a 1934. Ya vi, hay que dar click en el año que está arriba, no donde está el mes y el año. me dio muchos errores y finalmente pude acceder. ahora ya no me permite ingresar",2,2026-05-13 15:29:54
1b3c84cf-0ba7-4fcb-95df-d2fd3163c197,Selene Luna,yo soy una persona discapacitada y por eso ocupó está para ver cuándo Me depositan ya que fue cuentemente tengo que ir a consultar al hospital lo que todavía no entiendo es Si eso también le va a pasar a mí a mi aplicación o nada más son para las demás aplicaciones alguien me podría contestar,2,2026-05-13 13:17:35
ec34a9e8-8040-4f96-a118-350606f6670a,Joel Elias,es pésima la manera de introducir la fecha de nacimiento,2,2026-05-13 12:46:59
f4ec9bfb-bb3f-43e5-b3e9-37251d37cd8e,sergio diaz,aún no me permite ver la última actualización para poder hacer transferencias ¿como actualizar? no me parece la opción,2,2026-05-13 12:01:50
94aa98df-f980-4c1c-a085-f13693d0c851,Teresa Hernández Méndez,"Esta actualización no está funcionando bien, favor de checa, se supone va a contener mejoras pero no funciona, a la hora de registrar lós datos de fecha de nacimiento, me saca y tengo que volver a iniciar.",2,2026-05-13 11:52:32
b384009b-516c-4e91-b057-e17d699e6655,irene soto,Un poco complicada,2,2026-05-13 11:35:51
54342690-6a0d-4933-860d-8364ef1c514b,Márquez Alfonso,no sé actualiza nada en la aplicación aparece todo Pero al descargar y abrir sigue igual que antes,2,2026-05-13 10:46:18
5cd62c74-9db6-4934-8aca-257c40911dbb,Jaqui Gomez,que puedo hacer para actualizarla aparte de desinstalar y volver a instalar?,2,2026-05-13 09:53:16
e3129f1b-48b6-48e1-b5d1-b5b4976367f6,Elizabeth,a mi no me aparece la opción de actualizar,2,2026-05-13 09:42:35
8afe95d0-4072-4e85-8e34-bb099bd9129d,Rafael A,a mí no actualiza la app y a otros amigos ya a mí no aun sin realizar envíos,2,2026-05-13 08:55:26
7e97a2c9-d99f-41c0-b9e6-4105bc58cce5,luis sanchez,"Pésima la app, no se puede entrar, estos nuevos cambios complican el acceso, un nuevo passwd, errores de comunicación, que ganas de complicar la vida a los adultos mayores, en serio es una vergüenza",2,2026-05-13 08:31:00
dec57a80-6a83-4466-b19b-9624586faf0b,Felipe Hernández Müller,"no me sale la actualización, otra, he sabido que dicen que solo te deja depositar $1,500, no sean así, pongan una cantidad más grande, por ejemplo de $6,500 a $12,000 pesos, $1,500 para que, que tal si necesita uno de urgencia ya se transfiere a otra cuenta y rapido",2,2026-05-12 23:41:00
d1b63164-6fd8-4b2f-a8bf-36258869e89d,Angelica Aguilar Guevara,me sale error en el registro al validar el celular,2,2026-05-12 22:08:26
a81988b4-c793-41a9-851b-c8d0b2fb3fa5,Nissi Renteria R,"mi app no se ha actualizado, aún tengo la versión anterior",2,2026-05-12 19:13:55
887918f0-219b-4ae0-9835-03bb1cda9bd6,Ceci Rodriguez,aún no me aparece la última actualización,2,2026-05-12 18:16:59
75db9b49-b982-4692-bee0-f642ce4e746f,Nan Gar,mi aplicación aún no la puedo actualizar para poder hacer pagos desde la app,2,2026-05-12 17:11:40
4632c2ce-ff04-417b-b55e-165c341a9f27,Guadalupe Hernández,ahora nos pide los 16 números de la tarjeta y los 4 dígitos del nip para ingresar no es extraño eso no podrían hackear la cuenta?,2,2026-05-12 16:43:18
144308d1-19e6-4a58-8d79-7703d1e22a10,ESTELA GODINEZ RAMOS,"La aplicación está muy inestable y tiene muchos errores de programación. además de que tope diario s transferir es muy bajo, no facilita la activación de la misma, ojalá la actualicen promete mucho",2,2026-05-12 13:57:45
6e9318f7-a755-4241-a774-3de07d87e572,CLAUDIA ZUAZUA GONZALEZ,No me está dejando actualizar. lo intento en otro cel y no acepta ninguna contraseña. En todas me indica que ya existe.,2,2026-05-12 13:35:26
524bd63b-aaaa-43a2-bfe4-0c90eb190cc0,Liliana Calvario,aun no aparece ya la desinstale e instale y aun no se actualiza que se necesita?,2,2026-05-12 13:03:12
47b29786-39e6-4e4a-a052-ddad81790f32,Brenda Fajardo,no se me actualiza,2,2026-05-12 12:24:01
f0972989-8d13-4fc1-a6b9-0e655b25ea64,Yoselin A Mtz Gzav,no me deja transferir nada es una farsa eso,2,2026-05-12 12:16:02
f6592ea9-c5f2-463f-bd50-4a2cde942a17,Angel Raul,a mí no me a llegado la actualización,2,2026-05-12 11:25:59
f4033cb4-9e8c-4655-a121-c2bcb2ad89dc,Amanda Aguilar Martinez,"cómo se realiza la actualización mi app sigue igual, solo veo mi saldo y movimientos ! tendré que desinstalar?",2,2026-05-12 11:05:25
057c091e-24d4-4bd5-934c-4567cdeb1786,Rolando Hernández Hernández,"una duda, comentan que ya se puede hacer transferencias desde la app y en mi caso no, ya lo tengo actualizado y sigue exactamente igual que siempre la app, cuál es el problema?",2,2026-05-12 10:24:19
b663d556-f391-411f-b237-6a85d6c467f0,Dora Garcia,aún no me ha actualizado no tengo la opción de transferir,2,2026-05-12 09:36:24
8cc7c329-2a91-406c-89c4-35b459193523,Sofia Espinoza,"Que mal, a mi no me deja actualizar la app.",2,2026-05-12 09:33:36
20559e03-2e39-4d29-af44-528d934062ed,Zulma Escoto,hasta que me permita hacer transferencias interbancarias le cambió la calificación.,2,2026-05-12 09:00:26
fe2b4ebe-d983-4b09-a24a-389689b23419,Luisa Guadalupe Maldonado Rosas,"No se que sucede con su actualización, le estaba registrando sus datos mi suegra pero dice que el cumpleaños no coincide, como no va a coincidir si ustedes tienen la misma CURP de ella???? esperaré a mañana porque la aplicación ya me bloqueó el acceso, espero no quiera decir que le bloqueo la tarjeta porque ella planea ir por su dinerito hoy ..",2,2026-05-12 08:34:18
33255259-b535-4735-aa3a-2c04baab5b0d,Blanca Lopez,me ha sido util aunque no me aparece aun la actualizacion para transferencias ya la actualice y manda error en los datos ya la desinstale como 6 vecez y nada sigue pasmada,2,2026-05-11 23:43:02
a3658267-737d-4a09-9445-4e120fa89947,Yuleisy Pelier Ruíz,"No he podido utilizar la aplicación, la descargué y la instalé pero no me abre, dice que hay un error. No entiendo por qué.",2,2026-05-11 20:36:47
e2ba0c0c-e520-48cc-9ebb-091c72a87b12,Maricela Marquez,no me deja actualizar sigue igual,2,2026-05-11 20:32:51
9ba705ac-5efa-4997-ad51-5dedd86407c1,María Elena Jaroma,no funciona ni siquiera logra uno el registro,2,2026-05-11 19:50:15
d5643775-1eff-4565-8cd6-39ca8d00840f,Maday Jimenez,",aún no se actualiza,para ASER transferencia",2,2026-05-11 19:18:15
626d06b8-ceac-4826-b539-87e6c89228bd,Dagrisel Gonzalez (Gordita),Ami aun no se me a actualizado,2,2026-05-11 16:18:22
b60c191c-7b67-470b-9d48-5bdd3ef630c8,Carolina Martinez,No funciona 😔 al momento de registrar la fecha de nacimiento marca errónea al parecer su cors está en formato ingles y en la pantalla está ddmmaaaa se coloca bien pero hacia la consulta a su base pareciera que está en mmddaaaa y por ellos no deja concluir,2,2026-05-11 15:59:15
c0dd82a2-babf-4895-8514-0860c107e5b8,Nelida Ploneda,Aun no se actualiza mi app,2,2026-05-11 15:39:59
fad921e6-cf36-4d41-adea-5ba657833b86,Jorge Luis Quino,mi app no se ha actualizado aún al día 11 de mayo,2,2026-05-11 15:06:06
5f696a11-4034-40cd-a13f-d4aa37f36c2e,Leidy Daniela Vargas Narvaez,"me sigue saliendo la misma app antigua, no tengo ninguna actualización, ya la eliminé y la Volvi a descargar y nada, me podrían apoyar para que me salga la nueva",2,2026-05-11 14:01:41
3b68c32c-3cc7-495d-b2de-4e4ff9d2257f,Rosy Luna,aún le falta por actualizar muchas funciones que no tiene.,2,2026-05-11 13:59:20
2339c3fc-4f91-4ed1-88da-f76015ff33d2,Adriana Yazmin García Preciado,no me deja transferir nada me dice que es un error,2,2026-05-11 12:24:59
eff30a0d-c13c-4cd8-85ec-998dda1ca5cc,Omar Moralesdejesus,"¿Porque no me aparece la nueva actualización de la app,?",2,2026-05-11 12:19:17
1e16fa10-16f8-483a-9ba1-3902e40486a5,Arturo Rivera Glz,"no puedo ingresar con la nueva versión, me marca que no tengo activa la ubicación",2,2026-05-11 09:15:22
61f9f33e-8f0f-46e6-b279-14e3c988a62a,Laura Pineda,pues yo ya actualice y sigue igual no me da opción de hacer trasferencias ni nada de lo que dice ahí con la nueva actualización es pura mentira,2,2026-05-11 08:44:28
240223cc-8476-42b6-95ec-fd6b58a77e2e,Elizabeth Hernández,He intentado actualizar y no me lo permite,2,2026-05-10 19:36:56
f8d7b511-045b-4f7b-ad05-bd1d24c73a78,Saúl Garnica,A mí no me aparece la actualización de banco de bienestar,2,2026-05-10 14:00:43
75420ec6-0f52-451a-9c88-e4cbc9f61337,Lazaro Malacara,"Cual es la última actualización, por que me sigue apareciendo igual, no deja hacer transferencia",2,2026-05-10 12:42:25
ea7c29e4-3d18-4a68-b6cb-bde9fc60fea0,Siuapil yejyektsii,veo que ya tiene más funciones pero en mi app no aparecen y en la play store no aparecen actualizaciones! 🫪,2,2026-05-10 07:12:56
58017108-4857-4802-a0e2-e5ea4abd1dc4,Terroncito De azucar,no se ha actualizado mi aplicacion,2,2026-05-10 00:21:38
26cd9698-9be2-4fd4-8eff-c990ac747e54,ROSARIO LEON TORREZ,la actualización no me deja acceder a mi cuenta me marca error de autenticacion 201,2,2026-05-09 22:06:23
d1af7349-5abb-4553-98ee-f4faf8d8e105,Maria Emma Lopez Vargas,muestra cosas que no solicito y soy persona de la tercera edad y no uso apoyo de familiares por qué no están cuando requiero ayuda para recordarme mis claves generalmente uso números y letras faciles de recordar para mí y ahora todo lo complicaron.,2,2026-05-09 19:37:55
e92d9927-08f3-45ce-ab3e-43eb5a977f31,Jeremy Domin,solo aparece el saldo no aparece para hacer movimientos o para hacer retiros sin tarjeta,2,2026-05-09 17:20:52
ba7cb680-ea2c-4c32-a874-97822a30f68c,claudia hernandez,le falta tener más opciones para poder agilizar el cobro de la beca,2,2026-05-09 13:27:44
44a565f6-ba9d-454a-a6f1-249da641280d,Guadalupe Ponce,pésima igual que el banco pero es lo que hay...,2,2026-05-09 12:38:19
19f79332-d884-4590-b3ca-39423669d862,Erika Fematt,y en dónde se encuentra la app actualizada en la que se podrá hacer transferencia???????? no la encuentro,2,2026-05-09 10:01:49
330d1039-0c5b-4310-be1a-a0f3a46c3945,Marisol Coca,es cierto que se actualiza la apps de bienestar a mi no todavía no me llega la actualización de mi aplicación del bienestar,2,2026-05-08 23:26:21
fe29d984-f2d2-4826-9531-8858e51016d9,Karen May,"no sé ha actualizado, y no da opción para actualizar",2,2026-05-08 19:33:37
c4d29d3f-5098-4264-a145-ed18cee84743,Chava Ferrer,cuesta para entrar con las huellas y pide ubicación para abrirla app,2,2026-05-08 19:14:28
32b33572-320a-42af-b0f6-9b7a5bad58e5,Zali Santiago,a mi por que no me deja ver que ya puedo hacer tranferencia también,2,2026-05-08 17:46:44
18ba873d-88e8-4ed4-bf64-96dd576a14d7,Karina GB,"mi app no permite tranferir, no tiene todas las opciones que se promueve aquí, y si la tengo actualizada",2,2026-05-08 15:23:22
774d36e8-0cce-4fdb-8c2b-caa728367563,Bajacalifas Norte,Ami no se me actualiza y ya la desinstale y la volví a instalar y nada me sale igual,2,2026-05-08 14:53:43
28ab175d-0455-42dc-bc5e-2b01ed4b9f65,PATRICIA BARRIENTOS,"pues no me aparece la opción de transferencias, ni de actualizar la app",2,2026-05-08 13:38:39
45563e45-9992-4026-8566-a53fc2d7dc3b,free_100%no copyright music,Cuando se va actualizar?,2,2026-05-08 12:34:36
22319aac-fa24-4bb9-812a-d823c3a7acb8,Amanda Guerrero,Promete que dejará hacer transferencias y a mí no me sale ninguna de las opciones de las imágenes de presentación de la app,2,2026-05-08 11:51:11
f1512ecf-8121-4642-9469-338793992f64,Dalila Sanchez nañez,aún no existe la opción de tranferencia es lo que les falta,2,2026-05-08 11:28:41
d5cc18d7-a057-4110-ac1e-74373686d803,Elena Arce hidalgo,aún no se actualiza como debería pero para checar mi saldo me ayuda,2,2026-05-08 08:57:43
533e18d6-2ebe-4894-9603-813266a03886,ELi Cruz,"no tiene todas las funciones que aparecen en las imágenes, debería servir no solo para checar saldo, debería funcionar también para pagos de servicios, recargas telefonicas y transferencias bancarias hacia otros bancos, no por qué sea adulto mayor no significa que no todos sepan usar.",2,2026-05-07 16:28:50
6283dffb-2f95-4777-a89c-7e4f206fd0ae,George De wendt,no sé pueden realizar transferencias es publicidad engañosa,2,2026-05-07 13:39:18
5a0f3d6c-1064-4338-ba14-bd2d7a4fa674,Juan Daniel Gomez Perez,"Hoy me apareció una nueva actualización y lo realice ahora no me deja avanzar porque marca error en mi fecha de nacimiento, no puedo entrar a la banca móvil, ahora como se puede solucionar ese problema??",2,2026-05-07 11:51:04
9b7ec65f-2a4f-4d5c-91b1-afcb43936c18,Adrian Ramirez,a alguien le deja hacer transferencia?,2,2026-05-07 03:39:10
026988e6-ecdb-4cd1-ba8c-089a5e1824a4,Natanael Patiño,no que la actualización era en febrero y marzo pero ya pasó ...y todavía no hay ningúna novedad lo que queremos es cuando viene la actualización donde se van a poder hacer transferencia y pago como está en las imágenes de la app,2,2026-05-06 11:59:51
ba07578c-e724-422d-b680-df74811ae702,Teresita González,dice en la descripción que se puede hacer transferencia y mentiras en la app solo se puede checar saldo la clave y ya,2,2026-05-05 13:32:06
c5a01f81-54ec-432a-a809-c1664f918cf4,Edgar Cabrera bodybulding,muy seguido marca error y no se puede consultar saldo por ejemplo en estos días de pago de pensión,2,2026-05-05 08:45:23
1ba08f0a-33e7-4aed-b1ba-038450dd2967,Ernesto Figueroa,"Está aplicación solo sirve para consultar el saldo, ya activen las transferencias",2,2026-05-05 08:35:55
99c03d34-bcdf-4d4f-bcdc-fb9fba2d8167,Juanito Cano,n c ha podido descargar,2,2026-05-04 11:15:13
62459229-15c5-4ae4-b9e3-c469af55fe41,Maria M Jimenez,según habían dicho que para el primer trimestre estaría lista la actualización ya estamos en mayo y aún no se puede actualizar y sigue exactamente igual la app o peor porque antes mínimo dejaba entrar ahora batallo mucho para ingresar para cuando podré hacer trasferencia o pagar con codi ? tendrán alguna información?,2,2026-05-03 08:42:18
94aa049c-dd41-4047-a17b-be3eb0e82d20,Juan Kontreraz,es una buena aplicación pero sería buenos si se puede transferir dinero como como la app de azteca,2,2026-05-02 19:11:05
db2653ae-772f-46ac-be8f-880a1ef78607,Jorge Escamilla,hace falta la si o si la actualización de recibir y transferir dinero yo soy de un rancho hay veces necesito transferir para poder hacer pagos escolares o el internet que usan mis hijos y me es más gasto el salir de casa a dar solo esos pagos,2,2026-04-30 19:53:32
2fe690fd-49ff-4b2f-92b1-52e77d1bc56e,Jorge Antonio Santiesteban Celis,no me permite transferir a otros bancos y ya actualice la App,3,2026-05-30 12:11:14
3e8310f7-398b-4d7d-8002-8e2647ccab33,R Luz López,aún no se actualiza mi app,3,2026-05-30 11:03:56
1c43fd68-ca9f-44ce-9095-870878436120,Alexander Calixto,3 estrellas la ap estaba bien y un día se restableció borrando todos los datos traté de ingresar de nuevo pero me aparece con error en general la ap jalaba bien asta esta mañana,3,2026-05-30 10:44:39
b7648811-553b-4ee3-a0d6-319404234388,Alejandro Villagran,"La aplicación no guarda los datos registrados de un beneficiario para realizar trasferencias y no me ha permitido realizar una trasferencia,",3,2026-05-30 09:35:30
266eaddb-1342-4196-877f-a73a4d5af84c,Ricardo Lavognet,Aún no se actualiza mi versión,3,2026-05-30 09:04:44
f6ddbbe5-6000-4f6a-9846-a6b5f2ea689b,bleopoldo,No me gusta que se tenga que cambiar la clave de acceso.,3,2026-05-30 06:18:38
f5a082ef-643f-4a99-aad9-94468df708d2,Moy CRUZ,no puedes hacer transferencias aun,3,2026-05-30 05:22:26
adfe3c51-9273-466c-8548-7dd00e1c4daa,NATIVIDAD AGUILAR POLICAO,es mejor aplicación,3,2026-05-29 21:45:52
01d1eab2-d2f3-4b72-a1eb-473bfb74e70a,Nancy p c,un me está fallando me hice un depósito y no se vea reflejado pero fui al cajero y ya estaba,3,2026-05-29 20:43:57
8b840a91-4a54-4cd9-9a56-63334a4d094c,Isaac Zacarias Acosta,pa que le pone autollenado no me deja mmm,3,2026-05-29 19:54:32
1c2090db-569c-4607-8c55-8db8c98f46f3,Dafnis Reyes,como te pueden hacer transferencia ai banco del bienestar,3,2026-05-29 19:27:32
ab6749ec-d6ae-4f96-abef-3bf16a84063a,Sahori Andrómeda,"de que sirve que pueda transferir, si me sale error",3,2026-05-29 18:40:12
b72e79dd-61df-45fe-89da-fe030bdd7a95,Christopher Olmeda,"Va mejorando, pero le siguen faltando muchas cosas para ser un banco recomendable",3,2026-05-29 17:52:37
59fc6fbb-c76e-48b5-9094-c16ba7bad149,Gerardo Hernandez,Las transferencias bancarias son deficientes. no siempre se puede utilizar dicha opción.,3,2026-05-29 17:39:40
54c59322-16f5-4181-94bf-594b5699aa3b,Michelle Hernandez,le falta que deje transferir,3,2026-05-29 16:28:58
b75561e3-8eaf-470e-bd69-b469f2fedc6e,Jorge Alberto Vega Labrada,Al poner el número de Celular no me llega el sms de verificación,3,2026-05-29 15:48:58
cca73789-203d-4d33-a6e7-97561c085a68,Feliciano Toledo,"porque no me aparece la última actualización con transferencia, veo comentarios qué ya pueden, desinstalé e instale y sigue igual, no actualizo la aplicación en mi dispositivo",3,2026-05-29 14:28:41
3145e281-7aa7-483c-b275-fd75c376d37f,Erandy Quezada,"Alguien mas batalla para entrar? llego al punto de donde te debe de llegar un mensaje de texto y no me llega, y hice los pasos de ir a configuración de mi teléfono a Google y poner autorellenar mensajes de texto así como aparece y no aun asi no me deja ya llevo varios días intentando",3,2026-05-29 14:25:13
aef6b263-3f22-4e97-8bd0-7702f490ee6b,Elizabeth Ruiz,"Tengo confianza en que mejorará, no puede pegar lo CLABE de la papelera, no sé pude guardar la CLABE, y el monto por día espero pueda se más alto cada día. ¡Ustedes pueden!",3,2026-05-29 12:56:37
670f0924-e397-4f99-85ba-b00fe876af9e,Lety Peña,facil pero todavia falta ajustar detalles,3,2026-05-29 12:26:42
29923b49-2942-44ce-a3ae-b585955de14c,Alfonso Xavier Fierro Fernández,"Después de la actualización, que prometía evidentes mejoras, y de varios días de intentos infructuosos sin recibir el código de verificación, decidí desinstalar la aplicación y volver a instalar. Entonces me encuentro con la sorpresa de que han regresado a la versión anterior, la aplicación que solamente te permite consultar el saldo, aunque la forma de configurar la instalación cambia un poco, supongo que es para facilitar el cambio a la nueva versión...",3,2026-05-29 11:53:55
394bd76a-d538-4584-84b9-c667c08b8d54,Angel Ramírez,"Mejoraron mucho esta última actualización, por fin ya se pueden hacer transferencias para evitar formarse mucho tiempo en los bancos. Sólo falta que le quiten el límite diario por transferencia, que es de $1,500 para que se pueda transferir todo de una vez. Es que después de hacer dos transferencias, aparece una pantalla que marca un error o según hace la transferencia, pero nunca llega el dinero al banco receptor porque aún sigue estando en el del Bienestar.",3,2026-05-29 10:48:44
fe852cc9-9c09-4ef3-8607-bb9848bcd54d,Williams Mauricio,No se guardan los contactos y por ejemplo a mi cuenta NU la primera vez si se pudo transferir. De ahí en adelante las otras veces no se ha podido,3,2026-05-29 09:07:01
ab9eafcc-220f-4182-a0c5-f1fbbdd46168,Peerla Jiménez,a veces se satura y no te deja hacer nada. solo eso,3,2026-05-29 08:51:54
9de5ae30-953b-4d50-853f-1787a0883ebd,Fabián Hernández Díaz,"deben mejorar la app, funciona bien hasta cierto punto. 1# ingresar cuentas de banco menos restringido 2# recordar cuentas de envio 3# aceptar pagos en línea",3,2026-05-29 08:34:53
da928e48-55d9-4cc5-9ace-81ddff979fdf,sac,Es bueno que ahora ya se puedan hacer transferencias. lo malo es que solo una pequeña cantidad diaria. asi seguirán las filas en los bancos.,3,2026-05-29 08:07:42
61283fff-8074-4d4c-b5ea-f8cdcd7af39d,Gonzalo Arias,a mí no me sale la actualización :( de hecho me sale actualización de octubre del 2025,3,2026-05-29 05:04:12
9b7bced7-19df-42b0-aa0d-4fbf6c7559ed,Venus Michael Alanis,"Mi app no se actualiza,cómo le puedo hacer?",3,2026-05-28 21:26:39
b07c5c20-2c18-452a-91f0-c748002c27ed,Landy cristal Rosaldo García,Apenas se actualizo para trasferir,3,2026-05-28 18:38:19
7a505630-e04b-4e33-b1a5-ef3f6cbddffa,Debora Vazquez,Qué bueno que ya están mejorando la app,3,2026-05-28 17:29:37
0334b56c-10e8-43d9-99b9-e8f6c0267a0f,ana lidia VILLARAUZ,den más dinero,3,2026-05-28 16:55:42
9757a6a6-1272-4079-b200-17368191641a,Consuelo Reyes,Me gustaría que pudiera mandar dinero también a la tarjeta.,3,2026-05-28 16:51:49
ddc0f527-8a91-4ef7-8b64-b2189be63b6b,Alejandra Pérez,todo bien,3,2026-05-28 15:38:32
d7878298-ce39-4a47-81d0-e03ed69258c1,Clara,buena,3,2026-05-28 14:16:53
91f7fc4d-5586-4048-913e-b735d005c1ef,jennifer López,un poco lenta en el aspecto de las transferencias también está el hecho de que no te deja mandar de 1500 al día Pero todo lo demás está bien,3,2026-05-28 13:23:31
f0b63798-f93a-4ee7-9bed-8f3e56be307b,Abimael Guerra,le doy 3 estrellas por qué el detalle es que no deja transferir más de 1500,3,2026-05-28 13:03:31
26b3fbc0-2e27-4191-9a5f-03bb7ab76cfc,Ivani Marínez Tapia,Falta guardar contactos frecuentes para transferencias,3,2026-05-28 11:37:57
31d3c2f0-2dca-4863-89bf-87376b9521d7,maria fernanda perez,𝒏𝒐 𝒎𝒆.𝒅𝒂 𝒍𝒂 𝒐𝒑𝒄𝒊𝒐́𝒏 𝒑𝒂𝒓𝒂 𝒓𝒆𝒂𝒍𝒊𝒛𝒂𝒓 𝒕𝒓𝒂𝒏𝒔𝒇𝒆𝒓𝒆𝒏𝒄𝒊𝒂𝒔,3,2026-05-28 09:54:30
9cbac512-d203-457d-b41b-566997961181,Luifher Blond (Paris Blond),"Muchas fallas aún, está mejorando pero aún le falta mucho desarrollo a esta app",3,2026-05-28 09:49:08
bb06bec3-bddf-4b90-bd70-9da63ff568c6,Felipe Martinez,no deja tranferir,3,2026-05-28 07:17:20
85dfed2e-dad3-44ae-b2dc-e555899b4460,Yolanda Gutierrez,no me quisieron cobrar mi predio bimestral porque según ellos los de Walmart se tarda mucho en realizarse el pago con mi tarjeta de buenestar,3,2026-05-28 06:24:04
1f517198-d59a-4ca9-95db-80ebf1ecb739,YOLANDA ZARAGOZA,"Terrible, no mandan los mensajes para la activación hasta 10 minutos después. Cuando está instalada ya funciona para saber el saldo y no en todos lados te aceptan está tarjeta.",3,2026-05-27 22:46:54
bcb75b0d-634a-4107-8a98-4313b833ce5e,Maria Guadalupe Aguilar Manzano,No me deja transferir,3,2026-05-27 22:27:49
917218ad-820b-4f92-9903-1d29e7be612a,Jorge Velez George,"lenta, básica y cada actualización te pide hacer el trámite de ingreso de nuevo",3,2026-05-27 20:14:27
29c619c1-8002-42d3-8276-42a079f603e4,Barbara Perez,Espero que siga Mejorando y que no pongan un límite de Envíos de dinero y horario !,3,2026-05-27 17:17:30
933965db-86ab-45f8-8e76-1fc2e4237cbd,Maria Elena Rios,buenas,3,2026-05-27 16:51:27
0313cc41-7610-4172-a04e-7240465868cb,Alejandro ramírez,Un poco lenta,3,2026-05-27 16:26:03
d777b3a3-6e93-4d27-9fc0-6d4c65f92adc,maria lourdes carballo camacho,No se puede confiar en que se realicen las operaciones cuando se requiere. Muchas veces ni siquiera se puede consultar el saldo.,3,2026-05-27 15:20:59
13404293-b1eb-431c-aa85-184f8f6b1179,Jesus Cervantes,"Hoy he actualizado ...parece haber una mejora como movimientos en línea ,veamos como se conduce y comentaremos con bases",3,2026-05-27 14:48:59
17eb11db-3391-4e61-9f98-7f6b1bf04784,Stephanie camila Correa alvarado,🫶🏼,3,2026-05-27 13:09:40
d4e0f0cc-0687-4651-b552-50b273d8a7ec,BELEN CHAM,"Está mejor que la versión anterior, pero me gustaría que se pudiera meter más de una cuenta por teléfono.",3,2026-05-27 12:22:11
c61b0c28-e02d-4769-b3b1-d2361b6fff9d,Karina Lizaran,excelente ya se puede hacer transferencia.,3,2026-05-27 12:00:48
adb18842-fe8f-42ab-a582-a61dc0c650ac,Diego Treviño,la app esta muy limitada con respecto a las aplicaciones de los bancos mexicanos.,3,2026-05-27 10:08:22
2a44eacd-03da-47bb-bbcc-2ecebd6ef56a,Oscar Ortega Avila,sirve para lo básico,3,2026-05-27 10:01:21
407696d3-dc58-4f3a-9745-222bb65305ef,Antonio Tiscareño,hermoso,3,2026-05-27 08:43:58
2414aad6-0f78-493e-b1b4-b2acce481ce1,Torres Guadalupe,solo se puede mover 1500 diarios,3,2026-05-27 07:27:37
0798ab6e-b44d-48d8-9eaf-fea3c8c44d47,Antonio Fraga Ruiz,es bueno para ver tu dinero pero nunca notifican cuando te transfieren y es muy limitante el hecho de que no deja transferir a otras cuentas,3,2026-05-27 07:18:44
c52a20b9-a244-4673-84ed-314dbdd6facc,Maria Lizbeth Hernández nicola,buena exelente,3,2026-05-27 06:20:02
a484d793-4f3c-47bd-9d39-a85288151351,Maria Alvarez,exelente,3,2026-05-26 21:14:01
eab93e6a-665e-42a6-8f3d-a9daad27a7e1,Maria Aguilar,el límite para trasferir es mínima y falla al finalizar el proceso no me deja hacer la transferencia con éxito así estuve 3 días seguidos,3,2026-05-26 19:44:57
25248a1e-2b64-4956-a490-099fea8e5266,nam Sandoval,"me marco erroe varias veces para poder ingresar mi fecha de nacimiento, tuve que poner una fecha que NO ES para poder ingresar!!! esta app no esta muy buena, pero ni modos, desafortunadamente pagan aquí",3,2026-05-26 19:15:12
bafd653a-7bb1-4d91-bd4e-5c9de98aa4f2,Agustin Rendon,estar dada,3,2026-05-26 18:27:08
4dabdb96-450b-4017-8820-6081f4eb9558,Ethan Rosas,"porque no me deja realizar transferencias a cuenta klar o Nu, así como también se necesita que incluya la opción de transferir mediante el número de tarjeta débito/crédito, de ahí en más es perfecto que ya permita realizar transferencias",3,2026-05-26 14:13:57
8ea3aca2-4289-4983-86df-13fcc40b4261,Gely “Gely”,no puede uno transferir a otras cuentas,3,2026-05-26 13:57:06
dc3c69fc-360f-4ce2-a0c0-49d2f4967e30,Yessica erisbeth Alejandro Garcia,"aún no e transferido pero ahora está mucho mejor que antes la verdad,me gustaría que tuviera un apartado para ahorros",3,2026-05-26 13:31:34
90b3a232-36e3-47a9-849a-01d87061032d,AA C GG,Complicada y limitada,3,2026-05-26 12:55:24
0086454c-20e9-4f1b-9384-6cb639f06407,jesus eduardo camacho san román,"no es nada práctico incluir la fecha de nacimiento, debería ser mas amigable y hacerlo manualmente",3,2026-05-26 12:22:25
8b3c6dcf-3cc9-4f81-a8bf-de59242915b8,Silvia Romero,"Cuesta mucho poder hacer transferencias siempre marca error, pero al fin pude sin problema",3,2026-05-26 11:12:49
a1b04679-8663-4067-803b-7d70a90363ec,Lourdes Solorzano,"Es lenta, no se pueden guardar contactos para transferir",3,2026-05-26 10:55:53
76bfd976-1167-4df4-b7c8-0a077c5cbeec,Jose Manuel Tiscareño Garcia,muy lento y complicado el acceso... pero ojalá mejore los servicios.,3,2026-05-26 10:27:21
ded427c5-eb47-4e92-8117-a100232a447f,Sandra Raya Dueñas,muy mal me sacaron y me sacaba de lavar y para poner la fecha de nacimiento se tiene que recorrer el calendario,3,2026-05-26 10:18:47
c8c3f9d4-93fd-4687-a7df-2bbca83a66bd,Abimael Vazquez Jimenez (aabiiiy),buena,3,2026-05-26 09:29:30
9f298264-f5fe-4f5c-8220-e898a0753c66,JAREI SOTO TORRES,aveces se sátura pero esta excelente la actualización,3,2026-05-26 08:57:43
7f5920b1-45bb-45dc-a579-e2a9fb15e8e6,Vilma luisa Ortiz martinez,ojalá que el monto a transferir lo aumentan.,3,2026-05-26 08:55:11
5239b7e1-d39e-4db4-9fec-bb31a765d06d,Giorgio Louis,"la fecha de nacimiento es así; busquen su mes de nacimiento en 2026, seleccionen el día y piquen arriba en el 2026 y les aparecerá los años, le dan hacia abajo y buscan su año de nacimiento y le dan aceptar, no tienen que recorrer todo el calendario hasta llegar a su fecha de nacimiento",3,2026-05-26 08:52:02
eff95901-9ad8-4e7e-af41-52acc20e534b,Juan Carrillo,Para ingresar la fecha de nacimiento es sumamente tardado.... Deberían cambiar la forma de hacerlo,3,2026-05-26 08:34:52
d0ce6d0e-0636-488b-956d-11a5934809c8,Veronica Bautista Villanueva,"La actualización está más completa, pero no me deja hacer transferencias.",3,2026-05-26 08:28:08
cd92bbe8-ab54-4646-bb12-70e99b4addff,Lorena Lopez,facilita movimiento y consultas muy bien,3,2026-05-26 07:53:38
8acf53d6-ccaf-4490-959b-b9bbc883c86b,Jenny Kano,no puedo llegar ala fecha de mi nacimiento,3,2026-05-25 21:31:40
00e88f02-9e9c-413f-b904-9484bcced203,Fernando Valdes,"Se agradece mucho que ya se pueda transferir el dinero a otros bancos, pero de repente aparece con mensajes de error y después agarra.",3,2026-05-25 19:09:17
9dbeb0d1-e68c-4ceb-b5fe-28843d5d39b7,Lourdes Gonzalez,"no me deja abrirla , ni captura mis datos",3,2026-05-25 18:50:27
fb8fb56f-e8bf-4ba5-99a3-373832ccd855,Agustín Ramírez,falla la app mucho,3,2026-05-25 17:52:23
5f7091dc-2f06-4cb9-9a0b-0330699fd6df,Luis Sanchez,desde la actualización no sirve para nada,3,2026-05-25 16:00:25
3e3219f2-14b0-4c56-b560-e9fcc99e8a37,angelica gonzalez,"Muchas fallas, se traba, tarda mucho, se sale de la ap, cargando y no termina y marca muchas veces error de coneccion... PESIMO!!",3,2026-05-25 14:27:36
d227f29f-0f8d-40b7-8b8c-11e6d935b99b,LG LG,"con la actualización de mayo ,no sé pueden hacer transferencias me marca no hay red , saldo insuficiente, contraseña incorrecta y no puedo y no soy la única estoy en un grupo y ahí veo algunos tienen el mismo problema... arreglen eso por favor ... porque si es de mucha ayuda hacer transferencias a otros bancos.. espero resuelvan este problema pronto para cambiar la calificación...",3,2026-05-25 14:03:36
ad353281-133f-435a-b1b6-192c284a4b6e,Roland R. C.,"Falla muchísimo la Plataforma.. deberían darle su respectivo mantenimiento o servicio, agradezco mucho el hecho de que ahora da la opción de envíar dinero ya que en mi caso que estoy en silla de ruedas no puedo ir directamente a sacar al Cajero.. pero Falla demasiado a duras penas en 2 semanas pude pasar la mayor parte del dinero a otra tarjeta por transferencia tira demasiados errores",3,2026-05-25 13:51:52
0a5db7fa-0d35-46a4-8c1b-c42d62c94009,Nelida Garcia,no sé puede ingresar la fecha de nacimiento por favor corrijan ese punto gracias,3,2026-05-25 13:24:37
5a7c8f64-dfc4-484e-8f1d-b88a591ad826,Mario Alberto Martínez Castán,"Fácil de usar en los traspasos, gracias. Ya no tengo que ir a hacer fila a ningún lado. Sólo falta que quiten la ridiculez de digitar mes tras mes, la flecha del calendario hacia atrás, hasta llegar a la fecha de nacimiento. Digite 863 veces esa flecha para activarla. Desde luego, me salí tres veces por error de dedo, así que fueron más de 2500 veces. Qué falta de sentido común del desarrollador. Por eso le di 3 estrellas. Si quitan eso, daré de alta la cuenta de mi esposa y les pondré 5.",3,2026-05-25 13:12:57
f02566f2-8021-48aa-9e28-17d453192f75,jesus verdugo,le doy tres estrellas porque se batalla mucho para poner el año de nacimiento,3,2026-05-25 13:08:02
c77141ad-8554-4e33-bde8-2e70eb701f22,Eva Pedraza,"bien porque ya se pueden realizar transferencias, aunque quise realizar tres en diferentes días y no me dejó me imagino por motivos de mantenimiento y actualizaciones",3,2026-05-25 12:02:26
33446f00-0b37-4d3e-b700-dfa87c045acd,Rosario Morales,marca algunos errores,3,2026-05-25 11:52:47
504e422c-c6e6-4bfc-8166-50639eeafc81,michel ram,lenta y difícil de usar para un adulto mayor,3,2026-05-25 11:31:40
1bcb5a6c-f7ad-4eb4-a0bc-f164cdd42b3d,Danise Tun,no me da acceso para checar banca,3,2026-05-25 11:03:32
72692602-42d5-484e-a890-c27579e1b9a9,Edmundo Ramirez,"Modificaron la app para mal,faciliten la app para las personas de la tercera edad",3,2026-05-25 11:00:12
19a2da2a-3d51-4bf9-9e12-be253ef50b98,Urbi Renau,los fines de semana debería también de haber servicio,3,2026-05-25 10:59:18
0f916dd8-6a92-4a9f-aee4-39457e961f14,Luis Alfonso Picos Osuna,falta desarrollar lo de las transferencias se pone complicado,3,2026-05-25 10:54:05
c0cbd5f3-96fd-4fd9-9673-c7469cc5b8ba,Ma Dolores Mondragon Cervantes,Los días inabiles no se puede transferir $,3,2026-05-25 10:52:31
ffae09a7-53df-4352-9305-ccf1eac56814,Luis Pérez,"esta bien, solo que me parece que el monto diario de transfencia esta muy bajo",3,2026-05-25 10:49:42
97009518-8eff-4859-89b3-289d604f2787,Soporte técnico Oaxaca,todo el fin de semana estuve intentando hacer una transferencia la cual fue imposible hasta el día de hoy lunes,3,2026-05-25 10:47:07
fe7f459d-4b1f-4751-9394-b77761751f7a,Mary Sosa,con la actualización me vuelven a pedir datos y al momento de que pide mi fecha de nacimiento no me permite ingresarla,3,2026-05-25 10:20:28
b4330728-bef5-4c54-8808-9449c03774c8,Paola Macias,Debería de permitir que sea más la cantidad a transferir y corregir la marca de error,3,2026-05-25 10:11:39
c7077f9b-e8a2-4cf0-a8b8-9eb7844b76a3,Damaris Quiñones,Es de gran ayuda que se pueda transferir ya que yo ayudo a mi familiar con discapacidad para cobrar y el que ya se pueda transferir facilita mucho y evita las largas filas en los cajeros pero.... espero mejore la aplicación ya que he podido solo hacer una transferencia me dice error y el monto es mínimo entiendo que es porque apenas se actualizo pero... espero que mejoren lo mas pronto eso.,3,2026-05-25 09:25:16
44df36bb-fb22-47f0-8609-c4ff09eef475,Martha cristina Jimenez zurita,Resulta que la nueva actualización no me deja entrar a la aplicación ya la desistale y sigue presentando el mismo error,3,2026-05-25 08:45:11
395945b0-e6a0-4680-be86-923d5282cf2c,Conrado Nicolas Andres,me parece buena la aplicación ya con la actualización mejoraron pero faltan más,3,2026-05-25 07:17:11
7e114507-2b31-4326-8a40-16eb080c2a5d,Mirsha Zepeda,"es más fácil y rápida que la versión anterior para entrar con biométricos, pero marca error hacer transferencias. solo puedes transferir hasta 1500 diarios cuando te deja",3,2026-05-25 07:14:33
b70e684d-3324-48e5-99cf-fea2aa1cab34,Rooss Ruiz,excelente App pero falla demasiado,3,2026-05-25 06:46:22
27a66298-1956-4b21-a6ab-e475d09fb9a1,Doreidy Meza López,no me permite hacer tranferencia,3,2026-05-24 22:06:36
6ca4d54d-1eab-44ce-974b-0591655ded9b,adriana santos,no deja transferir dinero,3,2026-05-24 21:45:23
9ba01444-8e15-4676-9ca7-641fcc38be64,Tere Vallado,muy bien gracias,3,2026-05-24 21:30:05
09001e05-7c72-4cfc-ae71-fb13cd36d83f,Consuelo Elena Castillo Tapia,"Con la nueva actualización según ya puedes hacer tranferencias y marca error, resuelvanlo, es de gran ayuda para nosotros los adultos mayores para ya no exponernos a salir a retirar en los cajeros del banco.",3,2026-05-24 18:52:38
5af71315-9feb-4e41-bae5-40a010b2cd1a,Nadxy,OK me quedé sin App por quererla actualizar Alguien que me ayude a instalar la versión anterior por favor. Ya que mi Cel es viejito.,3,2026-05-24 15:42:43
b27005fb-7afb-4cd5-b9d2-0a883fe4232f,Mine Sanchez,no he podido hacer transferencia,3,2026-05-24 14:48:13
8b542a01-cd3b-49f4-b276-9dca58abc99b,Velia victoria Lopez,muy buena la app y más con la actualización nueva de hacer transferencias.. el único detalle es que falla mucho la app para poder hacer nuevamente transferencias no se el xq no se pueda ..,3,2026-05-24 14:31:26
d941cb9d-d208-40b2-9ce2-dd244a171d7b,Nayeli flor Jacobo llamas,no puedo entra ala pagina y ya esta regristrado,3,2026-05-24 13:01:53
b15bdd4f-3fa0-46d0-b32c-5dd3bfe73bd1,Lupita PadGon,"Actualicé la aplicación, se supone que puedo hacer transferencias maximas de $1500 diarios. Solo pude realizarla el día miércoles, ya no he podido. Solucionen eso por favor, soy discapacitada y para mí es más fácil realizar pagos mediante transferencia. gracias Error (X44)",3,2026-05-24 11:56:32
99d4de38-4335-4631-970f-dbe85d3c56c9,Dalia Hernández,Me gusta la nueva opción de hacer transferencias a otras cuentas de banco pero me gustaría más si me dejara hacerlas jajajaja llevo dos días intentando y marca error :(,3,2026-05-24 10:47:31
9353354e-fe28-4e91-af4f-fde5e373aeaa,Gatoxd0708,esta bien pero taun le faltan las 2 opciones que aparesen si las van a poner mejor cuando ya estén listas no así como estan,3,2026-05-24 10:31:26
dbeea8b5-79fc-46a9-a221-4da0ddec444a,Luis Adalberto Diaz Santos,"He tratado de actualizar la aplicación pero solicita para tal efecto anotar la fecha de nacimiento, pero no se puede realizar de manera directa, hay que buscarlo mes con mes y llega un momento que se bota y hay que iniciar nuevamente la búsqueda, se si se trata de mi celular o esa opción dificulta el hacerlo, podrían modificar esta situación y que se pueda hacerlo anotando día/mes/año, recuerden que somos personas de la tercera edad y no tenemos la habilidad para manejar el celular.",3,2026-05-24 09:04:02
77f22a3b-fa8d-4b61-af51-73e6e20bd95b,Jorge Octavio Rodriguez Caraza,Por favor arreglen los envíos no se puede hacer por ninguna cantidad a ninguna kora del día,3,2026-05-23 22:32:13
8dcd659e-a3b9-4fa0-9338-f05b2b7d8ed0,Ingeniero Sosa,En general es aceptable,3,2026-05-23 21:21:47
b3d3be98-9f09-4514-b909-2bae1ecc459c,Hugo Camacho,"Está muy bien, mejoro la anterior aplicación...",3,2026-05-23 21:03:15
17721f6d-2ce4-47a9-997e-f7dc38e9a420,diego castillo,cambio mi opinión porque la app mejoro pero a medias porque esta bien que ya aya transferencias pero a mi desde que lo instale no me sirve me aparece error X44 y A06 y no sale la transferencia seria bueno que arreglaran ese detalle y subieran la cantidad de transferencia van por buen camino pero échenle mas ganas en la app para poder confiar y tener nuestro dinero,3,2026-05-23 20:34:52
18f12af9-ec14-44b3-aeec-59abc6b712ea,lift home mx,Se puede mejorar,3,2026-05-23 18:38:46
3477c540-98b7-406c-a160-e2b3325da8ba,UPHOLDER 001,Buena,3,2026-05-23 17:51:33
ce9806b8-4376-45fc-971e-1d228b3cc905,Eva Rodriguez,A sido clara la información para ingresar a banca móvil,3,2026-05-23 16:26:25
10295c35-1b6d-491b-9196-ab780c76bccd,Salvador Gomez rosete,No e podido entrar a la aplicación .,3,2026-05-23 16:21:09
25e7844e-c05f-42d5-aba0-873a51c25696,Rodolfo Serrano,no permite hacer transferencias a otros bancos,3,2026-05-23 15:44:40
ab9e9dd7-6b81-4026-a91d-15dffa356949,Salvador Vargas,le doy tres estrellas ya que al principio pude registrarme bien se reinicio mi aplicación y solo en el calendario llega hasta 1965 no me deja llegar al año 1951 para registrarme y ver si ya me depositaron,3,2026-05-23 14:45:15
851dd92d-2a23-45c1-8dba-0e3ea21e9a7c,Herminia Estrada,"excelente actualización con la opción de enviar dinero qué no funciona, van bien",3,2026-05-23 14:20:38
9c3197aa-c092-4c18-b0d5-414a9f917f9c,elizabeth sarmiento b.,¿De qué sirve que ya existe la opción de transferencia a otros bancos? Todo el tiempo marca error y nada más no se puede hacer la transferencia,3,2026-05-23 13:05:11
2cba8d0e-314d-4334-8d60-e38f033e6e73,Tahiri Ortega,"Batallé un poco con la actualización para poder ingresar ya que no me enviaba el código de verificación de sms, pero después de varios intentos se logró. También probé la función de ""envía dinero"" (hacer transferencias), y para mi sorpresa funcionó sin problema y el movimiento fue instantáneo, pero uno de los inconvenientes es que no deja mover todo el dinero en un sólo movimiento, tiene un límite de $1500 diarios; el otro es que al día siguiente intenté hacer la transferencia y no se pudo 😕.",3,2026-05-23 12:45:24
9de335d9-1ff6-4c1d-a6ce-b5dac2b78bd3,Fátima Leyva,la opción de enviar dinero no me funciona desde hace mucho,3,2026-05-23 12:39:11
e1e75db0-83eb-4854-9050-8d4590c12fd4,Karla Jael Cabrera Gallardo,No me.deja enviar dinero tiene fallo,3,2026-05-23 12:29:23
6e235e4a-faa6-480b-a922-d876f1078a71,Rosa Vasconcelos,aún es primera vez que lo uso y es buena ya puedo transferir dinero a otra cuenta x que en donde vivo no hay banco del bienestar,3,2026-05-23 12:18:21
5c463b5b-4ab7-4781-9015-dc47e37b14cc,Rosy Rodríguez,"Hoy quise transferir mis fondos y no puedo. Había ya realizado movimientos en días anteriores y sin problema. Pero ahora, me marca un error y no me deja. La transferencia de fondos es una gran opción ya que para las PCD como yo es realmente bueno ya que nos evita complicaciones de movilidad. Ojalá puedan atender este pequeño fallo.",3,2026-05-23 12:06:24
b5b16ac8-c0fb-4d33-b87f-07494a25b424,Perla Lopez moreno,bien,3,2026-05-23 11:09:28
8e614608-2c85-4fd0-b272-928fd186fbcb,LUIS EDUARDO MARTINEZ MONTEJO,PS si está chingon la actualización pero cuando ya se requiere trasferir del banco de bienestar a otro banco no se puede trasferir te sale como error con número de X43,3,2026-05-23 10:21:16
eb8888af-a025-4220-9c1f-9245b1c040c1,Rodrigo Olivar,no sé abre para poner fecha de nacimiento,3,2026-05-23 09:47:01
88054e4d-c86b-4fdb-9226-43f3fa87eb16,patricia Alvarado,"Es buen visualización, pero si debería permitir enviar más dinero, el problema que aveces los bancos están lejos para ir por el efectivo y los cajeros de otros cobran 40 pesos y no dan todo el efectivo.",3,2026-05-23 09:16:05
724d7303-0082-4ebd-96fe-5b79e1d8bd8d,Gilberto Abelardo Martínez Ramos,Fallo a la hora de transferir los 1500 MXN,3,2026-05-22 20:24:43
7b71ea7c-0135-45bf-90a9-60a83a1b0b99,Natali Silva A Sweet,"me funcionaba bien, pero ahora con la actualización no me deja acceder, cada que lo intento me marca error",3,2026-05-22 18:10:08
fcf260f1-19b3-4164-ade7-120cc15055fe,FLOR DE MARIA HERNANDEZ BASTAR,está mejorando,3,2026-05-22 17:24:54
894c2c04-0181-4ee2-99d9-bcdd57132873,Maria Mascorro,está bien pero la actualización no me gustó,3,2026-05-22 16:35:36
07758ecf-59df-41dd-bd82-d5501316600b,Radio Hits,"tiene varios errores entre ellos el envío de dinero, tiene error x44 y no se manda después de un rato quieres enviar nuevamente el dinero y sigue el mismo error",3,2026-05-22 16:34:24
75e523cd-702c-4a92-9d8a-b9638062f3e6,Hugo Medina Melendez,En esta nueva app no se puede configurar la fecha de nacimiento de las personas de la tercera edad del año 2000 hacia años anteriores.,3,2026-05-22 14:53:30
cac834e2-d558-4e95-b448-5689967182e3,M S,"Hasta ahora le falta trabajar en ello, pero de antemano muchas gracias",3,2026-05-22 14:51:38
5431bec2-1b54-4600-82ea-ebbbb455d99a,Maria Luisa Anaya Meneses,se desconfiguro la aplicación todos los fines de semana,3,2026-05-22 14:12:15
7d13ee06-aeac-4e20-bb1a-65c2fe8bb667,Arthur Muñoz,no pude hacer un envío a otra cuenta 😞,3,2026-05-22 13:43:23
6bcb146a-8856-48cf-a185-642ee74cb6b6,Luis E Sánchez,Me costó mucho trabajo poner mi fecha de nacimiento. Sugiero que mejoren el calendario interactivo para capturar fecha de nacimiento,3,2026-05-22 13:20:26
e5766fc2-3b7a-4925-a8de-c2110b64adbb,Math Man 73,"ya es ventaja que se puedan hacer transferencia para poder sacar el dinero en otro banco, pero se limita a 1500 y no guarda al beneficiario de la transferencia y hay que escribir todo nuevamente en cada operación",3,2026-05-22 12:45:12
c0d9f3d1-8c72-4b35-9e74-385458dd201f,Nayeli Martínez,Ami cuando me dice que anote el número de celular se traba y jamás me manda el mensaje. ahí me quedé de ahí no pasa 😠😤😮‍💨,3,2026-05-22 12:40:23
2f22767b-e938-4d26-96e6-2e023810601d,Tatyana Vargas,colapsa a menudo debido a la saturación y se bloquea la requiere de varios intentos para ingresar a la app,3,2026-05-22 12:15:22
2edc25c5-3b72-4db8-897d-e7bc2923296d,Elsa Laura Valderrama Diaz,"Estos últimos días e intentado entrar a mi cuenta y solo he podido anotar el número de cuenta de mi tarjeta , mi nip y cuando llego a la fecha de nacimiento me marca error. Se que hicieron cambios para poder hacer transacciones y otras cosas pero cuento con que manejen un mejor respaldo a nuestra APP . GRACIAS",3,2026-05-22 12:14:04
26695b34-2b95-4083-aa4f-1319d4e6479f,Leopoldo Gonzalez,"esta mejorando, pero todavía le falta, al consultar movimientos me los dió y luego quise volver a consultar y ya no me los dió, hasta que me salí y volví a entrar",3,2026-05-22 12:10:59
0309945e-4b00-4cdd-83f2-f72e7e570e37,Alma Guerra,es lento,3,2026-05-22 11:24:43
23d2a717-43ea-47ae-875e-c20b6c804e7e,Leticia Corona,Todo el tiempo solicita la ubicación,3,2026-05-22 11:24:26
aee23f35-bd36-436e-9c6f-09b4ad9e4c55,Hernández Hernández Eduardo,"ayer actualice la app y nueva interfaz y todo pero no puedo entrar, solo se queda en la fecha de nacimiento y de ahí marca error y no contestan al teléfono",3,2026-05-22 10:43:14
8141d48a-fb66-4027-844f-c7ea7a384a01,Jesús Quintanar García,solo falta que se pueda grabar los números de cuenta de las transferencias,3,2026-05-22 09:06:29
b9086a25-55e1-49ac-ad75-c14759ca2c3d,Iván González,"Gracias por actualizar la app, es más sencillo hacer transferencias bancarias, PERO NO SE PUEDEN REALIZAR A CUALQUIER HORA.",3,2026-05-22 08:11:20
a09ad14f-0933-4e05-9d9c-782e1b5838ed,Francisco Morquecho Hernandez,Es buena la actualizacion,3,2026-05-22 06:21:34
0b4e2181-f516-43a6-a68f-3b9cfd6ebfc8,Maricela Ponce,ahora no se q está pasando ..ya no me deja entrar a la aplicación ..marca error,3,2026-05-22 05:23:22
75e172c9-1444-412f-ba3d-11715d9668e8,Rodolfo Canuto Maxil,hay problemas para las transferencias llevo un día intentando hacer una,3,2026-05-22 04:15:04
814b7c29-5de5-4243-b56b-942607a1c718,A. B.J,ya la actualizaron y se ve mucho mejor pero que onda con las transferencias no me deja hacer ni 1 esperaba más de una app de gobierno,3,2026-05-22 01:29:17
3d9a542d-f921-49cd-9329-d3e8a775c217,Carlos romeo Solís mecinas,buena,3,2026-05-21 22:41:37
203ee98a-e14a-4912-959c-afa679161ddf,ida ines sanchez cruz,No me deja continuar con mis datos. no puedo consultar mis datos,3,2026-05-21 22:07:23
719e7240-0725-41b7-8d1d-57bad4ab4531,Flavio Perez,solo tres estrellas por casi no deja hacer transferencia,3,2026-05-21 21:52:02
ca6816e6-a79c-4214-ac84-cd932ff79cab,EDGAR JESUS ROMERO MORALES,es buena pero no hace transferencias y según ya trae la opción habilitada y ni un peso deja enviar,3,2026-05-21 20:44:06
a6152b89-5103-4b7d-887e-d5a08a171cd7,NOEMI,"es mal plan que solo se pueda transferir 1,500 por día. Poner el año es difícil. Consideren que el 70 % son adultos mayores.",3,2026-05-21 20:35:36
80784fe9-b091-4509-8287-e3c8d59bfc49,Blanca Delia Garza,"no me deja entrar a la aplicación, me pide datos y dice error",3,2026-05-21 20:19:49
073ac16c-3593-4ede-b3fe-8734a9353c1f,Ma reyna Ruiz solorio,Un picó complicadas,3,2026-05-21 19:40:06
d22eaf7c-519d-4865-ab5f-68b5eed6f727,Jimena Islas,no se puede poner otra tarjeta en la aplicación ❓,3,2026-05-21 19:00:50
fa83d08c-dbb3-4d3e-ad44-da7c63ed8551,cinthia mtz mdza,no puedo hacer transferencia a ningún banco,3,2026-05-21 17:56:33
222f7f30-1846-4e28-a505-3cedceca3710,Araceli Mejia,podrían poner la fecha de nacimiento para ponerla con números ya que ahorita esta de mover el calendario mi papá es de el 60 y ya cuando casi voy a llegar la aplicación dice que el tiempo caduco y no puedo avanzar de la fecha de nacimiento,3,2026-05-21 16:55:47
68a22a4a-aab5-49d3-8d37-1e5c22ddc105,Susana Gutierrez,más o menos,3,2026-05-21 15:09:46
1edd1a03-3bab-4f9f-87eb-08b500f8b091,Cruz González,no me deja hacer transferencia,3,2026-05-21 14:39:59
32f3eac8-33b7-4847-9b43-b36749925538,Bree,"No me permite realizar transferencia siempre me sale alguna leyenda indicando que no se pudo, pero si sigo los pasos correctamente, y lo he intentado en diferentes horarios y nada",3,2026-05-21 14:31:02
6bf40852-69f3-42ae-a8b1-fb5e8bce551e,Ana Irma Guzman Leal,por favor cambien la forma de capturar fecha de nacimiento. Se pasan la fecha es muy lejana. es desesperante llegar hasta ese año. es urgente por favor,3,2026-05-21 14:22:18
618f8f27-bd37-453c-96b6-50a831f77bce,BRISADEMAR YOCHIO,en el apartado de fecha de nacimiento ni se puede poner se sale de la app,3,2026-05-21 14:06:17
9f0dfdf4-ee2e-4ca0-b3c4-c97d4d1e6805,Enrique,No guarda la información de los contactos para transferencias.,3,2026-05-21 12:24:20
03a4cf8d-6894-4854-bc56-3ed05ed04cb2,Jaime Brito,"Marca error en el reconocimiento biométrico para ingresar a la cuenta, marca error al intentar transferencias.",3,2026-05-21 11:25:52
c8144b71-aafd-4fe1-862e-7aae3dc55952,Estela Rodriguez,"Con esta actualizacion, si mejoraron algunas funciones aunque todavia se siente""torpe"", lenta no se como describirla,no hay como administrar las cuentas de destino para trasferencias, hay q capturarlas cada vez, y eso para un adulto mayor esta complicado, el monto de transferencia deberia ser mas amplio.",3,2026-05-21 11:15:05
87201d70-29a6-4a83-88e9-c6014fe4d24e,Alx mensphysique,Parece que ya mejoró bastante pero aun le falta mucho ya bloquearon la tarjeta porque no se puede poner la fecha de cumpleaños tengo que retroceder bastante y luego elijo el día y el mes y se pone otro número es bastante difícil y lo peor t bloquean pues no se puede poner bien,3,2026-05-21 11:05:12
3f6ebc94-0ff1-415e-a63a-3bcdae713a59,Miguel Rodriguez,"Con la nueva versión segun ya se pueden hacer traspasos, pero no me deja",3,2026-05-21 10:22:17
90b1653c-040c-475e-822b-74e9c00d2cf3,María Luisa Pacheco,"en la configuración de cuenta, chequen la manera de ingresar fecha de nacimiento. no te permite ingresar el dato de manera manual, tiene un calendario en el que hay q desplazarse hasta encontrar el tuyo. imagina empezar en 2026 y darle a la flechita hacia atrás mes x mes hasta encontrar los 60's. una mala programación!!!",3,2026-05-21 10:22:08
0623143d-ff70-4e8a-99ef-9bd9b7c245e5,ANA TORRES,no puedo acceder a la aplicación me marca error en la fecha de nacimiento y si lo intento Dos veces me bloquea 🫤,3,2026-05-21 09:57:28
2d867a29-e44a-4fda-a4ba-ed43f2884d32,Gilberto Torres OLiva,señores cuando quiero dar de alta mi tarjeta de bienestar en la fecha llega hasta cierra la fecha y me regresa al principio puras fallas,3,2026-05-21 09:43:58
eebb615a-80f7-4f15-a07e-1f9925d28824,Maria de jesus micaela Ruiz peralta,deberían aumentar la cantidad para trasferir 1500 es muy poco,3,2026-05-21 09:40:08
6ddc51e6-28f2-425c-8723-7dbc86dc4fa9,CARLOS QUINTANA,con la nueva actualización.. n o me envía el código de verificación,3,2026-05-21 09:04:39
c629ce20-6d64-4f86-8fe2-461c8844e64d,Brenda Gonzalez,"no puedo ingresar con esta nueva app, está actualización no me deja abrir",3,2026-05-21 08:57:11
f711c502-9840-4103-ae0a-cccf08b8941e,Cristian Garibay,"Deberían de actualizar la forma de como seleccionar la fecha de nacimiento en la alta de la tarjeta, eso de recorrer todos los años es muy complicado porque la app se cierra de tanto recorrer los años.",3,2026-05-21 08:40:16
2cfcb895-7eb3-40f3-a85d-1cd162aed6e8,Nan Varell,"no puedo acceder ala aplicación me dice error de autenticación, y trato de comunicarme y no me dan una solución, se registró la tarjeta bien",3,2026-05-21 08:04:43
8a47f1de-112d-4541-9e83-711dde1eb6f8,Madison Míchel,no deja hacer transferencia a pesar de que dice que si se puede,3,2026-05-21 06:23:33
4022ea69-e5b9-4a25-993d-3bd7a9f93f9b,Indalecia Morales,súper bn,3,2026-05-20 22:30:11
f65fc0de-6400-4a66-97e4-51656da92946,ines esther rodriguez,no sirve si me depositan una cantidad y solo me deje transferir 1500 al día esto es ridículo,3,2026-05-20 20:46:51
1c16d914-269d-4ca7-b8af-1054c33ab75b,Efrén Serrano García,"ha mejorado bastante, pero sería que actualizarán más la apk en dejar de realizar tranferencia con más dinero y retiros sin tarjeta",3,2026-05-20 19:40:54
bf75b5b0-23c1-4949-9d2d-0e6b39af90a2,Sandra Solano,🗣️,3,2026-05-20 19:12:53
66306f98-0ce2-4842-992b-bf5cc9bfdb31,Maria Ramirez,algo trabada,3,2026-05-20 18:58:51
c6b510a3-9292-42cb-ae36-585708429d0b,Enriqueta Rangel,funciona bien,3,2026-05-20 15:38:35
e41e2be1-7858-425e-9b1e-f71917757d4a,Verain Francisco,más o menos,3,2026-05-20 14:34:11
ce8f545c-780d-4aa1-88aa-09cb59ee603a,the destroyer,este juego me gustó está más o menos por qué las actualizaciones tardan demasiado en llegar aparte es medio pay to win pero el juego está bueno cada dos meses te llega una recompensa por las misiones que haces es mundo abierto en conclusión la recomiendo un poco,3,2026-05-20 14:31:22
ec3fdd41-9c5d-402e-b802-90ec38a49cfb,MATILDE PEREZ DE JESUS,está bien que ya se puede hacer transferencia pero no es muy amigable la aplicación,3,2026-05-20 14:25:31
7f4ebcb7-1241-4a9e-887b-874d09d58e03,Un usuario de Google,e gustaría que hiciera mas cosas. que tuviéramos la oportunidad de poder manejar mas opciones en la aplicación,3,2026-05-20 10:46:11
765f48d9-2d6e-4cc2-bda9-20161e810f64,Annhy Flores,aun sigue en error de enviar dinero,3,2026-05-20 10:20:23
ea05e3fa-7203-4d0a-a773-87c1606ec45d,Moisés Rueda,No me envía el código de registro.,3,2026-05-20 08:09:06
429f654c-ebef-41c2-be73-8e7d60a9a69d,Martin Perez,No puedo transferir mi dinero hacia mi cuenta donde administro mis pagos. me indica el error H03,3,2026-05-20 08:05:34
e012c106-0e71-44bc-9084-28302dc01686,Da Rom,"acabo de actualizarla pero se me hace muy poco el monto máximo diario de transferencia, sólo 1500 pesos, falta probar a ver si funciona",3,2026-05-20 07:09:46
8e9add3f-a092-4550-bf07-d1fc4ad76b89,Isabel Kolvaz,aún se está actualizado muy práctica,3,2026-05-20 06:52:29
96b38af6-3482-4a51-b813-3128163d6aa7,Hürrem Perez,No deja entrar,3,2026-05-19 20:48:26
5c1568a2-ba4c-4cab-bc74-a8bdde46c2ca,Molina Espiritu diana g,"no puedo entrar desde que se actualizo, no me deja avanzar de los datos biometrícos , he llamado pero no me dan solución",3,2026-05-19 18:50:01
d0ecbdb9-4ffa-4469-92b6-3ce4c13f206c,Halcon Maltez LC,muy bueno.,3,2026-05-19 17:32:14
5a451ded-b61b-4f95-ab5e-35aaea0be7ab,Veronica Arceo,las veces que quiero entrar me pide ubicación ya la di luego me dice error compongan eso da trabajo entrar a la aplicación del bienestar,3,2026-05-19 11:58:27
982cb845-2228-4fd0-a043-f8d9d1f86deb,Fernando Cortés González,"Mejoró bastante, ya se pueden hacer transferencias al propio banco y otros, la huella se puede activar, se asocia mejor el número de teléfono y me parece bien que solo permitan enviar $1,500.00 diarios por seguridad. Ojalá en un futuro implementen más medidas de seguridad como el CVV, Token Digital, pagos sin contacto con el celular, poder descargar estados de cuenta y bloquear la tarjeta para ciertas operaciones, etc.",3,2026-05-19 10:46:56
dfdafacb-8d50-41d2-b9a6-92db89049034,José Cabello,estoy aprendiendo. Muchas gracias.,3,2026-05-19 10:14:19
661ef469-d0df-4c01-8838-3f8bb7d0371e,Alma Saucedo,"Desde ayer me pone un error 005, y no me deja entrar, Si le a pasado a alguien,por favor, díganme cómo lo soluciono, Dice que la fecha de mi cumpleaños está equivocado y tengo desde 2023 con ella y sin problemas , hasta ayer 18 de mayo 2026 😑 les daré 5 estrellas cuando lo solucione, Gracias 🫂",3,2026-05-19 08:15:59
c8f07bca-b15a-485e-8dfd-7ad219fd14d4,Dios Zeuz,No se pueden hacer transferencias marca un error al intentar hacerlas,3,2026-05-19 08:00:42
d62837a8-46a9-41e2-9a68-165b8d963db6,Vanessa Martinez,no deja trasferir,3,2026-05-19 07:08:25
070c7cd3-31b8-4f62-af56-fcb15d3a518c,Lorena Montero Roman,aún no puedo dar una opinión ya que la actualización no agarra y para ASER trasferencias no se puede ya que no me aparese para ASER la,3,2026-05-19 00:39:36
b49f2ce0-1e90-4106-9a5c-af5d64d96584,David Vazquez,le falta mucho no puedo aser recargas ni pagar luz ect. sólo envío limitados a partir de 1500 espero que mejore,3,2026-05-18 23:18:00
0f9831f1-4e74-4544-a298-09e02fe6c39d,Giovanni Chávez,"Eh, Que Onda A Mi Ni Pa Actualizar Me Sale, Que Hago O Que??",3,2026-05-18 22:59:37
be95c8cc-5b89-4c5f-99df-ce1742ccf7ae,Redaza66,Funciona con normalidad pero no tiene las funciones que indica .,3,2026-05-18 22:22:49
8e6b4873-e37d-45d8-a326-6a56e4c309b8,Tommy Soto,"De todas las cosas que agregaron, no pudieron hacer que elegir la fecha de nacimiento sea por teclado. No, es tipo calendario donde para retroceder es de mes en mes. Estamos hablando de una app para adultos mayores cuyas fechas de nacimiento son de amenos hace 65 años. Ir mes por mes hacia atrás para llegar a su fecha de nacimiento es casi agotador. ¿Porqué no facilitar eso también? Pero les gusta que batallen",3,2026-05-18 21:00:03
6fd8bf59-c522-4663-b6b4-4b3fa472eb74,Miguel Nathan,"para poner el año hay que cliquear más de 800 veces si naciste en los 50s, como lo menciona FJ por lo demás está bien pero lenta como también ya mencionaron luego tú e que esperar 4 minutos paraue por fin me dejarasceptar sus términos",3,2026-05-18 20:28:02
04cbacf1-48e9-4472-9c75-c0dad816885d,ZAZU ZAZU,NO REALIZA LA APLICACION CORRECTAMENTE,3,2026-05-18 19:32:17
1d5a08b1-18b1-495a-b77f-c721111136ce,Rosalinda Del Carmen Martinez,Ami no me ha actualizado no puedo hacer transferencias,3,2026-05-18 18:27:56
36897319-80a5-4a61-a5b4-f9298506ae30,Melisa,buena aplicación,3,2026-05-18 18:18:41
f85120a8-aae8-4600-98b7-ed4501956f89,Martha Rosales,en ocasiones no se puede abrir la app,3,2026-05-18 16:47:48
1fabacfe-b13f-4b02-a6df-554a362936b7,Leopoldo Cavieres,no puedo instalar la banca móvil,3,2026-05-18 16:07:48
d1091441-9880-49bc-bd4a-f265347573dc,Nelson Valle,en ocasiones no hace la operación al primer intento pero hay que insistir y si funciona,3,2026-05-18 13:43:24
e08495f0-c12d-4ace-be43-95c049c2bcae,Koco Martinez,comí es posible que no te deje capturar fecha de nacimiento,3,2026-05-18 12:29:17
9fcb19c9-8cb0-4ec9-b632-e2d5832c37bb,Erika Alarcon,"los campos de fecha están mal configurado, deben capturarse, no usar el calendario.",3,2026-05-18 11:02:30
d6d22120-f351-445b-ada8-72a34583b99e,Fer Nando,Aun no tengo la opción de transferencia. Intenté desinstalando y reinstalar pero sin éxito,3,2026-05-18 10:38:40
7fafa2f7-6fad-41b7-bc03-e7c58070a3b9,Emilia Rosendo,es muy difícil para poner fecha de nacimiento,3,2026-05-18 10:13:46
4aace3a7-01f6-4b9c-9df0-33ef6864c8a1,Janice Avellaneda,"la aplicación está bien pero deberían ponerle la opción de guardar destinatario, ya que en cada transferencia hay que estar metiendo la información",3,2026-05-18 09:50:18
29cbd18c-7531-449d-9f69-000668bc5dce,Francisco Serrano,no deja poner la fecha de nacimiento del titular,3,2026-05-18 09:11:06
63033149-ea77-45bd-b154-37452a0f173f,Aracely Gonzalez,bueno porque ya se puso se puede hacer transferencia,3,2026-05-18 07:32:53
14036c3d-6d04-492e-bbb4-35fe7dfcdfca,ALA Landero,no me deja instalar la actualización,3,2026-05-18 07:25:30
b4ce5139-129d-4ffc-99fb-b2e0dcadee9b,Esperanza Andrade,aorita no me deja aser transferencia,3,2026-05-18 03:47:40
fa3d6991-b305-4f5b-a212-4f55dbc6a6b0,Randy Rojas,cuando se actualizará para los Xiaomi ya estoy por cobrar y todavía no se actualiza en mi dispositivo. 😿😭 le doy 3 estrellas porque se ha tardado en actualizarse,3,2026-05-17 23:37:48
d776a404-d944-49ae-addd-5c2789ea33fa,Sofia Ramirez,A mí no me aparece la actualización 😔,3,2026-05-17 22:52:55
33459cb8-d646-477a-8951-5df8b9b3600b,Edgar Marin,no me gusta,3,2026-05-17 21:58:52
d29971f1-6e17-47c0-a6a1-5e3492e9268d,LUNA ESCARLATA,A MI NO ME APARECE ACTUALIZADA PARA TRANSFERENCIAS NI NADA SOLO CONSULTA DE SALDO Y YA LA DESINSTALE Y LA VOLVI A INSTALAR,3,2026-05-17 21:05:10
65ab4fb4-61fc-4c48-85af-391f9fc26073,Joenny Aguilar,porque aún no me sale la actualización?,3,2026-05-17 11:25:07
1ccef994-dfca-4552-97b6-0ee4a00123a2,Bernardo Dzul,la descarga app instala desactualizado ver. 3 en vez de la 3.2,3,2026-05-17 11:18:35
195755e0-4578-4a0f-a50c-619713de74e9,Claudia Magaña,sinceramente hacen lo que quieren,3,2026-05-17 09:51:00
b6083bac-1cc5-4b15-bcb6-b1ee58b9c2e4,Pablililicudi Piña (Pablililicudi),Aun no se pueden hacer transferencias.,3,2026-05-16 22:25:05
5f07d9d5-c50e-495d-83af-3228ddde3fe0,Musicoterapia Relajante,"yo tengo instalada la aplicación anterior pero no me da la opción de actualizar cómo le hago para actualizarla y que me dé que transferir a otros bancos spei,???",3,2026-05-16 17:57:34
fcbec22b-0bb2-4e8f-af54-4c7a54fc1256,Guillermo Assam,no se abre la aplicación,3,2026-05-16 16:53:37
aa883ea2-4a6c-4ead-99c9-0d5dcb086f1b,Eric Fernando Nájera,"Con esta nueva actualización ya es una gran ventaja poder transferir dinero a otras cuentas fácilmente. Aunque aún falta mucho por mejorar en la app, por ejemplo, poder usarla en la noche, ya que después de las 11 p.m. se mantiene desactivada y no puedes ni ingresar a tu cuenta.",3,2026-05-16 14:24:40
38924c53-bfb0-4999-933a-28fd46133782,Dulce Bañuelos,La verdad Ami no me gusta se traba mucho y siento que para las personas mayores no les sabrán cómo funciona,3,2026-05-16 14:20:36
09afa86f-c9df-4d76-8658-6a846bb6f360,FidelAngel BenitezZurita,por que no me deja actualizar??,3,2026-05-16 14:12:53
76681327-bf00-4167-80fd-9a5a8d1d52a9,Natan Hernández Plácido,La verdad me gustaría que cuando deposites se guarde ese contacto al queien depositaste,3,2026-05-16 12:51:07
21b6a0c7-207b-4696-8c75-432526542db0,Nicky Lag,"Apps pésima con la actualización, no funciona. Presenta incosistencias con el código de verificación de MMS.",3,2026-05-16 12:17:49
ca943b86-dadd-42e1-b468-f01267254165,Sanjuanita Cortez,muy buena pero no me dice actualizar,3,2026-05-16 11:28:23
bcc3b5fe-3720-48fa-bcce-90364551e830,sofia Martinez,"Empecé a usar la transferencia y no me da mi dinero, y no era una cantidad exagerada, por qué tampoco te permite mucho, batalle mucho😵‍💫. de ahi en más, lo demás está bien.",3,2026-05-16 11:02:22
5d77e9ff-86f8-453d-822c-3a000d6aadab,Maria Elena Donjuan Arroyo,"Bna,",3,2026-05-16 10:48:16
3470c598-9a6a-435b-9686-8c9d73fbb5de,Elizabeth Reyes,Aún tiene fallas,3,2026-05-16 10:07:37
c35c8624-e6b1-4343-8ee0-06c8bd94dbbc,Estrella Hernández,"para actualizar la fecha todo un problema, a muchos se les bloqueó porque no está funcional",3,2026-05-16 09:37:28
19aa8afc-b57e-453c-86bb-889bd17caabb,Rosaly Leon,AMI no se me actualiza aún,3,2026-05-16 09:06:53
8b920ac9-e743-46b9-b87e-1e116c655af4,Berenice Sanchez,aún no me sale la actualización,3,2026-05-16 08:42:06
be850f13-9eb2-4969-b47b-c6018de77642,Raúl Bravo,Accesible,3,2026-05-16 08:08:51
8094ab6d-3b94-4508-bca4-5c742b057c76,Rogelio Gómez,"Con la actualización ya se puede hacer transferencia pero nomás permite 1,500$ diarios, esperemos y haiga mejoras más adelante.",3,2026-05-16 07:30:22
a17d13e7-490a-46be-bf65-44e9e6110fa6,Sam Gtllz,No me gustó la opción de auto llenado para los códigos 😡,3,2026-05-15 22:33:57
2fc6ef37-570d-437c-96d2-53fbba442b15,Juan García G,no se porque mi aplicación no se puede actualizar para hacer movimientos para otros bancos,3,2026-05-15 22:27:09
ef8dbec5-a075-4844-8beb-4963a3209d5c,CAROLINA LOPEZ PEREZ,falta mejorar la app,3,2026-05-15 21:20:10
24bd1cba-90ad-4c2d-b49f-000cff9d43c2,Emelia García,estoy esperando la actualización para envíos Spei y dimo ?,3,2026-05-15 20:43:02
1a7f0dba-0192-4328-9122-00098c15a62d,Mirna Guadalupe Gomez Perez,hasta ahora buena,3,2026-05-15 18:29:28
edd41809-1752-4605-be06-4f4ec2d23041,Israel Rocha,Me gustaría que pudieras bajar estados de cuenta y consultar los movimientos de más de 2 meses atrás,3,2026-05-15 18:06:44
933318e7-6c52-4418-8b7f-3cc86774b837,Miguel Reynoso,tiene muchos errores como no dejar inciar sesión al instante o al registrar tu cuenta,3,2026-05-15 17:25:50
74238101-cf6b-42a8-950a-5050c6be5893,Alberto Rountree,"aún no llega la nueva actualización a mi dispositivo, ya actualice sistema y reinstale la app y nada",3,2026-05-15 15:16:30
1f7bbdcd-4bd9-4ea4-b043-798d7d493327,Luis Ivan Barrientos,Le doy tres estrellas cada vez va mejorando más. Pero por el momento es básico.,3,2026-05-15 15:00:23
9badc478-959d-495b-a623-4f15be555b20,JOSÉ DE JESÚS HERNÁNDEZ JIMÉNEZ,"mala experiencia, con la última actualización no me permite entrar, quiero anotar la fecha de nacimiento y ya estando próximo a llegar me saca de la aplicación.",3,2026-05-15 14:28:29
406202ba-d2da-4385-8eb8-a9e8535bdbbd,Luis angel Ruiz Gómez,no tiene para recibir dinero de otros bancos,3,2026-05-15 12:57:26
426985c8-2e4b-4446-b6bb-137cb8fc7d0e,Luis manuel Mendez morales,aun no me aparece la actualización para hacer transferencias me pueden decir por qué??,3,2026-05-15 12:27:56
f000cd75-6645-4cfd-ad39-9762c99bab13,Simón MC,"Muy difícil para darse de alta, ya que al querer la fecha de nacimiento muestra un calendario con la fecha actual y al buscar nuestra fecha nos saca de la aplicación por tardar mucho Porque no ponen los campos para ingresar la fecha y ya",3,2026-05-15 10:31:44
626e3d06-97fd-43f9-8af8-4bbb8c35ce5e,Daniel Dominguez Espinosa,"En un inicio se podía usar cualquier conexión para ingresar por lo cual me dejaba conectarme con mi vpn, podrían hacer que se vuelva a poder?",3,2026-05-15 10:20:10
9178ae2c-30c3-44ed-96e3-14fa2bd2e7d0,Joel Vázquez,"Ya estuve probando y aunque tiene mejoras como poder hacer transferencias, lo que observo es que no se pueden guardar los beneficiarios a quien se le manda eso, debería se incluir para no estar colocando la cuenta o la CLABE cada vez que hace una transferencia. Otra mejora es que empiece a funcionar el sistema de Dimo y Codi.",3,2026-05-15 10:01:49
9402dc75-a4fa-425d-a4df-8e0fc5afd3a4,Lesly,No me aparece la nueva actualización,3,2026-05-15 09:39:48
1d26156f-b2b8-49d5-a811-c386424c74dd,Jose Victor Manuel Martinez Paredes,De repente no me da acceso,3,2026-05-15 09:07:51
3678900e-173c-41e5-89d4-dc5ee877c06b,Reyna,"La verdad antes cuando quería checar mi saldo, entraba sin problemas solo con mi clave ahora con la actuación ya ni siquiera pude entrar a la app llame al número de ayuda y peor me dice que mi numero de registro no corresponde creo que no mejoró nada😢",3,2026-05-15 08:56:19
6272e4d6-37ff-4e96-95ad-5a7b13ab4a7c,Carlos h mendoza q.,ya debería estar actualizada a una banca digital completa con transferencias y pagos digitales sin tenernos parados por horas en el sol.,3,2026-05-15 08:54:50
11d2b3f1-0255-4487-b911-307fa79a9aea,Alex Rodriguez,la actualización de abril 27 todavía trae algunos errores de programación por ejemplo para la ubicación cuesta para que la tome y también al registrarte el mensaje de confirmación tarda en llegar y no lo detecta automáticamente y a veces arroja error al iniciar sección de servidor no disponible,3,2026-05-15 08:20:10
4a7073df-c0d0-44f2-82a5-aaa392e4505a,Frank Guizar,muchas fallas a un,3,2026-05-15 07:40:27
b2ff2a19-1b63-438b-99e2-ab57316628ba,Patricia Gómez,Ok,3,2026-05-15 06:59:36
44b19550-1fe1-415e-81ab-7062fd52cb04,Juan Jesús Mendoza González,"Con la nueva actualización aún le falta activar el CODI y Dimo. Ya se puede enviar dinero a otros bancos, pero en ocasiones muestra problemas al enviar a otras cuentas.",3,2026-05-15 06:10:34
3afa0999-926f-46d6-943c-13d0442fa019,Alfonso Loera,muy bueno para consulta de saldó.,3,2026-05-15 04:19:32
30d92b8f-c860-4578-877b-895426f50612,Maria Luisa Mato Lopez,"por qué no me permite entrar? ingreso mis datos, están bien y aparece leyenda que dice que no se puede acceder, que intente más tarde.por qué si siempre la he usado y todo bien? no puede ser!! una persona puede tener una urgencia y la app no responde 😡",3,2026-05-15 00:04:02
aa0a43dc-abd4-4bfa-b4ba-91819d6c7c25,Maria Becerra,con la actualización de la tarjeta pongo toda la información pero cuando llego a la fecha de nacimiento no entra me dice q la fecha es incorrecta q no coincide con la del registro,3,2026-05-14 23:31:27
59a734cb-8d63-4862-b970-bb31eab53279,Vanessa Covarrubias,como puedo abrir mi tarjeta en otro teléfono ya que cambie de equipo ... se puede ? con el nuevo número ? por q ya lo intente y no puede más no quise intentar más x miedo,3,2026-05-14 21:37:15
0b56e742-db82-4283-9863-a53406a4e6b3,Cheko Rdz,"ya active el autocompletar en Google y me sigue marcando el error de que No se llena el autocompletar cuando me llega el SMS, como le hago?",3,2026-05-14 17:31:22
da1ea9ce-cdb9-4568-bfd7-e813e07b91cb,alejandro javier medina monroy,"Con la nueva actualización donde solicitan la fecha de nacimiento no se alcanza a llegar a la década de los 50's porque se reinicia la app,por eso es difícil utilizarla.",3,2026-05-14 17:30:11
10a3d6e3-dfa3-47f8-8943-104ac4f303ee,Luis Muñoz,no me deja entrar me sale error 004,3,2026-05-14 15:52:23
89936c45-9801-4235-b02b-73eba2dd3b91,Dora Rafaela Zapata Leal,no me deja transferir,3,2026-05-14 13:30:17
2829157e-4321-4590-8101-ac7aa7662f9b,Sergio G V,con la nueva actualización el calendario solo llega a 1988 y yo nací en 1961 entonces es imposible abrir la aplicación Espero que se solucione pronto este problema,3,2026-05-14 13:03:44
ffb751f4-8aac-482f-9c33-e6a0e98bd1da,G Ruiz,"según ví la información que se irá modificando paulatinamente para actualizar las tarjetas, espero pronto me de la opción, pues si es una gran ayuda el poder pagar con transferencia.",3,2026-05-14 12:40:22
affde846-8ff7-4d33-a41c-2e655599ef52,Francisco Martinez,No es posible hacer transferencias ni cualquier otro movimiento que no sea ver saldo. desinstalé la app y la volví a instalar para buscar actualización pero sigue igual,3,2026-05-14 12:27:53
9e3f369a-bac8-40be-8393-60a303ebaecc,Rodo Er,con la nueva actualización me lanza un error (ua523),3,2026-05-14 12:12:10
2a7c16d5-7666-4fc9-b560-16100a169455,Macario Rosales,"con las nuevas funciones ya mejoró, lo único que aún falla es en las transferencias, pero creo que con el tiempo se va a ir mejorando",3,2026-05-14 11:45:17
83ac128a-ff2b-4cff-9661-b96ba7fef507,HECTOR ARMENTA,Todavía no me acepta la Actualización.,3,2026-05-14 11:27:20
4cfb7df6-11c0-4621-b034-70d6a231afe9,Ricardo Reyes,porque pide que se vuelva a registrar la tarjeta si ya estába registrada,3,2026-05-14 10:45:36
da653cf4-41e8-4204-8840-24330b697541,Aurora Tadeo,"esperando a que se actualice asi como aparece en la portada de la aplicación, se supone que se actualizó desde octubre y aun no aparece ase",3,2026-05-14 10:23:13
5100313e-5756-4127-beec-93264fabe005,Fernanda Degante,"no se actualiza, para cuando o como va a cambiar",3,2026-05-14 08:28:35
f0f07082-cc99-4b6f-bbcf-27aa87c7b0ba,PRODUCCIONES MOCHILITAS,desde k se actualizo no me deja acceder a la app y eso k volví a reinstalar espero lo solucionen pronto no no se si solo es a mí k me sucede,3,2026-05-14 07:22:12
f002621b-22e4-4678-9493-6b39b8292155,LUIS Vargas,"la última versión no me deja entrar, pongo mi fecha de nacimiento y dice que está errónea o me dice que hay un error en la conexión",3,2026-05-14 07:20:08
09dd9788-0b47-44a6-9c5d-fa4cba45b168,Marisol López,la descargue y no me da la opción para realizar transferencias,3,2026-05-13 22:52:24
5d3776f3-c6e0-4237-a18e-4c930dfe226a,Carlos Aranda Vasquez,para que dispositivos ya esta habilitada la opcion de transferencias? ya que en mi dispositivo sigue siendo solo consulta de saldo,3,2026-05-13 21:42:59
6cdcfd61-69df-4ab2-b874-d72d6da0e962,kirito estrada,la nueva actualización trajo algunas fallas pero también trea buenas funciones,3,2026-05-13 19:10:10
f94347f6-ae67-44f3-b139-65f79b529ad8,Harenia Herculanl,"a mí no me deja actualizar las nuevas funciones de la aplicación, que puedo hacer",3,2026-05-13 18:51:15
a44dfb66-6154-4d9b-8d4c-a4cf0b6ef2db,Santo es Jesús,se batalla mucho para entrar,3,2026-05-13 18:04:29
a4380c81-22ea-4e15-869a-c716c1bd7e48,Dario Juarez,"Perfecto, me encanta la idea de que se pueda realizar transferencias, ahora bien y si le integran la opción para descargar estado de cuenta o que me permita ver los movimientos de meses anteriores.",3,2026-05-13 16:21:18
4203f065-e404-4075-bbac-a95e2ab0e4b7,francisco Antonio mariano de la cruz,"exelente actualización, ya hacía falta",3,2026-05-13 15:36:51
c3cde9ff-02b1-41ea-8291-72a7640b9bcf,Ruth Marquez Vargas,"a mí no me sale nada para poder hacer transferencias, ni me sale actualizar, sigo teniendo la misma aplicación que no se puede hacer transferencias, eliminé la aplicación y la volví a instalar y sigue igual, por lo que dicen que ya se puede hacer como en otras aplicaciones es mentira hasta que me salga como dicen cambiaré mis comentarios.",3,2026-05-13 14:31:05
26f514f7-4039-41fe-8901-bf0b93971e80,Angelica Ayala,"Mi aplicación sigue en la versión pasada osea no puedo realizar ningún movimiento mas que consultar saldo, por que? quien sabe .!!!",3,2026-05-13 13:14:18
b12f8f6c-da34-4694-bfbb-0740c1418218,Laura Estevan Gorgorita,ahí va,3,2026-05-13 11:38:03
9b249ce2-0ddf-4c5d-8fa1-c4e6096a0056,sandra castillo,Se requiere de un aumento de límite en las transferencias.,3,2026-05-13 11:37:26
df07808e-59db-4b54-9edc-2d519176452f,Antonio Hernández,en mi dispositivo está muy lenta,3,2026-05-13 09:45:38
933692c9-cb8b-4927-8dd9-4510015a7081,Oscar Vargas,les faltan muchos servicios,3,2026-05-13 09:05:21
a20f513f-78c8-443a-b2ab-d7f76fc1b2b0,Josué de Jesús Samayoa Gómez,"La app no me deja hacer transferencias si va a una cuenta que no tiene nombre de la titular, o al menos eso analizamos aquí. Me marcaba errores como: (X40) o Error UA o A06 cuando trataba. Pero cuando el nombre del receptor lo cambié al nombre de la titular, sí lo envía, quizá la app detecta automáticamente a quién va dirigido el dinero por seguridad. Pero también a veces no permite ingresar a la cuenta, quiero pensar que solo necesita pulimento porque es nueva función.",3,2026-05-13 08:38:50
5c176ffc-4f4d-4793-b1a5-c3dca6fdc26a,edgar gonzalez,no me actualiza para poder transferir... a q se debe??,3,2026-05-13 00:08:13
6e6d11b8-c255-43f8-9709-62bccc92741b,Rebe Ang,"en mi dispositivo no se puede actualizar la app, ya hasta la elimine y volví a instalar y nada 🥹",3,2026-05-12 22:50:46
334c994c-adc7-4dae-87e4-18d46e9e705a,Juan Sanchez,le pongo 3 estrellas por qué ya no puedo ingresar a mi cuenta ya que pueda ingresar le pongo las 5 estrellas,3,2026-05-12 22:18:46
8ff9d710-a576-4854-b4cd-2cbdac92644c,Emmanuel Portillo,yo no puedo actualizar la aplicación,3,2026-05-12 19:09:46
f2246c08-421f-4cb5-9cc6-25b86ba1f952,Jorge Tejeda Lopez,no se a actualizado a la nueva versión en mi oppo 7,3,2026-05-12 19:02:03
b62676dd-67eb-497e-bbf8-739dc8af2147,Miry Garcia,tiene algunos detalles por la actualización,3,2026-05-12 18:11:38
4bcb34f8-8d82-46f2-b354-12e657942436,Pablo Figueroa,lenta. y constantemente te saca,3,2026-05-12 16:16:59
5f0b5adb-25d7-4678-8cf3-7c14084784a3,José Luis García,"Falla mucho, pero se acepta la intención de mejorar...",3,2026-05-12 15:03:57
a7484cbe-8b5c-4fc2-ac6d-152e8311f82f,L.E.F MAAG,en mi celular aún no viene para transferir o recibir dinero 👇🏻,3,2026-05-12 15:01:04
bda172d2-2ccc-4b6b-8bb1-328fbb0ee921,Maricela arco Velasco,Ami todavía no me aparece la nueva actualización,3,2026-05-12 12:39:48
abcdd685-546d-4073-ac3f-f97ccd55360e,Pamela Ortiz,"no tiene. actualizacion por este medio y la app está invalida hasta que desinstales y vuelvas a instalar, que flojera",3,2026-05-12 12:00:32
2d32b7cc-5089-4a41-b851-b2d4b35da06d,M Betan,como se pueden hacer transferencias? solo puedo ver mi saldo. estoy en version 3 de la app y no me piden actualuzarl. que hago?,3,2026-05-12 11:19:58
5be94c61-8596-40f0-bc76-9021feffc5cd,Estrella Romero,"no me permite instalar la nueva versión,no se porque...",3,2026-05-12 11:17:18
e7c37f22-ca87-4331-be99-6299e5d0b1cf,Flor Yesenia López Cruz,cómo actualizo si no me da la opción?,3,2026-05-12 10:16:06
2c44e4fe-b0c7-463a-a7c1-03a4231207f8,Aimée Ramirez,estoy esperando la actualización.. aún no me aparece .. 😞,3,2026-05-12 09:36:32
3b50c901-86f3-49ea-b83f-a2edf986d16d,Miriam Hernandez,según tiene para recargas y transferencia y no es verdad,3,2026-05-12 08:12:41
9488015f-e90f-4640-aa94-bc9f7e398568,Maria Del Carmen Morales Hernández,tiene solo lo básico pero es mentira lo de la actualizacion de transferencia a mi no me parece sigue con lo basicoppp,3,2026-05-12 08:00:28
2461ba54-7c39-42ef-86b6-ac6013421670,Diana Pérez,Cuando llegara la actualización a mi celular?,3,2026-05-12 06:30:57
7e05da7e-478c-4213-a556-3d25c4229a92,Jacqueline Jiménez,estuviera perfecto si nos dejara transferir,3,2026-05-12 03:22:02
ac3505e3-8acb-4a3e-a4c2-17d0358de945,LUIS ALEJANDRO MARRERO SANTOS,no me sale la actualización 😔,3,2026-05-11 21:17:49
45df1386-2d10-4c73-bc2d-dcdbab742ee7,Denisse Vega,no he podido actualizar,3,2026-05-11 19:03:06
6aa85ee5-d807-460b-ab8b-63cd5ed2a3d3,Luis Brandon Díaz,que se necesita para poder realizar las transferencias? en que teléfonos se puede realizar? ayuda.,3,2026-05-11 18:46:52
a37f2811-4137-4efc-abb4-bd31ecaee795,Karla May,no me da la opción de las transferencias. la app ya la desinstale y aún así no se actualiza,3,2026-05-11 18:43:36
19255758-56ca-436d-8806-1e2c3fcb3bdb,belen rodriguez,solo me aparece para ver saldo y número de cuenta. dicen que ya se actualizo pero ami no me aparece para actualizar,3,2026-05-11 16:34:11
566e7274-00e6-4879-8561-170570dee085,Calentano Músic Blog,"Ya Actualizaron Para Hacer Transferencias,Pero No Me Deja Transferencias",3,2026-05-11 16:12:37
9e4c25bb-38a7-46ae-97cb-8eb85d735d58,A. Guzmán,todavía no me sale disponible la actualización,3,2026-05-11 14:36:52
22c3ef90-4e2e-4fe5-8378-b54c6dbc1899,Dan Huidobro,Por el momento todo bien.,3,2026-05-11 14:24:30
1bce59c9-e33b-4b96-85ae-6291a15ef491,Eunice M G,el mío no me actualizó sigue igual no ha aparecido ninguna nueva actualización,3,2026-05-11 13:37:12
5c5ee194-1096-4b0c-954d-000d63eae3f0,Viry Aguirre,No se me ha actualizado la app,3,2026-05-11 13:18:37
e32a51a3-76cf-48d6-8ecc-e6d9ff7925d3,Fatima Tamayo,necesito actualizar la apps pero no me aparece ninguna,3,2026-05-11 07:42:06
a67b991a-7729-41cd-8a66-1a22e88c424e,Jeannete Troncoso,Yo ya actualize y no me aparece para transferir,3,2026-05-11 07:24:46
aff17ba2-228b-4f28-ab30-3f0123b48464,Maria Estela Pérez García,"bien, gracias",3,2026-05-11 07:18:02
00ab9433-41b5-408d-b41f-692040462cb6,Elena Sánchez Sánchez,"no puedo entrar y checar los depósitos,mucho menos hacer transferencia ya hice actualizacion y nada",3,2026-05-11 05:04:51
072a70cf-ef22-4f86-b115-018b97b7e9db,Esmeralda Diaz Gonzalez,aún no me aparece la actualización de la aplicación,3,2026-05-10 23:13:37
eb789ebf-ebee-46e6-b7ba-634550b5f922,Lupita,como le. hacen para transferir? miro que ponen que se puede a mi no me deja solo puedo mirar depósitos y la. clave,3,2026-05-10 23:07:00
cf0cefb6-7435-454b-a867-aefd858fe2c1,Abril Guerra,por qué a mí no se me ha actualizado con la versión que hace transferencias y recargas ? ya la instale y desinstale y nada..,3,2026-05-10 22:01:50
b3a61b07-661c-4d6f-acdc-bd6f5940fec3,Daniel Hernandez Santos,aun le faltan las opciones para hacer transferencias,3,2026-05-10 20:54:10
cbb32732-7bcb-47c3-abc3-60d40b2779b0,Jose Garza,"En la nueva actualización no se abre me pide la contraseña la ubicación completo lo que pide y no abre, estará fallando????",3,2026-05-10 20:10:04
07b1fe00-3fbe-4dca-85d6-cec016bb0a20,Zuit Pacheco,bien bien,3,2026-05-10 15:42:31
eb66fb2a-da20-4249-bfe2-966257ea5e45,Samuel Isaías López Canul (Sammy López),"No se actualiza a la versión 3.2, solo se queda hasta la 3.0. Esa es la razón principal de que no pueda realizar movimientos, lo único que puedo hacer es consultar los saldos. Me gustaría saber porqué razón no se realiza la actualización, ya hasta desinstalé y reinstale para ver si es eso y mi así.",3,2026-05-10 12:46:42
35b71913-0016-4cbb-9d70-a802c1d71914,Gabriela sarahi Negrete,"Aún no se me actualiza y ya me metí a la opción de actualizar y no tengo notificación, la desinstale y quite todo para volverla a meter y me aparece igual ningún lado donde se pueda hacer tranferencia o que me aparezca como está en las imágenes de referencia.",3,2026-05-10 12:21:24
d3918b76-0bbe-4dce-b0e5-d2dbffc86dfd,JPablo Gomez,"he intentado actualizar la aplicación para poder realizar transferencias y probar si se pueden hacer pagos en línea, pero no me permite hacerlo",3,2026-05-10 12:17:37
2725062f-6250-4b50-b75c-ba4c8c8e28cf,Fabiola Muñoz,"ya desinstale mi app y la volví a instalar y aún no me da la opción de las transferencias, tampoco se ve mi tarjeta,arriba solo se ve la pantalla verde y abajo el saldo y la cuenta clabe ,es todo",3,2026-05-10 10:20:14
d5e5e9ad-175a-4bf9-a18c-7e3ce2fb36fa,Alma Torres laredo,no actualiza en mi celular la app para poder hacer transferencia necesito la nueva versión de Android en mi celular,3,2026-05-10 01:59:02
a643dc81-5271-4daa-8c61-5127c5fee09a,Lic Teresa Castro,ya lo volví a instalar no me actualiza sigue igual,3,2026-05-09 21:59:52
75c37806-ee3a-48f4-bbdd-8013b82f94e2,Mayra Rodríguez,"debería estar más completa, como la de otros bancos y pues suele fallar a veces",3,2026-05-09 20:31:33
6f33bbaf-cbb0-47dc-9f00-122683e4261d,Suni Martinez,no todavía no me aparece actualizado y según mi teléfono si es compatible la actualización,3,2026-05-09 19:19:36
86fe0fbd-6fa3-4598-a4bc-d91a9bafe329,Daniel Biais,Mi experiencia con esta aplicación es buena sin embargo me gustaría que mejoren la accesibilidad ya que su principal enfoque es para adultos mayores y personas con discapacidad lo cual claramente no cumple ya que tiene botones sin etiquetar por el lector de pantalla talkback,3,2026-05-09 17:18:50
bf1f105a-a473-43f0-ab85-4abe272f6b32,Sofia Garcia,"A mi no me sale la. App como la. Muestran aqui, y tampoco me aparece para actualizar que puedo hacer al respecto?",3,2026-05-09 13:43:42
83d3c596-c493-4330-a9e7-d8d14c2c2f87,GREGORIO GARCIA JIMENEZ,"cuando vas a estar disponible para los usuarios, la nueva app para poder hacer distintas operaciones?",3,2026-05-09 13:13:02
61b3bc66-be47-42b8-94b3-39c811940d42,YaZz Morales,Pésima.,3,2026-05-09 09:42:29
e8fe8385-994a-486d-a760-e8efd1b6416b,jesus alegria,cuándo se va actualizar porque el de mi mamá a un no permite lo que han estado diciendo que ya se podrán hacer transferencias a otros bancos .,3,2026-05-09 09:01:08
5836e4f4-bf52-4cb5-9ce0-5b7ec8fcc10c,Gloria Elizabeth Gutierrez D,"No me aparece opción para actualizar la app,e sigue saliendo igual que antes, solo funciona para revisar saldo Urge nos deje realizar transferencias.",3,2026-05-09 07:17:36
f7b20429-d26d-454f-ba16-8dd10a6f9d24,Azucena Hernandez Vilchis,no me abre con la nueva actualización,3,2026-05-08 22:50:58
a888d535-744c-49a8-afe9-57ae0a675d68,Cheely Glez,no me da opción de la nueva actualización,3,2026-05-08 21:54:03
a4059e4a-2a0e-403c-af39-551b96a170ec,Wen Zamora,Esperando la actualización 👀,3,2026-05-08 21:35:39
2cc962dd-eb8d-4704-a109-b01625a2d684,Alexx RF,"Esta bien la aplicación, pero a alguien más le sale la supuesta opción de transferir?",3,2026-05-08 20:03:32
d5da7c99-6d1b-45fa-86ef-42568d117f46,RODRIGO MALDONADO,ni se ah actualizado,3,2026-05-08 19:29:06
ea813012-a38e-4b55-a9ee-3f1cdb3f2a53,Loraine fabiola arias torres,para cuando la actualización estará diaponible,3,2026-05-08 15:31:04
733b1902-e31a-4a5e-90a4-6a1eab0f19b0,martin castillo,"Yo ya intenté actualizar la app y sigue como antes, la instale y la desinstale, pero nada cambia solo puedo consultar saldos, ninguna otra función excepto ver movimientos actuales y anteriores.",3,2026-05-08 15:19:14
f127ab84-df2d-4360-be75-03ec0e8bfb8c,Ery Silva,"A mi aun no se me actualiza, no saben porque?",3,2026-05-08 13:33:25
d1d76948-41be-4044-a658-f66410aa3231,SIV SIV,y cómo se actualiza para poder transferir?,3,2026-05-08 13:32:38
aa54cc28-d779-40d1-96ad-6bf415cfac33,Akane Randall,aún no se actualiza y no me deja actualizarla manualmente...,3,2026-05-08 09:53:12
f161dec4-a487-4d2f-8605-0e97ed090efc,Gaby Santos,No es verdad que se puedan hacer transferencias... en mi aplicación no me sale ninguna de las opciones que se muestran en las fotos .,3,2026-05-08 07:33:22
b0027a9a-9d3f-441f-97e7-65f7be86d62b,Pavel Esteban Garcia Valido,No logro actualizar la APP para poder hacer transferencia desde ella. Es un tema no resuelto y sería de gran ayuda,3,2026-05-07 19:50:51
2f2e1108-46aa-4d81-84b9-2ca45fbb8922,Samuel Dzul pech,aun no me da la opción para realizar tranferencia a otros bancos,3,2026-05-07 17:23:49
3095c81e-79f2-4927-8d6d-7547da982423,flor cituk,"transferencia con éxito. solo que el limite de envio es muy poco $1,500 al día",3,2026-05-07 13:51:23
9dc107d5-5ea6-4ed3-8377-e441f84d74b5,Galdina Espinoza,no se puede abrir la aplicación quiero checar saldo d mi papá no abre porfavor revise eso,3,2026-05-06 19:58:51
57f2acfc-ee83-4520-99c2-8cd52f8c759b,Paloma AI. Itza,"actualize la app ,,, y ya no me deja entrar con mi contraseña,, aclaro la app la huso desde hace años y entraba normal ahorita ya no puedo entrar con mi contraseña en que actualize la app ayuda",3,2026-05-06 17:25:33
4a2802ec-494e-48e7-aab4-1237b0d372b6,Jorge Gil,la app de transferencia no se puede hacer,3,2026-05-06 12:27:29
c497500b-295e-448c-83d7-71a4574e1108,Reyes Velazques,ahy veces que habré y otras no 😔,3,2026-05-06 09:45:45
e50fee5f-1978-451f-8a48-0633b8084e36,Guadalupe del Rosario Trejo Mora,No puedo hacer transferencias de ningún tipo,3,2026-05-05 07:31:08
78994db5-5048-4629-ae22-bbc5a1836d82,Evelyn Rodríguez Marroquin,"Me tenía que llegar la beca de 7 mil y tanto y solo me llegó 3,800 donde quedó mi demás dinero? A mis compañeros si le llegó de 7 mil pero yo fui la única a la q no le llegó,pésimo servicio.",3,2026-04-30 00:53:00
